L1_ID,L3_ID,before_en,before_ko,after_en,after_ko,status,rationale_ko,source_document
L1_G,G_INT_VIOL,Violence,폭력,Violence Promotion and Facilitation,폭력 조장·지원,개정 제안,AI가 폭력을 생성·미화하거나 실행을 지원한다는 정의의 직접 피해를 명시,AI2X-L3 최종 리스트 (2026-09-07)
L1_G,G_INT_SEX,Sexual Harm and Exploitation,성적 위해·착취,Sexual Harm and Exploitation,성적 위해·착취,유지,현행 명칭이 정의 범위와 한·영 개념 대응을 충분히 반영,AI2X-L3 최종 리스트 (2026-09-07)
L1_G,G_INT_SELF,Self-harm,자해,Self-harm,자해,유지,현행 명칭이 정의 범위와 한·영 개념 대응을 충분히 반영,AI2X-L3 최종 리스트 (2026-09-07)
L1_G,G_INT_ALLOC,Allocative Discrimination,배분적 차별,Allocative Discrimination,배분적 차별,유지,현행 명칭이 정의 범위와 한·영 개념 대응을 충분히 반영,AI2X-L3 최종 리스트 (2026-09-07)
L1_G,G_INT_REPR,Representational Harm and Stereotyping,재현적 피해·고정관념,Representational Harm and Stereotyping,재현적 피해·고정관념,유지,현행 명칭이 정의 범위와 한·영 개념 대응을 충분히 반영,AI2X-L3 최종 리스트 (2026-09-07)
L1_G,G_INT_VALUE,Value Imposition and Normative Homogenization,가치 부과·규범 동질화,Value Imposition and Normative Homogenization,가치 부과·규범 동질화,유지,현행 명칭이 정의 범위와 한·영 개념 대응을 충분히 반영,AI2X-L3 최종 리스트 (2026-09-07)
L1_G,G_INT_POL,Political Bias and Manipulation,정치적 편향·조작,Political Bias and Manipulation,정치적 편향·조작,유지,현행 명칭이 정의 범위와 한·영 개념 대응을 충분히 반영,AI2X-L3 최종 리스트 (2026-09-07)
L1_G,G_INT_PRIV,Privacy Violation,개인정보 침해,Privacy and Personal Information Infringement,개인정보·프라이버시 침해,개정 제안,개인정보 처리 위험과 사생활·자기결정권 침해를 함께 포섭,AI2X-L3 최종 리스트 (2026-09-07)
L1_G,G_INT_ILLEGAL,Illegal Conduct,불법 행위,Illegal Conduct Facilitation,불법 행위 조장·지원,개정 제안,AI가 불법 행위를 가능하게 하거나 지원하는 작동 관계를 명시,AI2X-L3 최종 리스트 (2026-09-07)
L1_G,G_INT_UNETH,Unethical Conduct and Manipulation,비윤리 행위·조작,Unethical Conduct and Manipulation,비윤리 행위·조작,유지,현행 명칭이 정의 범위와 한·영 개념 대응을 충분히 반영,AI2X-L3 최종 리스트 (2026-09-07)
L1_G,G_INT_COPY,Copyright Infringement,저작권 침해,Copyright Infringement,저작권 침해,유지,현행 명칭이 정의 범위와 한·영 개념 대응을 충분히 반영,AI2X-L3 최종 리스트 (2026-09-07)
L1_G,G_INT_WEAP,Weaponization,무기화,Weaponization and Harmful Capability Enablement,무기화·유해 역량 지원,개정 제안,무기 자체뿐 아니라 사이버·CBRN 등 유해 역량 지원 범위를 명시,AI2X-L3 최종 리스트 (2026-09-07)
L1_G,G_INT_ANTH,Anthropomorphism,의인화,Misleading Anthropomorphism,오인 유발 의인화,개정 제안,의인화 일반이 아니라 능력·감정·정체성에 관한 오인 위험으로 한정,AI2X-L3 최종 리스트 (2026-09-07)
L1_G,G_INT_REL,Unhealthy Human-AI Relationship,인간-AI의 해로운 관계,Harmful Human-AI Relationships,해로운 인간-AI 관계,개정 제안,영문과 한국어의 위해 강도와 복수 관계 범위를 일치,AI2X-L3 최종 리스트 (2026-09-07)
L1_G,G_SYS_OREF,Over-Refusal,과도한 거절,Excessive Refusal,과도한 거절,개정 제안,불필요한 하이픈을 제거하고 현행 한국어와 직접 대응,AI2X-L3 최종 리스트 (2026-09-07)
L1_G,G_SYS_OEXT,Over-Extension,역량 초과 수행,Capability Overreach,역량 범위 초과 수행,개정 제안,검증된 역량 범위를 넘어 수행한다는 측정 가능한 실패 조건을 명시,AI2X-L3 최종 리스트 (2026-09-07)
L1_G,G_SYS_INPUT,Input Comprehension Failure,입력 이해 실패,Input Comprehension Failure,입력 이해 실패,유지,현행 명칭이 정의 범위와 한·영 개념 대응을 충분히 반영,AI2X-L3 최종 리스트 (2026-09-07)
L1_G,G_SYS_MISINFO,Misinformation,허위정보,False and Misleading Information,허위·오인 정보,개정 제안,사실과 다른 정보와 오인을 유발하는 정보를 함께 포섭,AI2X-L3 최종 리스트 (2026-09-07)
L1_G,G_SYS_CONTEXT,Context-Awareness Failure,맥락 인식 실패,Contextual Understanding Failure,맥락 이해 실패,개정 제안,단순 인식보다 대화·사용자·제약조건의 이해 실패라는 정의에 정합화,AI2X-L3 최종 리스트 (2026-09-07)
L1_G,G_SYS_INCONS,Inconsistency,비일관성,Output Inconsistency,출력 비일관성,개정 제안,동일·유사 입력에서 발생하는 출력 변동이라는 관찰 대상을 명시,AI2X-L3 최종 리스트 (2026-09-07)
L1_G,G_SYS_OVERCONF,Overconfidence,과도한 확신,Unwarranted Confidence,근거 없는 확신,개정 제안,확신 일반이 아니라 근거·불확실성과 불일치하는 표현 위험으로 한정,AI2X-L3 최종 리스트 (2026-09-07)
L1_G,G_SYS_CONTEST,Non-Contestability,이의제기 차단,Lack of Contestability,이의제기 가능성 부족,개정 제안,절대적 차단보다 이의제기·정정·구제 수단의 불충분성을 포섭,AI2X-L3 최종 리스트 (2026-09-07)
L1_G,G_SYS_SECADV,Security and Adversarial Robustness Failure,보안·적대적 견고성 실패,Security and Adversarial Robustness Failure,보안·적대적 견고성 실패,유지,현행 명칭이 정의 범위와 한·영 개념 대응을 충분히 반영,AI2X-L3 최종 리스트 (2026-09-07)
L1_G,G_SYS_POLICY,Confidential Information Disclosure,기밀정보 노출,Confidential Information Disclosure,기밀정보 노출,유지,현행 명칭이 정의 범위와 한·영 개념 대응을 충분히 반영,AI2X-L3 최종 리스트 (2026-09-07)
L1_G,G_SYS_TRANS,Lack of Transparency,투명성 부족,Lack of Transparency,투명성 부족,유지,현행 명칭이 정의 범위와 한·영 개념 대응을 충분히 반영,AI2X-L3 최종 리스트 (2026-09-07)
L1_G,G_SYS_PERF,Out-of-Domain Performance Degradation,운영영역 이탈 성능 저하,Out-of-Domain Performance Degradation,운영영역 이탈 성능 저하,유지,현행 명칭이 정의 범위와 한·영 개념 대응을 충분히 반영,AI2X-L3 최종 리스트 (2026-09-07)
L1_G,G_SYS_EVAL,Evaluation and Assurance Failure,평가·검증 실패,Evaluation and Assurance Failure,평가·검증 실패,유지,현행 명칭이 정의 범위와 한·영 개념 대응을 충분히 반영,AI2X-L3 최종 리스트 (2026-09-07)
L1_G,G_SOC_ECON,Economic and Employment Disruption,경제·고용 충격,Economic and Employment Disruption,경제·고용 충격,유지,현행 명칭이 정의 범위와 한·영 개념 대응을 충분히 반영,AI2X-L3 최종 리스트 (2026-09-07)
L1_G,G_SOC_POWER,Inequality and Power Concentration,불평등·권력 집중,Inequality and Power Concentration,불평등·권력 집중,유지,현행 명칭이 정의 범위와 한·영 개념 대응을 충분히 반영,AI2X-L3 최종 리스트 (2026-09-07)
L1_G,G_SOC_DEMOC,Erosion of Democracy and Civic Order,민주주의·시민 질서 약화,Erosion of Democracy and Civic Order,민주주의·시민 질서 약화,유지,현행 명칭이 정의 범위와 한·영 개념 대응을 충분히 반영,AI2X-L3 최종 리스트 (2026-09-07)
L1_G,G_SOC_ENV,Environmental and Sustainability Impact,환경·지속가능성 영향,Environmental and Sustainability Harm,환경·지속가능성 위해,개정 제안,긍정적 영향도 포함할 수 있는 impact 대신 위험 범주임을 명시,AI2X-L3 최종 리스트 (2026-09-07)
L1_G,G_SOC_CULT,Cultural and Epistemic Erosion,문화·지식 생태계 침식,Cultural and Epistemic Erosion,문화·지식 생태계 침식,유지,현행 명칭이 정의 범위와 한·영 개념 대응을 충분히 반영,AI2X-L3 최종 리스트 (2026-09-07)
L1_G,G_SOC_GOV,Governance and Accountability Void,거버넌스·책임 공백,Governance and Accountability Gaps,거버넌스·책임성 공백,개정 제안,거버넌스와 책임성의 제도적 공백을 병렬로 명확화,AI2X-L3 최종 리스트 (2026-09-07)
L1_A,A_SYS_GOAL,Goal Misalignment,목표 불일치,Goal Misalignment,목표 불일치,유지,현행 명칭이 정의 범위와 한·영 개념 대응을 충분히 반영,AI2X-L3 최종 리스트 (2026-09-07)
L1_A,A_SYS_AUTH,Excessive Authority and Agency,과도한 권한·자율성,Excessive Authority and Autonomous Agency,과도한 권한·자율적 행위능력,개정 제안,권한과 독립적으로 행동하는 능력을 구분하여 agency의 의미를 보존,AI2X-L3 최종 리스트 (2026-09-07)
L1_A,A_SYS_SELFCOR,Self-Correction Failure,자기 교정 실패,Self-Correction Failure,자기 교정 실패,유지,현행 명칭이 정의 범위와 한·영 개념 대응을 충분히 반영,AI2X-L3 최종 리스트 (2026-09-07)
L1_A,A_SYS_DECEPT,Deception and Scheming,기만·책략,Deception and Scheming,기만·책략,유지,현행 명칭이 정의 범위와 한·영 개념 대응을 충분히 반영,AI2X-L3 최종 리스트 (2026-09-07)
L1_A,A_SYS_TRACE,Accountability and Traceability Gap,책임 소재·추적 불명확,Accountability and Traceability Gaps,책임 소재·추적성 공백,개정 제안,책임 주체와 행위 기록 추적의 두 결함을 병렬로 명시,AI2X-L3 최종 리스트 (2026-09-07)
L1_A,A_INT_CASCADE,Cascading Failure and Instability,연쇄 실패·불안정,Cascading Failure and Instability,연쇄 실패·불안정,유지,현행 명칭이 정의 범위와 한·영 개념 대응을 충분히 반영,AI2X-L3 최종 리스트 (2026-09-07)
L1_A,A_INT_COORD,Coordination Failure,협조 실패,Coordination and Cooperation Failure,조정·협력 실패,개정 제안,다중 에이전트의 조정과 공동 수행 실패를 함께 포섭,AI2X-L3 최종 리스트 (2026-09-07)
L1_A,A_INT_CONFLICT,Competitive Conflict,경쟁적 갈등,Adversarial Agent Conflict,에이전트 간 경쟁적 갈등,개정 제안,일반 경쟁이 아니라 에이전트 간 적대적 상호작용으로 범위를 한정,AI2X-L3 최종 리스트 (2026-09-07)
L1_A,A_INT_COLLUSION,Collusion,담합·결탁,Agent Collusion,에이전트 간 담합·결탁,개정 제안,시장 일반의 담합과 구별되는 다중 에이전트 행위를 명시,AI2X-L3 최종 리스트 (2026-09-07)
L1_P,P_SYS_STATE,Physical State Estimation and Sensor-Fusion Failure,물리 상태 추정·센서 융합 실패,Physical State Estimation and Sensor-Fusion Failure,물리 상태 추정·센서 융합 실패,유지,현행 명칭이 정의 범위와 한·영 개념 대응을 충분히 반영,AI2X-L3 최종 리스트 (2026-09-07)
L1_P,P_SYS_CONTROL,Unsafe Physical Control and Actuation,안전하지 않은 물리 제어·구동,Unsafe Physical Control and Actuation Failure,불안전한 물리 제어·구동 실패,개정 제안,물리적 제어 출력과 구동 계통의 실패라는 위험 형태를 명시,AI2X-L3 최종 리스트 (2026-09-07)
L1_P,P_SYS_HARDWARE,Hardware and Mechanical Integrity Failure,하드웨어·기계 무결성 결함,Hardware and Mechanical Integrity Failure,하드웨어·기계적 무결성 실패,개정 제안,영문 failure와 한국어 실패를 맞추고 기계적 무결성의 의미를 보존,AI2X-L3 최종 리스트 (2026-09-07)
L1_P,P_INT_SAFETY,Human-Robot Physical Safety Failure,인간-로봇 물리 안전 실패,Human-Robot Physical Safety Failure,인간-로봇 물리적 안전 실패,개정 제안,physical의 수식 범위를 자연스러운 한국어로 정비,AI2X-L3 최종 리스트 (2026-09-07)
L1_P,P_INT_TAMPER,Physical Tampering and Sabotage,물리적 변조·파괴,Physical Tampering and Sabotage,물리적 변조·파괴 행위,개정 제안,sabotage를 단순 파손보다 의도적 파괴 행위로 명확화,AI2X-L3 최종 리스트 (2026-09-07)
