source_row_id,source_domain,source_l4_id,final_l4_id,final_l1_id,final_l3_id,status
SRC-G-0001,General,RAI4-0003,A_SYS_SELFCOR_001,L1_A,A_SYS_SELFCOR,ACTIVE
SRC-G-0002,General,RAI4-0021,G_SYS_OREF_001,L1_G,G_SYS_OREF,ACTIVE
SRC-G-0003,General,RAI4-0065,G_SYS_EVAL_010,L1_G,G_SYS_EVAL,ACTIVE
SRC-G-0004,General,RAI4-0066,G_SYS_EVAL_025,L1_G,G_SYS_EVAL,ACTIVE
SRC-G-0005,General,RAI4-0081,G_SYS_EVAL_019,L1_G,G_SYS_EVAL,ACTIVE
SRC-G-0006,General,RAI4-0084,G_SYS_EVAL_018,L1_G,G_SYS_EVAL,ACTIVE
SRC-G-0007,General,RAI4-0085,G_SYS_EVAL_031,L1_G,G_SYS_EVAL,ACTIVE
SRC-G-0008,General,RAI4-0108,G_SYS_EVAL_020,L1_G,G_SYS_EVAL,ACTIVE
SRC-G-0009,General,RAI4-0114,G_SYS_INPUT_006,L1_G,G_SYS_INPUT,ACTIVE
SRC-G-0010,General,RAI4-0182,P_Others_012,L1_P,P_Others,ACTIVE
SRC-G-0011,General,RAI4-0184,P_SYS_CONTROL_016,L1_P,P_SYS_CONTROL,ACTIVE
SRC-G-0012,General,RAI4-0211,A_SYS_GOAL_016,L1_A,A_SYS_GOAL,ACTIVE
SRC-G-0013,General,RAI4-0228,P_INT_SAFETY_009,L1_P,P_INT_SAFETY,ACTIVE
SRC-G-0014,General,RAI4-0233,P_INT_SAFETY_016,L1_P,P_INT_SAFETY,ACTIVE
SRC-G-0015,General,RAI4-0274,P_Others_013,L1_P,P_Others,ACTIVE
SRC-G-0016,General,RAI4-0470,A_SYS_SELFCOR_004,L1_A,A_SYS_SELFCOR,ACTIVE
SRC-G-0017,General,RAI4-0494,G_Others_018,L1_G,G_Others,ACTIVE
SRC-G-0018,General,RAI4-0516,G_SYS_EVAL_029,L1_G,G_SYS_EVAL,ACTIVE
SRC-G-0019,General,RAI4-0671,G_Others_029,L1_G,G_Others,ACTIVE
SRC-G-0020,General,RAI4-0850,G_SOC_GOV_007,L1_G,G_SOC_GOV,ACTIVE
SRC-G-0021,General,RAI4-0166,G_SYS_OEXT_017,L1_G,G_SYS_OEXT,ACTIVE
SRC-G-0022,General,RAI4-0195,P_Others_004,L1_P,P_Others,ACTIVE
SRC-G-0023,General,RAI4-0471,G_SYS_OEXT_003,L1_G,G_SYS_OEXT,ACTIVE
SRC-G-0024,General,RAI4-1006,G_Others_076,L1_G,G_Others,ACTIVE
SRC-G-0025,General,RAI4-0635,G_SYS_MISINFO_010,L1_G,G_SYS_MISINFO,ACTIVE
SRC-G-0026,General,RAI4-0792,G_SYS_MISINFO_010,L1_G,G_SYS_MISINFO,MERGED
SRC-G-0027,General,RAI4-0793,G_Others_039,L1_G,G_Others,SPLIT
SRC-G-0027,General,RAI4-0793,G_SYS_MISINFO_011,L1_G,G_SYS_MISINFO,SPLIT
SRC-G-0028,General,RAI4-0808,G_SYS_MISINFO_014,L1_G,G_SYS_MISINFO,ACTIVE
SRC-G-0029,General,RAI4-0810,G_Others_055,L1_G,G_Others,ACTIVE
SRC-G-0030,General,RAI4-0832,G_SYS_MISINFO_018,L1_G,G_SYS_MISINFO,ACTIVE
SRC-G-0031,General,RAI4-0844,G_SYS_MISINFO_004,L1_G,G_SYS_MISINFO,ACTIVE
SRC-G-0032,General,RAI4-1057,G_SYS_MISINFO_021,L1_G,G_SYS_MISINFO,ACTIVE
SRC-G-0033,General,RAI4-1125,G_SYS_MISINFO_012,L1_G,G_SYS_MISINFO,ACTIVE
SRC-G-0034,General,RAI4-1206,G_SYS_MISINFO_010,L1_G,G_SYS_MISINFO,MERGED
SRC-G-0035,General,RAI4-1376,G_SYS_MISINFO_021,L1_G,G_SYS_MISINFO,MERGED
SRC-G-0036,General,RAI4-1630,G_SYS_MISINFO_008,L1_G,G_SYS_MISINFO,ACTIVE
SRC-G-0037,General,RAI4-0363,G_INT_VALUE_008,L1_G,G_INT_VALUE,ACTIVE
SRC-G-0038,General,RAI4-0373,G_Others_025,L1_G,G_Others,ACTIVE
SRC-G-0039,General,RAI4-0374,G_SYS_CONTEXT_003,L1_G,G_SYS_CONTEXT,ACTIVE
SRC-G-0040,General,RAI4-0379,G_Others_024,L1_G,G_Others,ACTIVE
SRC-G-0041,General,RAI4-0380,G_SYS_CONTEXT_006,L1_G,G_SYS_CONTEXT,ACTIVE
SRC-G-0042,General,RAI4-0382,G_Others_034,L1_G,G_Others,ACTIVE
SRC-G-0043,General,RAI4-0389,G_Others_089,L1_G,G_Others,ACTIVE
SRC-G-0044,General,RAI4-0404,G_INT_VALUE_006,L1_G,G_INT_VALUE,ACTIVE
SRC-G-0045,General,RAI4-0414,G_INT_VALUE_010,L1_G,G_INT_VALUE,ACTIVE
SRC-G-0046,General,RAI4-0699,G_INT_REPR_005,L1_G,G_INT_REPR,ACTIVE
SRC-G-0047,General,RAI4-1046,G_INT_REPR_001,L1_G,G_INT_REPR,ACTIVE
SRC-G-0048,General,RAI4-1107,G_INT_REPR_020,L1_G,G_INT_REPR,ACTIVE
SRC-G-0049,General,RAI4-1145,G_SYS_CONTEXT_008,L1_G,G_SYS_CONTEXT,ACTIVE
SRC-G-0050,General,RAI4-1668,G_Others_146,L1_G,G_Others,ACTIVE
SRC-G-0051,General,RAI4-0070,G_Others_072,L1_G,G_Others,ACTIVE
SRC-G-0052,General,RAI4-0418,G_Others_007,L1_G,G_Others,ACTIVE
SRC-G-0053,General,RAI4-0708,G_Others_114,L1_G,G_Others,ACTIVE
SRC-G-0054,General,RAI4-0716,G_INT_ALLOC_001,L1_G,G_INT_ALLOC,ACTIVE
SRC-G-0055,General,RAI4-0821,G_Others_009,L1_G,G_Others,ACTIVE
SRC-G-0056,General,RAI4-0822,G_Others_137,L1_G,G_Others,ACTIVE
SRC-G-0057,General,RAI4-0938,G_Others_105,L1_G,G_Others,ACTIVE
SRC-G-0058,General,RAI4-0952,G_SOC_CULT_013,L1_G,G_SOC_CULT,ACTIVE
SRC-G-0059,General,RAI4-1041,G_SYS_INPUT_005,L1_G,G_SYS_INPUT,ACTIVE
SRC-G-0060,General,RAI4-1187,G_SYS_INCONS_005,L1_G,G_SYS_INCONS,ACTIVE
SRC-G-0061,General,RAI4-1228,G_Others_049,L1_G,G_Others,ACTIVE
SRC-G-0062,General,RAI4-1509,G_SYS_EVAL_006,L1_G,G_SYS_EVAL,ACTIVE
SRC-G-0063,General,RAI4-1515,G_SYS_INCONS_004,L1_G,G_SYS_INCONS,ACTIVE
SRC-G-0064,General,RAI4-1516,G_Others_044,L1_G,G_Others,ACTIVE
SRC-G-0065,General,RAI4-1523,G_Others_113,L1_G,G_Others,ACTIVE
SRC-G-0066,General,RAI4-1526,G_SYS_EVAL_016,L1_G,G_SYS_EVAL,ACTIVE
SRC-G-0067,General,RAI4-1702,G_SYS_EVAL_002,L1_G,G_SYS_EVAL,ACTIVE
SRC-G-0068,General,RAI4-0186,G_SYS_INPUT_002,L1_G,G_SYS_INPUT,ACTIVE
SRC-G-0069,General,RAI4-0338,G_SYS_OEXT_005,L1_G,G_SYS_OEXT,ACTIVE
SRC-G-0070,General,RAI4-0365,G_INT_VALUE_014,L1_G,G_INT_VALUE,ACTIVE
SRC-G-0071,General,RAI4-0371,G_INT_VALUE_020,L1_G,G_INT_VALUE,ACTIVE
SRC-G-0072,General,RAI4-0397,G_INT_VALUE_015,L1_G,G_INT_VALUE,ACTIVE
SRC-G-0073,General,RAI4-0474,G_INT_VALUE_008,L1_G,G_INT_VALUE,MERGED
SRC-G-0074,General,RAI4-0785,G_SYS_SECADV_016,L1_G,G_SYS_SECADV,ACTIVE
SRC-G-0075,General,RAI4-0814,G_SYS_MISINFO_015,L1_G,G_SYS_MISINFO,ACTIVE
SRC-G-0076,General,RAI4-1053,G_INT_VALUE_009,L1_G,G_INT_VALUE,ACTIVE
SRC-G-0077,General,RAI4-1161,A_Others_019,L1_A,A_Others,ACTIVE
SRC-G-0078,General,RAI4-0041,G_Others_023,L1_G,G_Others,ACTIVE
SRC-G-0079,General,RAI4-0057,G_Others_073,L1_G,G_Others,ACTIVE
SRC-G-0080,General,RAI4-0059,G_Others_040,L1_G,G_Others,ACTIVE
SRC-G-0081,General,RAI4-0064,G_SYS_EVAL_005,L1_G,G_SYS_EVAL,ACTIVE
SRC-G-0082,General,RAI4-0067,G_SYS_EVAL_004,L1_G,G_SYS_EVAL,ACTIVE
SRC-G-0083,General,RAI4-0082,G_Others_015,L1_G,G_Others,ACTIVE
SRC-G-0084,General,RAI4-0126,G_SYS_TRANS_002,L1_G,G_SYS_TRANS,ACTIVE
SRC-G-0085,General,RAI4-0134,G_SYS_OVERCONF_004,L1_G,G_SYS_OVERCONF,ACTIVE
SRC-G-0086,General,RAI4-0402,G_SYS_TRANS_010,L1_G,G_SYS_TRANS,ACTIVE
SRC-G-0087,General,RAI4-0419,G_SYS_TRANS_006,L1_G,G_SYS_TRANS,ACTIVE
SRC-G-0088,General,RAI4-0484,A_SYS_SELFCOR_006,L1_A,A_SYS_SELFCOR,ACTIVE
SRC-G-0089,General,RAI4-0541,G_SYS_EVAL_037,L1_G,G_SYS_EVAL,ACTIVE
SRC-G-0090,General,RAI4-0546,G_SYS_OEXT_011,L1_G,G_SYS_OEXT,ACTIVE
SRC-G-0091,General,RAI4-0588,G_SYS_TRANS_004,L1_G,G_SYS_TRANS,ACTIVE
SRC-G-0092,General,RAI4-0590,G_SYS_OVERCONF_001,L1_G,G_SYS_OVERCONF,ACTIVE
SRC-G-0093,General,RAI4-0596,G_SYS_TRANS_003,L1_G,G_SYS_TRANS,ACTIVE
SRC-G-0094,General,RAI4-0818,G_SYS_OVERCONF_002,L1_G,G_SYS_OVERCONF,ACTIVE
SRC-G-0095,General,RAI4-1120,,,,DELETED
SRC-G-0096,General,RAI4-1129,A_Others_018,L1_A,A_Others,ACTIVE
SRC-G-0097,General,RAI4-1163,G_SYS_EVAL_017,L1_G,G_SYS_EVAL,ACTIVE
SRC-G-0098,General,RAI4-1175,G_Others_082,L1_G,G_Others,ACTIVE
SRC-G-0099,General,RAI4-1195,G_SYS_TRANS_009,L1_G,G_SYS_TRANS,ACTIVE
SRC-G-0100,General,RAI4-1296,G_SOC_GOV_003,L1_G,G_SOC_GOV,ACTIVE
SRC-G-0101,General,RAI4-1300,G_SYS_TRANS_005,L1_G,G_SYS_TRANS,ACTIVE
SRC-G-0102,General,RAI4-1303,G_SOC_GOV_015,L1_G,G_SOC_GOV,ACTIVE
SRC-G-0103,General,RAI4-1384,A_SYS_TRACE_004,L1_A,A_SYS_TRACE,ACTIVE
SRC-G-0104,General,RAI4-1486,G_Others_103,L1_G,G_Others,ACTIVE
SRC-G-0105,General,RAI4-1514,G_SYS_OEXT_012,L1_G,G_SYS_OEXT,ACTIVE
SRC-G-0106,General,RAI4-0033,A_SYS_AUTH_016,L1_A,A_SYS_AUTH,ACTIVE
SRC-G-0107,General,RAI4-0034,A_SYS_GOAL_005,L1_A,A_SYS_GOAL,ACTIVE
SRC-G-0108,General,RAI4-0038,A_SYS_GOAL_019,L1_A,A_SYS_GOAL,ACTIVE
SRC-G-0109,General,RAI4-0344,G_SYS_INPUT_009,L1_G,G_SYS_INPUT,ACTIVE
SRC-G-0110,General,RAI4-0364,G_Others_116,L1_G,G_Others,ACTIVE
SRC-G-0111,General,RAI4-0366,G_INT_VALUE_017,L1_G,G_INT_VALUE,ACTIVE
SRC-G-0112,General,RAI4-0399,G_SYS_INCONS_002,L1_G,G_SYS_INCONS,ACTIVE
SRC-G-0113,General,RAI4-0468,G_Others_120,L1_G,G_Others,ACTIVE
SRC-G-0114,General,RAI4-0572,A_SYS_DECEPT_005,L1_A,A_SYS_DECEPT,ACTIVE
SRC-G-0115,General,RAI4-0581,A_SYS_GOAL_009,L1_A,A_SYS_GOAL,ACTIVE
SRC-G-0116,General,RAI4-0591,A_SYS_GOAL_013,L1_A,A_SYS_GOAL,ACTIVE
SRC-G-0117,General,RAI4-0893,G_Others_147,L1_G,G_Others,ACTIVE
SRC-G-0118,General,RAI4-0970,A_SYS_GOAL_007,L1_A,A_SYS_GOAL,ACTIVE
SRC-G-0119,General,RAI4-1112,G_SYS_INCONS_003,L1_G,G_SYS_INCONS,ACTIVE
SRC-G-0120,General,RAI4-1122,A_SYS_GOAL_008,L1_A,A_SYS_GOAL,ACTIVE
SRC-G-0121,General,RAI4-1130,A_SYS_GOAL_011,L1_A,A_SYS_GOAL,MERGED
SRC-G-0122,General,RAI4-1131,G_Others_120,L1_G,G_Others,MERGED
SRC-G-0123,General,RAI4-1133,A_SYS_GOAL_010,L1_A,A_SYS_GOAL,ACTIVE
SRC-G-0124,General,RAI4-1241,A_SYS_GOAL_012,L1_A,A_SYS_GOAL,ACTIVE
SRC-G-0125,General,RAI4-1285,G_Others_141,L1_G,G_Others,ACTIVE
SRC-G-0126,General,RAI4-1310,G_Others_028,L1_G,G_Others,MERGED
SRC-G-0127,General,RAI4-1323,A_SYS_GOAL_003,L1_A,A_SYS_GOAL,ACTIVE
SRC-G-0128,General,RAI4-1411,A_SYS_GOAL_011,L1_A,A_SYS_GOAL,MERGED
SRC-G-0129,General,RAI4-1460,G_SYS_EVAL_028,L1_G,G_SYS_EVAL,ACTIVE
SRC-G-0130,General,RAI4-1498,G_SYS_EVAL_024,L1_G,G_SYS_EVAL,ACTIVE
SRC-G-0131,General,RAI4-1531,G_Others_120,L1_G,G_Others,MERGED
SRC-G-0132,General,RAI4-1645,A_SYS_GOAL_014,L1_A,A_SYS_GOAL,ACTIVE
SRC-G-0133,General,RAI4-1646,A_SYS_GOAL_011,L1_A,A_SYS_GOAL,ACTIVE
SRC-G-0134,General,RAI4-1692,A_SYS_DECEPT_006,L1_A,A_SYS_DECEPT,ACTIVE
SRC-G-0135,General,RAI4-1704,A_SYS_GOAL_002,L1_A,A_SYS_GOAL,ACTIVE
SRC-G-0136,General,RAI4-0055,G_Others_096,L1_G,G_Others,ACTIVE
SRC-G-0137,General,RAI4-0117,G_SOC_CULT_009,L1_G,G_SOC_CULT,ACTIVE
SRC-G-0138,General,RAI4-0139,G_Others_108,L1_G,G_Others,ACTIVE
SRC-G-0139,General,RAI4-0161,G_SYS_OEXT_004,L1_G,G_SYS_OEXT,ACTIVE
SRC-G-0140,General,RAI4-0168,G_SYS_CONTEST_002,L1_G,G_SYS_CONTEST,ACTIVE
SRC-G-0141,General,RAI4-0169,G_Others_005,L1_G,G_Others,ACTIVE
SRC-G-0142,General,RAI4-0171,G_Others_070,L1_G,G_Others,ACTIVE
SRC-G-0143,General,RAI4-0174,G_SYS_INPUT_003,L1_G,G_SYS_INPUT,ACTIVE
SRC-G-0144,General,RAI4-0178,G_Others_133,L1_G,G_Others,ACTIVE
SRC-G-0145,General,RAI4-0307,G_Others_054,L1_G,G_Others,ACTIVE
SRC-G-0146,General,RAI4-0607,G_Others_107,L1_G,G_Others,ACTIVE
SRC-G-0147,General,RAI4-0826,G_SYS_OEXT_001,L1_G,G_SYS_OEXT,ACTIVE
SRC-G-0148,General,RAI4-1198,G_SYS_CONTEXT_004,L1_G,G_SYS_CONTEXT,ACTIVE
SRC-G-0149,General,RAI4-1208,G_SYS_CONTEST_003,L1_G,G_SYS_CONTEST,ACTIVE
SRC-G-0150,General,RAI4-1286,,,,DELETED
SRC-G-0151,General,RAI4-0068,G_SOC_GOV_018,L1_G,G_SOC_GOV,ACTIVE
SRC-G-0152,General,RAI4-0072,G_SYS_EVAL_030,L1_G,G_SYS_EVAL,ACTIVE
SRC-G-0153,General,RAI4-0080,G_Others_127,L1_G,G_Others,ACTIVE
SRC-G-0154,General,RAI4-0088,G_Others_135,L1_G,G_Others,ACTIVE
SRC-G-0155,General,RAI4-0095,G_SYS_EVAL_003,L1_G,G_SYS_EVAL,ACTIVE
SRC-G-0156,General,RAI4-0098,G_Others_117,L1_G,G_Others,ACTIVE
SRC-G-0157,General,RAI4-0099,G_Others_067,L1_G,G_Others,ACTIVE
SRC-G-0158,General,RAI4-0104,G_Others_071,L1_G,G_Others,ACTIVE
SRC-G-0159,General,RAI4-0111,G_Others_058,L1_G,G_Others,ACTIVE
SRC-G-0160,General,RAI4-0167,G_Others_101,L1_G,G_Others,ACTIVE
SRC-G-0161,General,RAI4-0391,G_SYS_EVAL_022,L1_G,G_SYS_EVAL,ACTIVE
SRC-G-0162,General,RAI4-0400,G_SYS_OVERCONF_003,L1_G,G_SYS_OVERCONF,ACTIVE
SRC-G-0163,General,RAI4-0443,G_Others_075,L1_G,G_Others,ACTIVE
SRC-G-0164,General,RAI4-0512,G_Others_142,L1_G,G_Others,ACTIVE
SRC-G-0165,General,RAI4-0549,G_Others_011,L1_G,G_Others,ACTIVE
SRC-G-0166,General,RAI4-0552,G_SYS_INPUT_007,L1_G,G_SYS_INPUT,ACTIVE
SRC-G-0167,General,RAI4-0584,G_Others_021,L1_G,G_Others,ACTIVE
SRC-G-0168,General,RAI4-0608,G_Others_048,L1_G,G_Others,ACTIVE
SRC-G-0169,General,RAI4-0780,G_SYS_EVAL_013,L1_G,G_SYS_EVAL,ACTIVE
SRC-G-0170,General,RAI4-0889,G_Others_061,L1_G,G_Others,ACTIVE
SRC-G-0171,General,RAI4-1032,G_SYS_EVAL_032,L1_G,G_SYS_EVAL,ACTIVE
SRC-G-0172,General,RAI4-1034,G_Others_086,L1_G,G_Others,ACTIVE
SRC-G-0173,General,RAI4-1036,,,,DELETED
SRC-G-0174,General,RAI4-1037,G_Others_081,L1_G,G_Others,ACTIVE
SRC-G-0175,General,RAI4-1040,G_Others_118,L1_G,G_Others,ACTIVE
SRC-G-0176,General,RAI4-1108,G_Others_026,L1_G,G_Others,ACTIVE
SRC-G-0177,General,RAI4-1109,G_SYS_INPUT_005,L1_G,G_SYS_INPUT,MERGED
SRC-G-0178,General,RAI4-1128,G_Others_090,L1_G,G_Others,ACTIVE
SRC-G-0179,General,RAI4-1280,G_Others_145,L1_G,G_Others,ACTIVE
SRC-G-0180,General,RAI4-1336,G_SYS_EVAL_014,L1_G,G_SYS_EVAL,ACTIVE
SRC-G-0181,General,RAI4-1458,G_Others_069,L1_G,G_Others,ACTIVE
SRC-G-0182,General,RAI4-1459,G_SYS_OEXT_008,L1_G,G_SYS_OEXT,ACTIVE
SRC-G-0183,General,RAI4-1461,G_Others_084,L1_G,G_Others,ACTIVE
SRC-G-0184,General,RAI4-1463,G_SOC_ENV_014,L1_G,G_SOC_ENV,ACTIVE
SRC-G-0185,General,RAI4-1466,G_Others_074,L1_G,G_Others,ACTIVE
SRC-G-0186,General,RAI4-1468,G_Others_085,L1_G,G_Others,ACTIVE
SRC-G-0187,General,RAI4-1472,G_SYS_OEXT_010,L1_G,G_SYS_OEXT,ACTIVE
SRC-G-0188,General,RAI4-1474,G_SYS_INPUT_008,L1_G,G_SYS_INPUT,ACTIVE
SRC-G-0189,General,RAI4-1487,G_INT_UNETH_017,L1_G,G_INT_UNETH,ACTIVE
SRC-G-0190,General,RAI4-1492,G_SYS_SECADV_013,L1_G,G_SYS_SECADV,ACTIVE
SRC-G-0191,General,RAI4-1493,G_SYS_OEXT_016,L1_G,G_SYS_OEXT,ACTIVE
SRC-G-0192,General,RAI4-1499,G_SYS_EVAL_036,L1_G,G_SYS_EVAL,ACTIVE
SRC-G-0193,General,RAI4-1502,G_SYS_EVAL_027,L1_G,G_SYS_EVAL,ACTIVE
SRC-G-0194,General,RAI4-1504,G_Others_112,L1_G,G_Others,ACTIVE
SRC-G-0195,General,RAI4-1537,G_SYS_EVAL_015,L1_G,G_SYS_EVAL,ACTIVE
SRC-G-0196,General,RAI4-1544,G_SYS_OEXT_009,L1_G,G_SYS_OEXT,ACTIVE
SRC-G-0197,General,RAI4-1548,G_SYS_EVAL_035,L1_G,G_SYS_EVAL,ACTIVE
SRC-G-0198,General,RAI4-1551,G_Others_030,L1_G,G_Others,ACTIVE
SRC-G-0199,General,RAI4-1560,G_Others_020,L1_G,G_Others,ACTIVE
SRC-G-0200,General,RAI4-1705,G_SYS_TRANS_008,L1_G,G_SYS_TRANS,ACTIVE
SRC-G-0201,General,RAI4-0527,G_Others_032,L1_G,G_Others,ACTIVE
SRC-G-0202,General,RAI4-0674,G_SOC_CULT_002,L1_G,G_SOC_CULT,ACTIVE
SRC-G-0203,General,RAI4-0678,G_INT_VIOL_005,L1_G,G_INT_VIOL,ACTIVE
SRC-G-0204,General,RAI4-0705,G_INT_VIOL_010,L1_G,G_INT_VIOL,ACTIVE
SRC-G-0205,General,RAI4-0854,G_Others_087,L1_G,G_Others,ACTIVE
SRC-G-0206,General,RAI4-1049,G_Others_111,L1_G,G_Others,ACTIVE
SRC-G-0207,General,RAI4-1447,G_INT_VIOL_011,L1_G,G_INT_VIOL,ACTIVE
SRC-G-0208,General,RAI4-0641,G_INT_SEX_004,L1_G,G_INT_SEX,ACTIVE
SRC-G-0209,General,RAI4-0714,G_INT_SEX_008,L1_G,G_INT_SEX,ACTIVE
SRC-G-0210,General,RAI4-0718,G_INT_SEX_001,L1_G,G_INT_SEX,ACTIVE
SRC-G-0211,General,RAI4-1136,G_Others_130,L1_G,G_Others,ACTIVE
SRC-G-0212,General,RAI4-1542,G_Others_080,L1_G,G_Others,ACTIVE
SRC-G-0213,General,RAI4-0023,G_INT_SELF_009,L1_G,G_INT_SELF,ACTIVE
SRC-G-0214,General,RAI4-0157,G_INT_SELF_008,L1_G,G_INT_SELF,ACTIVE
SRC-G-0215,General,RAI4-0833,G_INT_SELF_002,L1_G,G_INT_SELF,ACTIVE
SRC-G-0216,General,RAI4-0411,G_Others_091,L1_G,G_Others,ACTIVE
SRC-G-0217,General,RAI4-0426,G_INT_REPR_004,L1_G,G_INT_REPR,ACTIVE
SRC-G-0218,General,RAI4-0706,G_INT_ALLOC_006,L1_G,G_INT_ALLOC,ACTIVE
SRC-G-0219,General,RAI4-0368,G_INT_VALUE_013,L1_G,G_INT_VALUE,ACTIVE
SRC-G-0220,General,RAI4-0403,G_INT_UNETH_002,L1_G,G_INT_UNETH,ACTIVE
SRC-G-0221,General,RAI4-0422,G_Others_106,L1_G,G_Others,ACTIVE
SRC-G-0222,General,RAI4-0529,,,,DELETED
SRC-G-0223,General,RAI4-0939,G_INT_POL_002,L1_G,G_INT_POL,ACTIVE
SRC-G-0224,General,RAI4-1158,G_Others_092,L1_G,G_Others,ACTIVE
SRC-G-0225,General,RAI4-1159,G_INT_POL_006,L1_G,G_INT_POL,ACTIVE
SRC-G-0226,General,RAI4-0433,G_INT_PRIV_003,L1_G,G_INT_PRIV,ACTIVE
SRC-G-0227,General,RAI4-0652,G_SYS_MISINFO_024,L1_G,G_SYS_MISINFO,ACTIVE
SRC-G-0228,General,RAI4-0734,G_Others_014,L1_G,G_Others,ACTIVE
SRC-G-0229,General,RAI4-0739,G_INT_PRIV_009,L1_G,G_INT_PRIV,ACTIVE
SRC-G-0230,General,RAI4-0741,G_INT_PRIV_010,L1_G,G_INT_PRIV,ACTIVE
SRC-G-0231,General,RAI4-0761,G_INT_PRIV_023,L1_G,G_INT_PRIV,ACTIVE
SRC-G-0232,General,RAI4-0922,G_INT_PRIV_021,L1_G,G_INT_PRIV,ACTIVE
SRC-G-0233,General,RAI4-1062,G_INT_PRIV_006,L1_G,G_INT_PRIV,ACTIVE
SRC-G-0234,General,RAI4-1139,G_INT_PRIV_002,L1_G,G_INT_PRIV,ACTIVE
SRC-G-0235,General,RAI4-1169,G_INT_PRIV_019,L1_G,G_INT_PRIV,ACTIVE
SRC-G-0236,General,RAI4-1207,G_INT_PRIV_017,L1_G,G_INT_PRIV,ACTIVE
SRC-G-0237,General,RAI4-1273,G_INT_PRIV_018,L1_G,G_INT_PRIV,ACTIVE
SRC-G-0238,General,RAI4-1364,G_INT_PRIV_016,L1_G,G_INT_PRIV,ACTIVE
SRC-G-0239,General,RAI4-1444,G_INT_PRIV_025,L1_G,G_INT_PRIV,ACTIVE
SRC-G-0240,General,RAI4-1581,G_Others_079,L1_G,G_Others,ACTIVE
SRC-G-0241,General,RAI4-1722,G_INT_PRIV_005,L1_G,G_INT_PRIV,ACTIVE
SRC-G-0242,General,RAI4-0653,G_INT_UNETH_003,L1_G,G_INT_UNETH,ACTIVE
SRC-G-0243,General,RAI4-1059,G_INT_ILLEGAL_004,L1_G,G_INT_ILLEGAL,ACTIVE
SRC-G-0244,General,RAI4-1060,G_Others_066,L1_G,G_Others,ACTIVE
SRC-G-0245,General,RAI4-1076,G_INT_UNETH_008,L1_G,G_INT_UNETH,ACTIVE
SRC-G-0246,General,RAI4-1192,G_SYS_MISINFO_002,L1_G,G_SYS_MISINFO,ACTIVE
SRC-G-0247,General,RAI4-1320,G_SYS_MISINFO_025,L1_G,G_SYS_MISINFO,ACTIVE
SRC-G-0248,General,RAI4-1435,G_INT_UNETH_022,L1_G,G_INT_UNETH,ACTIVE
SRC-G-0249,General,RAI4-1652,G_SYS_SECADV_023,L1_G,G_SYS_SECADV,ACTIVE
SRC-G-0250,General,RAI4-0628,G_INT_COPY_004,L1_G,G_INT_COPY,ACTIVE
SRC-G-0251,General,RAI4-0663,G_Others_115,L1_G,G_Others,ACTIVE
SRC-G-0252,General,RAI4-0667,G_Others_022,L1_G,G_Others,ACTIVE
SRC-G-0253,General,RAI4-0740,G_INT_COPY_005,L1_G,G_INT_COPY,ACTIVE
SRC-G-0254,General,RAI4-1066,G_Others_037,L1_G,G_Others,ACTIVE
SRC-G-0255,General,RAI4-1091,G_Others_100,L1_G,G_Others,ACTIVE
SRC-G-0256,General,RAI4-0446,G_INT_WEAP_002,L1_G,G_INT_WEAP,ACTIVE
SRC-G-0257,General,RAI4-0646,G_INT_WEAP_008,L1_G,G_INT_WEAP,ACTIVE
SRC-G-0258,General,RAI4-0662,G_INT_WEAP_009,L1_G,G_INT_WEAP,ACTIVE
SRC-G-0259,General,RAI4-0664,G_INT_WEAP_004,L1_G,G_INT_WEAP,ACTIVE
SRC-G-0260,General,RAI4-0961,G_INT_WEAP_012,L1_G,G_INT_WEAP,ACTIVE
SRC-G-0261,General,RAI4-1118,G_INT_WEAP_015,L1_G,G_INT_WEAP,ACTIVE
SRC-G-0262,General,RAI4-1160,G_INT_WEAP_018,L1_G,G_INT_WEAP,ACTIVE
SRC-G-0263,General,RAI4-1295,G_SOC_ENV_017,L1_G,G_SOC_ENV,ACTIVE
SRC-G-0264,General,RAI4-1392,G_INT_WEAP_014,L1_G,G_INT_WEAP,ACTIVE
SRC-G-0265,General,RAI4-1563,G_INT_WEAP_003,L1_G,G_INT_WEAP,ACTIVE
SRC-G-0266,General,RAI4-1050,G_INT_UNETH_018,L1_G,G_INT_UNETH,ACTIVE
SRC-G-0267,General,RAI4-1434,G_INT_UNETH_007,L1_G,G_INT_UNETH,ACTIVE
SRC-G-0268,General,RAI4-1636,G_INT_UNETH_019,L1_G,G_INT_UNETH,ACTIVE
SRC-G-0269,General,RAI4-0140,G_SYS_CONTEXT_007,L1_G,G_SYS_CONTEXT,ACTIVE
SRC-G-0270,General,RAI4-0435,G_SYS_SECADV_012,L1_G,G_SYS_SECADV,ACTIVE
SRC-G-0271,General,RAI4-0436,G_SYS_SECADV_024,L1_G,G_SYS_SECADV,ACTIVE
SRC-G-0272,General,RAI4-0593,G_INT_PRIV_012,L1_G,G_INT_PRIV,ACTIVE
SRC-G-0273,General,RAI4-0619,G_INT_UNETH_005,L1_G,G_INT_UNETH,ACTIVE
SRC-G-0274,General,RAI4-0721,G_SYS_SECADV_027,L1_G,G_SYS_SECADV,ACTIVE
SRC-G-0275,General,RAI4-0733,G_SYS_POLICY_001,L1_G,G_SYS_POLICY,ACTIVE
SRC-G-0276,General,RAI4-0753,G_SYS_POLICY_007,L1_G,G_SYS_POLICY,ACTIVE
SRC-G-0277,General,RAI4-0760,G_INT_PRIV_015,L1_G,G_INT_PRIV,ACTIVE
SRC-G-0278,General,RAI4-0788,G_Others_083,L1_G,G_Others,ACTIVE
SRC-G-0279,General,RAI4-1173,G_Others_129,L1_G,G_Others,ACTIVE
SRC-G-0280,General,RAI4-1494,G_SYS_SECADV_031,L1_G,G_SYS_SECADV,ACTIVE
SRC-G-0281,General,RAI4-1508,G_SYS_EVAL_026,L1_G,G_SYS_EVAL,ACTIVE
SRC-G-0282,General,RAI4-1564,G_INT_WEAP_007,L1_G,G_INT_WEAP,ACTIVE
SRC-G-0283,General,RAI4-1687,G_SYS_SECADV_035,L1_G,G_SYS_SECADV,ACTIVE
SRC-G-0284,General,RAI4-0356,G_SOC_ENV_001,L1_G,G_SOC_ENV,ACTIVE
SRC-G-0285,General,RAI4-0360,G_Others_078,L1_G,G_Others,ACTIVE
SRC-G-0286,General,RAI4-0502,G_SOC_ENV_005,L1_G,G_SOC_ENV,ACTIVE
SRC-G-0287,General,RAI4-0504,G_SOC_ENV_006,L1_G,G_SOC_ENV,ACTIVE
SRC-G-0288,General,RAI4-0798,G_SOC_ENV_015,L1_G,G_SOC_ENV,ACTIVE
SRC-G-0289,General,RAI4-0799,G_SYS_MISINFO_007,L1_G,G_SYS_MISINFO,ACTIVE
SRC-G-0290,General,RAI4-0926,G_SOC_ENV_007,L1_G,G_SOC_ENV,ACTIVE
SRC-G-0291,General,RAI4-0950,G_SOC_ENV_018,L1_G,G_SOC_ENV,ACTIVE
SRC-G-0292,General,RAI4-0996,G_SOC_ENV_016,L1_G,G_SOC_ENV,ACTIVE
SRC-G-0293,General,RAI4-1015,G_SOC_ENV_003,L1_G,G_SOC_ENV,ACTIVE
SRC-G-0294,General,RAI4-1064,G_SOC_ENV_009,L1_G,G_SOC_ENV,ACTIVE
SRC-G-0295,General,RAI4-1093,G_SOC_ENV_008,L1_G,G_SOC_ENV,ACTIVE
SRC-G-0296,General,RAI4-1269,G_SOC_ENV_013,L1_G,G_SOC_ENV,ACTIVE
SRC-G-0297,General,RAI4-1374,G_SOC_ENV_012,L1_G,G_SOC_ENV,ACTIVE
SRC-G-0298,General,RAI4-1452,G_SOC_ENV_002,L1_G,G_SOC_ENV,ACTIVE
SRC-G-0299,General,RAI4-1453,G_SOC_ENV_004,L1_G,G_SOC_ENV,ACTIVE
SRC-G-0300,General,RAI4-1455,G_SOC_ENV_011,L1_G,G_SOC_ENV,ACTIVE
SRC-G-0301,General,RAI4-1698,G_SOC_ENV_010,L1_G,G_SOC_ENV,ACTIVE
SRC-G-0302,General,RAI4-0346,G_Others_132,L1_G,G_Others,ACTIVE
SRC-G-0303,General,RAI4-0432,G_SYS_INCONS_006,L1_G,G_SYS_INCONS,ACTIVE
SRC-G-0304,General,RAI4-1056,G_INT_PRIV_020,L1_G,G_INT_PRIV,ACTIVE
SRC-G-0305,General,RAI4-1655,G_INT_PRIV_024,L1_G,G_INT_PRIV,ACTIVE
SRC-G-0306,General,RAI4-0514,G_SOC_ECON_006,L1_G,G_SOC_ECON,ACTIVE
SRC-G-0307,General,RAI4-1065,G_SOC_ECON_008,L1_G,G_SOC_ECON,ACTIVE
SRC-G-0308,General,RAI4-1232,G_SOC_ECON_001,L1_G,G_SOC_ECON,ACTIVE
SRC-G-0309,General,RAI4-1445,G_SOC_ECON_009,L1_G,G_SOC_ECON,ACTIVE
SRC-G-0310,General,RAI4-1662,G_SOC_ECON_004,L1_G,G_SOC_ECON,ACTIVE
SRC-G-0311,General,RAI4-0384,G_Others_059,L1_G,G_Others,ACTIVE
SRC-G-0312,General,RAI4-0458,G_SOC_ECON_010,L1_G,G_SOC_ECON,ACTIVE
SRC-G-0313,General,RAI4-0461,G_SOC_POWER_003,L1_G,G_SOC_POWER,ACTIVE
SRC-G-0314,General,RAI4-0505,G_SOC_POWER_010,L1_G,G_SOC_POWER,ACTIVE
SRC-G-0315,General,RAI4-0509,G_SOC_POWER_006,L1_G,G_SOC_POWER,ACTIVE
SRC-G-0316,General,RAI4-1011,G_SOC_POWER_009,L1_G,G_SOC_POWER,ACTIVE
SRC-G-0317,General,RAI4-1022,G_SYS_CONTEST_001,L1_G,G_SYS_CONTEST,ACTIVE
SRC-G-0318,General,RAI4-1224,G_SOC_POWER_018,L1_G,G_SOC_POWER,ACTIVE
SRC-G-0319,General,RAI4-1233,G_SOC_POWER_001,L1_G,G_SOC_POWER,ACTIVE
SRC-G-0320,General,RAI4-1404,G_Others_140,L1_G,G_Others,ACTIVE
SRC-G-0321,General,RAI4-1661,G_SOC_POWER_020,L1_G,G_SOC_POWER,ACTIVE
SRC-G-0322,General,RAI4-0086,G_Others_123,L1_G,G_Others,ACTIVE
SRC-G-0323,General,RAI4-0383,G_Others_035,L1_G,G_Others,ACTIVE
SRC-G-0324,General,RAI4-0415,G_SYS_OEXT_015,L1_G,G_SYS_OEXT,ACTIVE
SRC-G-0325,General,RAI4-0460,G_SOC_POWER_004,L1_G,G_SOC_POWER,ACTIVE
SRC-G-0326,General,RAI4-0491,G_INT_VALUE_001,L1_G,G_INT_VALUE,ACTIVE
SRC-G-0327,General,RAI4-0499,G_Others_003,L1_G,G_Others,ACTIVE
SRC-G-0328,General,RAI4-0510,G_SOC_POWER_012,L1_G,G_SOC_POWER,ACTIVE
SRC-G-0329,General,RAI4-0544,G_SOC_POWER_019,L1_G,G_SOC_POWER,ACTIVE
SRC-G-0330,General,RAI4-0568,G_Others_124,L1_G,G_Others,ACTIVE
SRC-G-0331,General,RAI4-0731,G_SOC_POWER_002,L1_G,G_SOC_POWER,ACTIVE
SRC-G-0332,General,RAI4-0960,G_INT_POL_003,L1_G,G_INT_POL,ACTIVE
SRC-G-0333,General,RAI4-1251,G_INT_VALUE_018,L1_G,G_INT_VALUE,ACTIVE
SRC-G-0334,General,RAI4-1414,G_SOC_POWER_013,L1_G,G_SOC_POWER,ACTIVE
SRC-G-0335,General,RAI4-1663,G_SOC_POWER_014,L1_G,G_SOC_POWER,ACTIVE
SRC-G-0336,General,RAI4-0120,G_Others_119,L1_G,G_Others,ACTIVE
SRC-G-0337,General,RAI4-0425,G_INT_REPR_022,L1_G,G_INT_REPR,ACTIVE
SRC-G-0338,General,RAI4-0676,G_INT_REPR_003,L1_G,G_INT_REPR,ACTIVE
SRC-G-0339,General,RAI4-0697,G_INT_VALUE_007,L1_G,G_INT_VALUE,ACTIVE
SRC-G-0340,General,RAI4-0698,G_INT_VALUE_019,L1_G,G_INT_VALUE,ACTIVE
SRC-G-0341,General,RAI4-0700,G_SYS_MISINFO_003,L1_G,G_SYS_MISINFO,ACTIVE
SRC-G-0342,General,RAI4-0701,G_SYS_TRANS_001,L1_G,G_SYS_TRANS,ACTIVE
SRC-G-0343,General,RAI4-0711,G_Others_012,L1_G,G_Others,ACTIVE
SRC-G-0344,General,RAI4-0713,G_INT_REPR_021,L1_G,G_INT_REPR,ACTIVE
SRC-G-0345,General,RAI4-0722,G_INT_ALLOC_005,L1_G,G_INT_ALLOC,ACTIVE
SRC-G-0346,General,RAI4-0883,G_Others_095,L1_G,G_Others,ACTIVE
SRC-G-0347,General,RAI4-1018,G_Others_043,L1_G,G_Others,ACTIVE
SRC-G-0348,General,RAI4-1291,G_SOC_DEMOC_001,L1_G,G_SOC_DEMOC,ACTIVE
SRC-G-0349,General,RAI4-1299,G_SYS_INCONS_007,L1_G,G_SYS_INCONS,ACTIVE
SRC-G-0350,General,RAI4-1311,,,,DELETED
SRC-G-0351,General,RAI4-1329,G_Others_010,L1_G,G_Others,ACTIVE
SRC-G-0352,General,RAI4-1387,G_SYS_MISINFO_006,L1_G,G_SYS_MISINFO,ACTIVE
SRC-G-0353,General,RAI4-1413,G_Others_013,L1_G,G_Others,ACTIVE
SRC-G-0354,General,RAI4-1503,G_INT_VALUE_002,L1_G,G_INT_VALUE,ACTIVE
SRC-G-0355,General,RAI4-0493,G_Others_062,L1_G,G_Others,ACTIVE
SRC-G-0356,General,RAI4-1298,G_INT_UNETH_016,L1_G,G_INT_UNETH,ACTIVE
SRC-G-0357,General,RAI4-0864,G_Others_134,L1_G,G_Others,ACTIVE
SRC-G-0358,General,RAI4-0132,G_Others_138,L1_G,G_Others,ACTIVE
SRC-G-0359,General,RAI4-0141,G_INT_UNETH_015,L1_G,G_INT_UNETH,ACTIVE
SRC-G-0360,General,RAI4-0149,G_INT_REL_001,L1_G,G_INT_REL,ACTIVE
SRC-G-0361,General,RAI4-0155,G_Others_099,L1_G,G_Others,ACTIVE
SRC-G-0362,General,RAI4-0159,G_Others_093,L1_G,G_Others,ACTIVE
SRC-G-0363,General,RAI4-0160,G_Others_001,L1_G,G_Others,ACTIVE
SRC-G-0364,General,RAI4-0173,G_INT_UNETH_001,L1_G,G_INT_UNETH,ACTIVE
SRC-G-0365,General,RAI4-0612,G_INT_WEAP_010,L1_G,G_INT_WEAP,ACTIVE
SRC-G-0366,General,RAI4-0723,G_Others_109,L1_G,G_Others,ACTIVE
SRC-G-0367,General,RAI4-0800,G_SYS_MISINFO_001,L1_G,G_SYS_MISINFO,ACTIVE
SRC-G-0368,General,RAI4-0805,G_SOC_DEMOC_005,L1_G,G_SOC_DEMOC,ACTIVE
SRC-G-0369,General,RAI4-0871,G_INT_UNETH_013,L1_G,G_INT_UNETH,ACTIVE
SRC-G-0370,General,RAI4-0882,G_SYS_CONTEST_004,L1_G,G_SYS_CONTEST,ACTIVE
SRC-G-0371,General,RAI4-0885,G_INT_ANTH_014,L1_G,G_INT_ANTH,ACTIVE
SRC-G-0372,General,RAI4-0890,G_Others_131,L1_G,G_Others,ACTIVE
SRC-G-0373,General,RAI4-0902,G_INT_REL_002,L1_G,G_INT_REL,ACTIVE
SRC-G-0374,General,RAI4-1106,G_INT_ANTH_011,L1_G,G_INT_ANTH,ACTIVE
SRC-G-0375,General,RAI4-1141,G_INT_ANTH_012,L1_G,G_INT_ANTH,ACTIVE
SRC-G-0376,General,RAI4-1190,,,,DELETED
SRC-G-0377,General,RAI4-1263,G_INT_UNETH_011,L1_G,G_INT_UNETH,ACTIVE
SRC-G-0378,General,RAI4-1289,A_SYS_GOAL_001,L1_A,A_SYS_GOAL,ACTIVE
SRC-G-0379,General,RAI4-1328,G_Others_064,L1_G,G_Others,ACTIVE
SRC-G-0380,General,RAI4-1617,G_Others_098,L1_G,G_Others,ACTIVE
SRC-G-0381,General,RAI4-0146,G_SYS_OEXT_013,L1_G,G_SYS_OEXT,ACTIVE
SRC-G-0382,General,RAI4-0176,G_INT_PRIV_001,L1_G,G_INT_PRIV,ACTIVE
SRC-G-0383,General,RAI4-0450,G_INT_PRIV_013,L1_G,G_INT_PRIV,ACTIVE
SRC-G-0384,General,RAI4-0498,G_SOC_DEMOC_003,L1_G,G_SOC_DEMOC,ACTIVE
SRC-G-0385,General,RAI4-0611,G_Others_097,L1_G,G_Others,ACTIVE
SRC-G-0386,General,RAI4-0633,G_Others_046,L1_G,G_Others,ACTIVE
SRC-G-0387,General,RAI4-0842,G_Others_110,L1_G,G_Others,ACTIVE
SRC-G-0388,General,RAI4-0845,G_SOC_CULT_007,L1_G,G_SOC_CULT,ACTIVE
SRC-G-0389,General,RAI4-0846,G_SOC_DEMOC_006,L1_G,G_SOC_DEMOC,ACTIVE
SRC-G-0390,General,RAI4-0847,G_SOC_CULT_006,L1_G,G_SOC_CULT,ACTIVE
SRC-G-0391,General,RAI4-0874,G_SOC_ECON_007,L1_G,G_SOC_ECON,ACTIVE
SRC-G-0392,General,RAI4-0895,G_SOC_CULT_004,L1_G,G_SOC_CULT,ACTIVE
SRC-G-0393,General,RAI4-0897,G_SOC_ECON_002,L1_G,G_SOC_ECON,ACTIVE
SRC-G-0394,General,RAI4-0909,,,,DELETED
SRC-G-0395,General,RAI4-0956,G_SOC_CULT_011,L1_G,G_SOC_CULT,ACTIVE
SRC-G-0396,General,RAI4-1240,G_INT_UNETH_014,L1_G,G_INT_UNETH,ACTIVE
SRC-G-0397,General,RAI4-1302,G_Others_065,L1_G,G_Others,ACTIVE
SRC-G-0398,General,RAI4-1339,G_SOC_ECON_003,L1_G,G_SOC_ECON,ACTIVE
SRC-G-0399,General,RAI4-1421,G_SOC_DEMOC_004,L1_G,G_SOC_DEMOC,ACTIVE
SRC-G-0400,General,RAI4-1585,G_Others_006,L1_G,G_Others,ACTIVE
SRC-G-0401,General,RAI4-1618,A_SYS_AUTH_010,L1_A,A_SYS_AUTH,ACTIVE
SRC-G-0402,General,RAI4-0056,G_SOC_GOV_006,L1_G,G_SOC_GOV,ACTIVE
SRC-G-0403,General,RAI4-0058,G_Others_139,L1_G,G_Others,ACTIVE
SRC-G-0404,General,RAI4-0076,G_SOC_GOV_008,L1_G,G_SOC_GOV,ACTIVE
SRC-G-0405,General,RAI4-0078,G_Others_057,L1_G,G_Others,ACTIVE
SRC-G-0406,General,RAI4-0096,G_SOC_GOV_013,L1_G,G_SOC_GOV,ACTIVE
SRC-G-0407,General,RAI4-0103,G_SOC_GOV_001,L1_G,G_SOC_GOV,ACTIVE
SRC-G-0408,General,RAI4-0112,G_SYS_OEXT_006,L1_G,G_SYS_OEXT,ACTIVE
SRC-G-0409,General,RAI4-0385,G_SOC_GOV_010,L1_G,G_SOC_GOV,ACTIVE
SRC-G-0410,General,RAI4-0386,G_SOC_GOV_004,L1_G,G_SOC_GOV,ACTIVE
SRC-G-0411,General,RAI4-0409,G_SOC_GOV_009,L1_G,G_SOC_GOV,ACTIVE
SRC-G-0412,General,RAI4-0488,G_SOC_GOV_012,L1_G,G_SOC_GOV,ACTIVE
SRC-G-0413,General,RAI4-0511,G_SYS_EVAL_009,L1_G,G_SYS_EVAL,ACTIVE
SRC-G-0414,General,RAI4-0535,G_Others_125,L1_G,G_Others,ACTIVE
SRC-G-0415,General,RAI4-0555,A_Others_016,L1_A,A_Others,ACTIVE
SRC-G-0416,General,RAI4-0908,G_SOC_GOV_006,L1_G,G_SOC_GOV,MERGED
SRC-G-0417,General,RAI4-0942,G_Others_051,L1_G,G_Others,ACTIVE
SRC-G-0418,General,RAI4-0947,G_SOC_GOV_011,L1_G,G_SOC_GOV,ACTIVE
SRC-G-0419,General,RAI4-0969,A_Others_016,L1_A,A_Others,MERGED
SRC-G-0420,General,RAI4-0972,G_Others_028,L1_G,G_Others,ACTIVE
SRC-G-0421,General,RAI4-0973,G_Others_068,L1_G,G_Others,ACTIVE
SRC-G-0422,General,RAI4-0974,G_Others_052,L1_G,G_Others,ACTIVE
SRC-G-0423,General,RAI4-1017,G_SYS_SECADV_017,L1_G,G_SYS_SECADV,ACTIVE
SRC-G-0424,General,RAI4-1150,G_SOC_GOV_014,L1_G,G_SOC_GOV,ACTIVE
SRC-G-0425,General,RAI4-1331,G_Others_053,L1_G,G_Others,ACTIVE
SRC-G-0426,General,RAI4-1485,G_SOC_GOV_017,L1_G,G_SOC_GOV,ACTIVE
SRC-G-0427,General,RAI4-1720,G_SOC_GOV_016,L1_G,G_SOC_GOV,ACTIVE
SRC-G-0428,General,RAI4-0123,G_SOC_CULT_010,L1_G,G_SOC_CULT,ACTIVE
SRC-G-0429,General,RAI4-0162,G_SYS_OEXT_014,L1_G,G_SYS_OEXT,ACTIVE
SRC-G-0430,General,RAI4-0362,G_INT_VALUE_011,L1_G,G_INT_VALUE,ACTIVE
SRC-G-0431,General,RAI4-0369,G_INT_VALUE_005,L1_G,G_INT_VALUE,ACTIVE
SRC-G-0432,General,RAI4-0370,G_SYS_CONTEXT_001,L1_G,G_SYS_CONTEXT,ACTIVE
SRC-G-0433,General,RAI4-0372,G_Others_102,L1_G,G_Others,ACTIVE
SRC-G-0434,General,RAI4-0388,G_SOC_CULT_003,L1_G,G_SOC_CULT,ACTIVE
SRC-G-0435,General,RAI4-0390,G_Others_004,L1_G,G_Others,ACTIVE
SRC-G-0436,General,RAI4-0394,G_Others_088,L1_G,G_Others,ACTIVE
SRC-G-0437,General,RAI4-0396,G_INT_VALUE_016,L1_G,G_INT_VALUE,ACTIVE
SRC-G-0438,General,RAI4-0398,G_INT_VALUE_004,L1_G,G_INT_VALUE,ACTIVE
SRC-G-0439,General,RAI4-0410,G_SYS_CONTEXT_005,L1_G,G_SYS_CONTEXT,ACTIVE
SRC-G-0440,General,RAI4-0412,G_Others_077,L1_G,G_Others,ACTIVE
SRC-G-0441,General,RAI4-0413,G_SOC_CULT_001,L1_G,G_SOC_CULT,ACTIVE
SRC-G-0442,General,RAI4-0417,G_SYS_INCONS_001,L1_G,G_SYS_INCONS,ACTIVE
SRC-G-0443,General,RAI4-0423,G_SOC_CULT_008,L1_G,G_SOC_CULT,ACTIVE
SRC-G-0444,General,RAI4-0424,G_INT_ALLOC_003,L1_G,G_INT_ALLOC,ACTIVE
SRC-G-0445,General,RAI4-0430,G_INT_ALLOC_004,L1_G,G_INT_ALLOC,ACTIVE
SRC-G-0446,General,RAI4-0497,G_SOC_POWER_015,L1_G,G_SOC_POWER,ACTIVE
SRC-G-0447,General,RAI4-0556,A_SYS_AUTH_005,L1_A,A_SYS_AUTH,ACTIVE
SRC-G-0448,General,RAI4-0557,G_Others_143,L1_G,G_Others,ACTIVE
SRC-G-0449,General,RAI4-0562,A_Others_004,L1_A,A_Others,ACTIVE
SRC-G-0450,General,RAI4-0580,G_Others_041,L1_G,G_Others,ACTIVE
SRC-G-0451,General,RAI4-0585,A_INT_CASCADE_004,L1_A,A_INT_CASCADE,ACTIVE
SRC-G-0452,General,RAI4-0601,G_Others_144,L1_G,G_Others,ACTIVE
SRC-G-0453,General,RAI4-0621,G_SYS_SECADV_008,L1_G,G_SYS_SECADV,ACTIVE
SRC-G-0454,General,RAI4-0622,G_Others_038,L1_G,G_Others,ACTIVE
SRC-G-0455,General,RAI4-0639,,,,DELETED
SRC-G-0456,General,RAI4-0644,G_SOC_POWER_016,L1_G,G_SOC_POWER,ACTIVE
SRC-G-0457,General,RAI4-0666,G_Others_017,L1_G,G_Others,ACTIVE
SRC-G-0458,General,RAI4-0702,G_INT_VALUE_003,L1_G,G_INT_VALUE,ACTIVE
SRC-G-0459,General,RAI4-0747,G_SYS_SECADV_034,L1_G,G_SYS_SECADV,ACTIVE
SRC-G-0460,General,RAI4-0763,G_Others_128,L1_G,G_Others,ACTIVE
SRC-G-0461,General,RAI4-0804,G_SOC_CULT_005,L1_G,G_SOC_CULT,ACTIVE
SRC-G-0462,General,RAI4-0823,G_INT_VIOL_001,L1_G,G_INT_VIOL,ACTIVE
SRC-G-0463,General,RAI4-0896,G_Others_036,L1_G,G_Others,ACTIVE
SRC-G-0464,General,RAI4-0906,G_Others_136,L1_G,G_Others,ACTIVE
SRC-G-0465,General,RAI4-0975,G_INT_UNETH_021,L1_G,G_INT_UNETH,ACTIVE
SRC-G-0466,General,RAI4-0979,G_INT_COPY_006,L1_G,G_INT_COPY,ACTIVE
SRC-G-0467,General,RAI4-0994,G_INT_ALLOC_002,L1_G,G_INT_ALLOC,ACTIVE
SRC-G-0468,General,RAI4-0998,G_INT_REPR_022,L1_G,G_INT_REPR,MERGED
SRC-G-0469,General,RAI4-1004,G_Others_042,L1_G,G_Others,ACTIVE
SRC-G-0470,General,RAI4-1010,G_Others_016,L1_G,G_Others,ACTIVE
SRC-G-0471,General,RAI4-1016,G_Others_094,L1_G,G_Others,ACTIVE
SRC-G-0472,General,RAI4-1029,G_INT_UNETH_020,L1_G,G_INT_UNETH,ACTIVE
SRC-G-0473,General,RAI4-1119,G_SOC_POWER_007,L1_G,G_SOC_POWER,ACTIVE
SRC-G-0474,General,RAI4-1164,A_SYS_AUTH_005,L1_A,A_SYS_AUTH,MERGED
SRC-G-0475,General,RAI4-1218,G_Others_047,L1_G,G_Others,ACTIVE
SRC-G-0476,General,RAI4-1236,G_Others_120,L1_G,G_Others,MERGED
SRC-G-0477,General,RAI4-1239,A_SYS_GOAL_006,L1_A,A_SYS_GOAL,ACTIVE
SRC-G-0478,General,RAI4-1246,G_INT_UNETH_004,L1_G,G_INT_UNETH,ACTIVE
SRC-G-0479,General,RAI4-1260,G_Others_148,L1_G,G_Others,ACTIVE
SRC-G-0480,General,RAI4-1326,G_INT_UNETH_010,L1_G,G_INT_UNETH,ACTIVE
SRC-G-0481,General,RAI4-1330,G_Others_033,L1_G,G_Others,ACTIVE
SRC-G-0482,General,RAI4-1341,G_Others_031,L1_G,G_Others,ACTIVE
SRC-G-0483,General,RAI4-1418,G_SOC_POWER_005,L1_G,G_SOC_POWER,ACTIVE
SRC-G-0484,General,RAI4-1533,G_SYS_MISINFO_005,L1_G,G_SYS_MISINFO,ACTIVE
SRC-G-0485,General,RAI4-1546,G_SYS_OEXT_007,L1_G,G_SYS_OEXT,ACTIVE
SRC-G-0486,General,RAI4-1555,G_SYS_MISINFO_020,L1_G,G_SYS_MISINFO,ACTIVE
SRC-G-0487,General,RAI4-1566,G_Others_050,L1_G,G_Others,ACTIVE
SRC-G-0488,General,RAI4-1586,G_Others_122,L1_G,G_Others,ACTIVE
SRC-G-0489,General,RAI4-1607,G_Others_045,L1_G,G_Others,ACTIVE
SRC-G-0490,General,RAI4-1640,A_SYS_GOAL_017,L1_A,A_SYS_GOAL,ACTIVE
SRC-G-0491,General,RAI4-1724,G_Others_027,L1_G,G_Others,ACTIVE
SRC-G-0492,General,new,G_INT_VIOL_006,L1_G,G_INT_VIOL,ACTIVE
SRC-G-0493,General,new,G_INT_VIOL_009,L1_G,G_INT_VIOL,ACTIVE
SRC-G-0494,General,new,G_INT_VIOL_004,L1_G,G_INT_VIOL,ACTIVE
SRC-G-0495,General,new,G_INT_VIOL_008,L1_G,G_INT_VIOL,ACTIVE
SRC-G-0496,General,new,G_INT_VIOL_003,L1_G,G_INT_VIOL,ACTIVE
SRC-G-0497,General,new,G_INT_VIOL_002,L1_G,G_INT_VIOL,ACTIVE
SRC-G-0498,General,new,G_INT_VIOL_007,L1_G,G_INT_VIOL,ACTIVE
SRC-G-0499,General,new,G_INT_SEX_008,L1_G,G_INT_SEX,DEDUPLICATED
SRC-G-0500,General,new,G_INT_SEX_003,L1_G,G_INT_SEX,ACTIVE
SRC-G-0501,General,new,G_INT_SEX_007,L1_G,G_INT_SEX,ACTIVE
SRC-G-0502,General,new,G_INT_SEX_006,L1_G,G_INT_SEX,ACTIVE
SRC-G-0503,General,new,G_INT_SEX_003,L1_G,G_INT_SEX,DEDUPLICATED
SRC-G-0504,General,new,G_INT_SEX_005,L1_G,G_INT_SEX,ACTIVE
SRC-G-0505,General,new,G_INT_SEX_009,L1_G,G_INT_SEX,ACTIVE
SRC-G-0506,General,new,G_INT_SEX_002,L1_G,G_INT_SEX,ACTIVE
SRC-G-0507,General,new,G_INT_SELF_010,L1_G,G_INT_SELF,ACTIVE
SRC-G-0508,General,new,G_INT_SELF_005,L1_G,G_INT_SELF,ACTIVE
SRC-G-0509,General,new,G_INT_SELF_009,L1_G,G_INT_SELF,DEDUPLICATED
SRC-G-0510,General,new,G_INT_SELF_004,L1_G,G_INT_SELF,ACTIVE
SRC-G-0511,General,new,G_INT_SELF_001,L1_G,G_INT_SELF,ACTIVE
SRC-G-0512,General,new,G_INT_SELF_007,L1_G,G_INT_SELF,ACTIVE
SRC-G-0513,General,new,G_INT_SELF_003,L1_G,G_INT_SELF,ACTIVE
SRC-G-0514,General,new,G_INT_SELF_006,L1_G,G_INT_SELF,ACTIVE
SRC-G-0515,General,new,G_INT_REPR_016,L1_G,G_INT_REPR,ACTIVE
SRC-G-0516,General,new,G_INT_REPR_013,L1_G,G_INT_REPR,ACTIVE
SRC-G-0517,General,new,G_INT_REPR_017,L1_G,G_INT_REPR,ACTIVE
SRC-G-0518,General,new,G_INT_REPR_010,L1_G,G_INT_REPR,ACTIVE
SRC-G-0519,General,new,G_INT_REPR_011,L1_G,G_INT_REPR,ACTIVE
SRC-G-0520,General,new,G_INT_REPR_006,L1_G,G_INT_REPR,ACTIVE
SRC-G-0521,General,new,G_INT_REPR_007,L1_G,G_INT_REPR,ACTIVE
SRC-G-0522,General,new,G_INT_REPR_018,L1_G,G_INT_REPR,ACTIVE
SRC-G-0523,General,new,G_INT_REPR_019,L1_G,G_INT_REPR,ACTIVE
SRC-G-0524,General,new,G_INT_REPR_014,L1_G,G_INT_REPR,ACTIVE
SRC-G-0525,General,new,G_INT_REPR_015,L1_G,G_INT_REPR,ACTIVE
SRC-G-0526,General,new,G_INT_REPR_009,L1_G,G_INT_REPR,ACTIVE
SRC-G-0527,General,new,G_INT_REPR_008,L1_G,G_INT_REPR,ACTIVE
SRC-G-0528,General,new,G_INT_REPR_012,L1_G,G_INT_REPR,ACTIVE
SRC-G-0529,General,new,G_INT_POL_008,L1_G,G_INT_POL,ACTIVE
SRC-G-0530,General,new,G_INT_POL_007,L1_G,G_INT_POL,ACTIVE
SRC-G-0531,General,new,G_INT_POL_004,L1_G,G_INT_POL,ACTIVE
SRC-G-0532,General,new,G_INT_POL_001,L1_G,G_INT_POL,ACTIVE
SRC-G-0533,General,new,G_INT_POL_010,L1_G,G_INT_POL,ACTIVE
SRC-G-0534,General,new,G_INT_POL_009,L1_G,G_INT_POL,ACTIVE
SRC-G-0535,General,new,G_INT_ANTH_003,L1_G,G_INT_ANTH,ACTIVE
SRC-G-0536,General,new,G_INT_ANTH_009,L1_G,G_INT_ANTH,ACTIVE
SRC-G-0537,General,new,G_INT_ANTH_001,L1_G,G_INT_ANTH,ACTIVE
SRC-G-0538,General,new,G_INT_ANTH_006,L1_G,G_INT_ANTH,ACTIVE
SRC-G-0539,General,new,G_INT_ANTH_002,L1_G,G_INT_ANTH,ACTIVE
SRC-G-0540,General,new,G_INT_ANTH_004,L1_G,G_INT_ANTH,ACTIVE
SRC-G-0541,General,new,G_INT_ANTH_007,L1_G,G_INT_ANTH,ACTIVE
SRC-G-0542,General,new,G_INT_ANTH_008,L1_G,G_INT_ANTH,ACTIVE
SRC-G-0543,General,new,G_INT_ANTH_010,L1_G,G_INT_ANTH,ACTIVE
SRC-G-0544,General,new,G_INT_ANTH_005,L1_G,G_INT_ANTH,ACTIVE
SRC-G-0545,General,new,,,,DELETED
SRC-G-0546,General,new,,,,DELETED
SRC-G-0547,General,new,,,,DELETED
SRC-G-0548,General,new,,,,DELETED
SRC-G-0549,General,new,,,,DELETED
SRC-G-0550,General,new,,,,DELETED
SRC-G-0551,General,new,,,,DELETED
SRC-G-0552,General,new,,,,DELETED
SRC-G-0553,General,new,G_INT_PRIV_008,L1_G,G_INT_PRIV,ACTIVE
SRC-G-0554,General,new,G_INT_PRIV_011,L1_G,G_INT_PRIV,ACTIVE
SRC-G-0555,General,new,G_INT_PRIV_007,L1_G,G_INT_PRIV,ACTIVE
SRC-G-0556,General,new,G_INT_PRIV_004,L1_G,G_INT_PRIV,ACTIVE
SRC-G-0557,General,new,G_INT_PRIV_022,L1_G,G_INT_PRIV,ACTIVE
SRC-G-0558,General,new,G_INT_PRIV_011,L1_G,G_INT_PRIV,DEDUPLICATED
SRC-G-0559,General,new,G_INT_PRIV_014,L1_G,G_INT_PRIV,ACTIVE
SRC-G-0560,General,new,G_INT_ILLEGAL_003,L1_G,G_INT_ILLEGAL,ACTIVE
SRC-G-0561,General,new,G_INT_ILLEGAL_005,L1_G,G_INT_ILLEGAL,ACTIVE
SRC-G-0562,General,new,G_INT_ILLEGAL_009,L1_G,G_INT_ILLEGAL,ACTIVE
SRC-G-0563,General,new,G_INT_ILLEGAL_008,L1_G,G_INT_ILLEGAL,ACTIVE
SRC-G-0564,General,new,G_INT_ILLEGAL_006,L1_G,G_INT_ILLEGAL,ACTIVE
SRC-G-0565,General,new,G_INT_ILLEGAL_007,L1_G,G_INT_ILLEGAL,ACTIVE
SRC-G-0566,General,new,G_INT_ILLEGAL_011,L1_G,G_INT_ILLEGAL,ACTIVE
SRC-G-0567,General,new,G_INT_ILLEGAL_002,L1_G,G_INT_ILLEGAL,ACTIVE
SRC-G-0568,General,new,G_INT_ILLEGAL_010,L1_G,G_INT_ILLEGAL,ACTIVE
SRC-G-0569,General,new,G_INT_ILLEGAL_001,L1_G,G_INT_ILLEGAL,ACTIVE
SRC-G-0570,General,new,G_INT_COPY_009,L1_G,G_INT_COPY,ACTIVE
SRC-G-0571,General,new,G_INT_COPY_001,L1_G,G_INT_COPY,ACTIVE
SRC-G-0572,General,new,G_INT_COPY_003,L1_G,G_INT_COPY,ACTIVE
SRC-G-0573,General,new,G_INT_COPY_008,L1_G,G_INT_COPY,ACTIVE
SRC-G-0574,General,new,G_INT_COPY_007,L1_G,G_INT_COPY,ACTIVE
SRC-G-0575,General,new,G_INT_COPY_009,L1_G,G_INT_COPY,DEDUPLICATED
SRC-G-0576,General,new,G_INT_COPY_002,L1_G,G_INT_COPY,ACTIVE
SRC-G-0577,General,new,G_INT_WEAP_011,L1_G,G_INT_WEAP,ACTIVE
SRC-G-0578,General,new,G_INT_WEAP_005,L1_G,G_INT_WEAP,ACTIVE
SRC-G-0579,General,new,G_INT_WEAP_001,L1_G,G_INT_WEAP,ACTIVE
SRC-G-0580,General,new,G_INT_WEAP_016,L1_G,G_INT_WEAP,ACTIVE
SRC-G-0581,General,new,G_INT_WEAP_020,L1_G,G_INT_WEAP,ACTIVE
SRC-G-0582,General,new,G_INT_WEAP_006,L1_G,G_INT_WEAP,ACTIVE
SRC-G-0583,General,new,G_INT_WEAP_019,L1_G,G_INT_WEAP,ACTIVE
SRC-G-0584,General,new,G_INT_WEAP_017,L1_G,G_INT_WEAP,ACTIVE
SRC-G-0585,General,new,G_SYS_POLICY_006,L1_G,G_SYS_POLICY,ACTIVE
SRC-G-0586,General,new,G_SYS_POLICY_005,L1_G,G_SYS_POLICY,ACTIVE
SRC-G-0587,General,new,G_SYS_POLICY_008,L1_G,G_SYS_POLICY,ACTIVE
SRC-G-0588,General,new,G_SYS_POLICY_003,L1_G,G_SYS_POLICY,ACTIVE
SRC-G-0589,General,new,G_SYS_POLICY_004,L1_G,G_SYS_POLICY,ACTIVE
SRC-G-0590,General,new,G_SYS_POLICY_002,L1_G,G_SYS_POLICY,ACTIVE
SRC-G-0591,General,new,G_SYS_SECADV_029,L1_G,G_SYS_SECADV,ACTIVE
SRC-A-0001,Agentic,RAI4-0002,A_SYS_AUTH_001,L1_A,A_SYS_AUTH,ACTIVE
SRC-A-0002,Agentic,RAI4-0004,A_SYS_AUTH_015,L1_A,A_SYS_AUTH,ACTIVE
SRC-A-0003,Agentic,RAI4-0012,A_SYS_AUTH_003,L1_A,A_SYS_AUTH,ACTIVE
SRC-A-0004,Agentic,RAI4-0013,A_SYS_AUTH_002,L1_A,A_SYS_AUTH,ACTIVE
SRC-A-0005,Agentic,RAI4-0014,A_INT_CASCADE_007,L1_A,A_INT_CASCADE,ACTIVE
SRC-A-0006,Agentic,RAI4-0016,A_SYS_AUTH_004,L1_A,A_SYS_AUTH,ACTIVE
SRC-A-0007,Agentic,RAI4-0017,A_Others_013,L1_A,A_Others,ACTIVE
SRC-A-0008,Agentic,RAI4-0020,A_SYS_AUTH_009,L1_A,A_SYS_AUTH,ACTIVE
SRC-A-0009,Agentic,RAI4-0022,A_SYS_DECEPT_003,L1_A,A_SYS_DECEPT,ACTIVE
SRC-A-0010,Agentic,RAI4-0025,A_Others_010,L1_A,A_Others,ACTIVE
SRC-A-0011,Agentic,RAI4-0027,A_SYS_AUTH_008,L1_A,A_SYS_AUTH,ACTIVE
SRC-A-0012,Agentic,RAI4-0030,A_SYS_AUTH_007,L1_A,A_SYS_AUTH,ACTIVE
SRC-A-0013,Agentic,RAI4-0039,A_Others_011,L1_A,A_Others,ACTIVE
SRC-A-0014,Agentic,RAI4-0043,A_SYS_AUTH_011,L1_A,A_SYS_AUTH,ACTIVE
SRC-A-0015,Agentic,RAI4-0045,A_SYS_AUTH_012,L1_A,A_SYS_AUTH,ACTIVE
SRC-A-0016,Agentic,RAI4-0480,A_Others_001,L1_A,A_Others,ACTIVE
SRC-A-0017,Agentic,RAI4-1381,A_SYS_SELFCOR_003,L1_A,A_SYS_SELFCOR,ACTIVE
SRC-A-0018,Agentic,RAI4-1386,A_SYS_AUTH_014,L1_A,A_SYS_AUTH,ACTIVE
SRC-A-0019,Agentic,RAI4-1644,A_SYS_GOAL_015,L1_A,A_SYS_GOAL,ACTIVE
SRC-A-0020,Agentic,RAI4-1680,A_SYS_GOAL_018,L1_A,A_SYS_GOAL,ACTIVE
SRC-A-0021,Agentic,RAI4-1700,A_Others_006,L1_A,A_Others,ACTIVE
SRC-A-0022,Agentic,RAI4-0005,A_SYS_SELFCOR_005,L1_A,A_SYS_SELFCOR,ACTIVE
SRC-A-0023,Agentic,RAI4-0006,G_SYS_EVAL_023,L1_G,G_SYS_EVAL,ACTIVE
SRC-A-0024,Agentic,RAI4-0007,G_Others_019,L1_G,G_Others,ACTIVE
SRC-A-0025,Agentic,RAI4-0024,A_SYS_SELFCOR_002,L1_A,A_SYS_SELFCOR,ACTIVE
SRC-A-0026,Agentic,RAI4-0031,G_SYS_EVAL_034,L1_G,G_SYS_EVAL,ACTIVE
SRC-A-0027,Agentic,RAI4-0042,G_SYS_EVAL_033,L1_G,G_SYS_EVAL,ACTIVE
SRC-A-0028,Agentic,RAI4-0044,G_SYS_CONTEXT_002,L1_G,G_SYS_CONTEXT,ACTIVE
SRC-A-0029,Agentic,RAI4-0050,G_SOC_GOV_002,L1_G,G_SOC_GOV,ACTIVE
SRC-A-0030,Agentic,RAI4-0071,G_SYS_EVAL_021,L1_G,G_SYS_EVAL,ACTIVE
SRC-A-0031,Agentic,RAI4-0075,G_SYS_EVAL_011,L1_G,G_SYS_EVAL,ACTIVE
SRC-A-0032,Agentic,RAI4-0280,P_Others_020,L1_P,P_Others,ACTIVE
SRC-A-0033,Agentic,RAI4-0393,G_SYS_EVAL_012,L1_G,G_SYS_EVAL,ACTIVE
SRC-A-0034,Agentic,RAI4-0011,A_SYS_DECEPT_001,L1_A,A_SYS_DECEPT,ACTIVE
SRC-A-0035,Agentic,RAI4-0405,G_INT_REPR_026,L1_G,G_INT_REPR,ACTIVE
SRC-A-0036,Agentic,RAI4-0438,G_SYS_MISINFO_023,L1_G,G_SYS_MISINFO,ACTIVE
SRC-A-0037,Agentic,RAI4-1051,G_INT_REPR_024,L1_G,G_INT_REPR,ACTIVE
SRC-A-0038,Agentic,RAI4-1061,G_INT_REPR_025,L1_G,G_INT_REPR,ACTIVE
SRC-A-0039,Agentic,RAI4-1063,A_SYS_DECEPT_004,L1_A,A_SYS_DECEPT,ACTIVE
SRC-A-0040,Agentic,RAI4-1554,G_Others_060,L1_G,G_Others,ACTIVE
SRC-A-0041,Agentic,RAI4-1647,A_Others_002,L1_A,A_Others,ACTIVE
SRC-A-0042,Agentic,RAI4-0250,P_SYS_CONTROL_042,L1_P,P_SYS_CONTROL,ACTIVE
SRC-A-0043,Agentic,RAI4-0294,A_INT_CASCADE_008,L1_A,A_INT_CASCADE,ACTIVE
SRC-A-0044,Agentic,RAI4-0561,A_INT_CASCADE_002,L1_A,A_INT_CASCADE,ACTIVE
SRC-A-0045,Agentic,RAI4-0567,A_Others_012,L1_A,A_Others,ACTIVE
SRC-A-0046,Agentic,RAI4-0574,A_INT_COORD_002,L1_A,A_INT_COORD,ACTIVE
SRC-A-0047,Agentic,RAI4-0579,A_INT_CASCADE_003,L1_A,A_INT_CASCADE,ACTIVE
SRC-A-0048,Agentic,RAI4-1574,A_INT_CASCADE_001,L1_A,A_INT_CASCADE,ACTIVE
SRC-A-0049,Agentic,RAI4-0040,A_INT_CONFLICT_002,L1_A,A_INT_CONFLICT,ACTIVE
SRC-A-0050,Agentic,RAI4-0263,P_Others_022,L1_P,P_Others,ACTIVE
SRC-A-0051,Agentic,RAI4-0272,G_SYS_EVAL_001,L1_G,G_SYS_EVAL,ACTIVE
SRC-A-0052,Agentic,RAI4-0472,G_SYS_EVAL_007,L1_G,G_SYS_EVAL,ACTIVE
SRC-A-0053,Agentic,RAI4-1432,A_INT_COORD_004,L1_A,A_INT_COORD,ACTIVE
SRC-A-0054,Agentic,RAI4-1436,G_SOC_POWER_011,L1_G,G_SOC_POWER,ACTIVE
SRC-A-0055,Agentic,RAI4-1571,A_INT_CONFLICT_003,L1_A,A_INT_CONFLICT,ACTIVE
SRC-A-0056,Agentic,RAI4-1681,A_INT_CONFLICT_001,L1_A,A_INT_CONFLICT,ACTIVE
SRC-A-0057,Agentic,RAI4-0009,A_INT_CASCADE_005,L1_A,A_INT_CASCADE,ACTIVE
SRC-A-0058,Agentic,RAI4-0483,A_INT_COLLUSION_003,L1_A,A_INT_COLLUSION,ACTIVE
SRC-A-0059,Agentic,RAI4-0583,A_Others_014,L1_A,A_Others,ACTIVE
SRC-A-0060,Agentic,RAI4-0589,A_INT_COORD_003,L1_A,A_INT_COORD,ACTIVE
SRC-A-0061,Agentic,RAI4-0598,A_INT_COORD_005,L1_A,A_INT_COORD,ACTIVE
SRC-A-0062,Agentic,RAI4-0605,A_INT_COLLUSION_002,L1_A,A_INT_COLLUSION,ACTIVE
SRC-A-0063,Agentic,RAI4-1388,,,,DELETED
SRC-A-0064,Agentic,RAI4-1400,G_Others_008,L1_G,G_Others,ACTIVE
SRC-A-0065,Agentic,RAI4-1570,A_INT_COLLUSION_001,L1_A,A_INT_COLLUSION,ACTIVE
SRC-A-0066,Agentic,RAI4-1577,A_INT_CASCADE_006,L1_A,A_INT_CASCADE,ACTIVE
SRC-A-0067,Agentic,RAI4-1580,A_Others_005,L1_A,A_Others,ACTIVE
SRC-A-0068,Agentic,RAI4-1648,A_INT_COORD_001,L1_A,A_INT_COORD,ACTIVE
SRC-A-0069,Agentic,RAI4-0982,G_SOC_ECON_005,L1_G,G_SOC_ECON,ACTIVE
SRC-A-0070,Agentic,RAI4-1001,G_INT_REPR_002,L1_G,G_INT_REPR,ACTIVE
SRC-A-0071,Agentic,RAI4-1501,G_INT_ALLOC_007,L1_G,G_INT_ALLOC,ACTIVE
SRC-A-0072,Agentic,RAI4-1572,G_INT_REPR_023,L1_G,G_INT_REPR,ACTIVE
SRC-A-0073,Agentic,RAI4-0047,A_SYS_TRACE_002,L1_A,A_SYS_TRACE,ACTIVE
SRC-A-0074,Agentic,RAI4-1098,A_SYS_TRACE_003,L1_A,A_SYS_TRACE,ACTIVE
SRC-A-0075,Agentic,RAI4-0150,G_INT_REL_004,L1_G,G_INT_REL,ACTIVE
SRC-A-0076,Agentic,RAI4-0152,G_INT_REL_003,L1_G,G_INT_REL,ACTIVE
SRC-A-0077,Agentic,RAI4-0158,G_INT_REL_005,L1_G,G_INT_REL,ACTIVE
SRC-A-0078,Agentic,RAI4-0651,G_SOC_DEMOC_002,L1_G,G_SOC_DEMOC,ACTIVE
SRC-A-0079,Agentic,RAI4-0884,G_INT_UNETH_012,L1_G,G_INT_UNETH,ACTIVE
SRC-A-0080,Agentic,RAI4-0367,G_Others_121,L1_G,G_Others,ACTIVE
SRC-A-0081,Agentic,RAI4-1288,A_SYS_GOAL_004,L1_A,A_SYS_GOAL,ACTIVE
SRC-A-0082,Agentic,RAI4-1306,G_SOC_GOV_005,L1_G,G_SOC_GOV,ACTIVE
SRC-A-0083,Agentic,RAI4-0279,P_SYS_STATE_005,L1_P,P_SYS_STATE,ACTIVE
SRC-P-0001,Physical,RAI4-0269,P_SYS_STATE_013,L1_P,P_SYS_STATE,ACTIVE
SRC-P-0002,Physical,RAI4-0277,G_SYS_EVAL_008,L1_G,G_SYS_EVAL,ACTIVE
SRC-P-0003,Physical,RAI4-0324,P_SYS_STATE_008,L1_P,P_SYS_STATE,ACTIVE
SRC-P-0004,Physical,RAI4-0335,P_Others_010,L1_P,P_Others,ACTIVE
SRC-P-0005,Physical,RAI4-0545,G_Others_063,L1_G,G_Others,ACTIVE
SRC-P-0006,Physical,RAI4-0629,G_SYS_OEXT_002,L1_G,G_SYS_OEXT,ACTIVE
SRC-P-0007,Physical,RAI4-0736,G_SYS_SECADV_014,L1_G,G_SYS_SECADV,ACTIVE
SRC-P-0008,Physical,RAI4-1383,G_Others_056,L1_G,G_Others,ACTIVE
SRC-P-0009,Physical,RAI4-1497,G_SYS_INPUT_001,L1_G,G_SYS_INPUT,ACTIVE
SRC-P-0010,Physical,RAI4-1631,G_INT_UNETH_009,L1_G,G_INT_UNETH,ACTIVE
SRC-P-0011,Physical,RAI4-1689,P_SYS_STATE_006,L1_P,P_SYS_STATE,ACTIVE
SRC-P-0012,Physical,RAI4-1701,A_Others_008,L1_A,A_Others,ACTIVE
SRC-P-0013,Physical,RAI4-0206,P_SYS_CONTROL_012,L1_P,P_SYS_CONTROL,ACTIVE
SRC-P-0014,Physical,RAI4-0207,P_SYS_CONTROL_026,L1_P,P_SYS_CONTROL,ACTIVE
SRC-P-0015,Physical,RAI4-0208,P_SYS_CONTROL_014,L1_P,P_SYS_CONTROL,ACTIVE
SRC-P-0016,Physical,RAI4-0215,P_INT_SAFETY_013,L1_P,P_INT_SAFETY,ACTIVE
SRC-P-0017,Physical,RAI4-0218,P_INT_SAFETY_012,L1_P,P_INT_SAFETY,ACTIVE
SRC-P-0018,Physical,RAI4-0219,P_Others_016,L1_P,P_Others,ACTIVE
SRC-P-0019,Physical,RAI4-0237,P_SYS_CONTROL_040,L1_P,P_SYS_CONTROL,ACTIVE
SRC-P-0020,Physical,RAI4-0241,P_SYS_CONTROL_037,L1_P,P_SYS_CONTROL,ACTIVE
SRC-P-0021,Physical,RAI4-0243,P_Others_024,L1_P,P_Others,ACTIVE
SRC-P-0022,Physical,RAI4-0260,P_SYS_CONTROL_044,L1_P,P_SYS_CONTROL,ACTIVE
SRC-P-0023,Physical,RAI4-0264,P_SYS_CONTROL_034,L1_P,P_SYS_CONTROL,ACTIVE
SRC-P-0024,Physical,RAI4-0273,P_SYS_CONTROL_021,L1_P,P_SYS_CONTROL,ACTIVE
SRC-P-0025,Physical,RAI4-0282,P_SYS_CONTROL_003,L1_P,P_SYS_CONTROL,ACTIVE
SRC-P-0026,Physical,RAI4-0288,P_Others_021,L1_P,P_Others,ACTIVE
SRC-P-0027,Physical,RAI4-0290,P_INT_SAFETY_008,L1_P,P_INT_SAFETY,ACTIVE
SRC-P-0028,Physical,RAI4-0291,P_SYS_CONTROL_030,L1_P,P_SYS_CONTROL,ACTIVE
SRC-P-0029,Physical,RAI4-0293,P_SYS_CONTROL_007,L1_P,P_SYS_CONTROL,ACTIVE
SRC-P-0030,Physical,RAI4-0296,P_SYS_CONTROL_008,L1_P,P_SYS_CONTROL,ACTIVE
SRC-P-0031,Physical,RAI4-0297,P_SYS_CONTROL_024,L1_P,P_SYS_CONTROL,ACTIVE
SRC-P-0032,Physical,RAI4-0299,P_SYS_CONTROL_032,L1_P,P_SYS_CONTROL,ACTIVE
SRC-P-0033,Physical,RAI4-0303,P_SYS_CONTROL_005,L1_P,P_SYS_CONTROL,ACTIVE
SRC-P-0034,Physical,RAI4-0304,P_SYS_CONTROL_004,L1_P,P_SYS_CONTROL,ACTIVE
SRC-P-0035,Physical,RAI4-0309,P_SYS_CONTROL_006,L1_P,P_SYS_CONTROL,ACTIVE
SRC-P-0036,Physical,RAI4-0310,P_Others_014,L1_P,P_Others,ACTIVE
SRC-P-0037,Physical,RAI4-0314,P_SYS_CONTROL_027,L1_P,P_SYS_CONTROL,ACTIVE
SRC-P-0038,Physical,RAI4-0315,P_SYS_CONTROL_036,L1_P,P_SYS_CONTROL,ACTIVE
SRC-P-0039,Physical,RAI4-0331,P_SYS_CONTROL_015,L1_P,P_SYS_CONTROL,ACTIVE
SRC-P-0040,Physical,RAI4-0339,P_SYS_CONTROL_028,L1_P,P_SYS_CONTROL,ACTIVE
SRC-P-0041,Physical,RAI4-0343,P_SYS_CONTROL_023,L1_P,P_SYS_CONTROL,ACTIVE
SRC-P-0042,Physical,RAI4-0361,P_Others_026,L1_P,P_Others,ACTIVE
SRC-P-0043,Physical,RAI4-0183,P_Others_019,L1_P,P_Others,ACTIVE
SRC-P-0044,Physical,RAI4-0298,P_SYS_HARDWARE_004,L1_P,P_SYS_HARDWARE,ACTIVE
SRC-P-0045,Physical,RAI4-0300,P_Others_003,L1_P,P_Others,ACTIVE
SRC-P-0046,Physical,RAI4-0333,P_SYS_CONTROL_013,L1_P,P_SYS_CONTROL,ACTIVE
SRC-P-0047,Physical,RAI4-0661,,,,DELETED
SRC-P-0048,Physical,RAI4-1035,P_SYS_HARDWARE_002,L1_P,P_SYS_HARDWARE,ACTIVE
SRC-P-0049,Physical,RAI4-1496,P_SYS_HARDWARE_005,L1_P,P_SYS_HARDWARE,ACTIVE
SRC-P-0050,Physical,RAI4-1629,P_SYS_CONTROL_025,L1_P,P_SYS_CONTROL,ACTIVE
SRC-P-0051,Physical,RAI4-0776,G_SYS_SECADV_033,L1_G,G_SYS_SECADV,ACTIVE
SRC-P-0052,Physical,RAI4-0853,,,,DELETED
SRC-P-0053,Physical,RAI4-0993,P_SYS_CONTROL_020,L1_P,P_SYS_CONTROL,ACTIVE
SRC-P-0054,Physical,RAI4-1039,P_SYS_CONTROL_002,L1_P,P_SYS_CONTROL,ACTIVE
SRC-P-0055,Physical,RAI4-1092,G_SOC_POWER_017,L1_G,G_SOC_POWER,ACTIVE
SRC-P-0056,Physical,RAI4-1157,G_SYS_SECADV_009,L1_G,G_SYS_SECADV,ACTIVE
SRC-P-0057,Physical,RAI4-1252,A_Others_015,L1_A,A_Others,ACTIVE
SRC-P-0058,Physical,RAI4-1282,G_SYS_SECADV_002,L1_G,G_SYS_SECADV,ACTIVE
SRC-P-0059,Physical,RAI4-1284,P_Others_008,L1_P,P_Others,ACTIVE
SRC-P-0060,Physical,RAI4-1333,P_INT_TAMPER_008,L1_P,P_INT_TAMPER,ACTIVE
SRC-P-0061,Physical,RAI4-1489,P_SYS_STATE_012,L1_P,P_SYS_STATE,ACTIVE
SRC-P-0062,Physical,RAI4-1490,,,,DELETED
SRC-P-0063,Physical,RAI4-1519,,,,DELETED
SRC-P-0064,Physical,RAI4-1541,,,,DELETED
SRC-P-0065,Physical,RAI4-1562,,,,DELETED
SRC-P-0066,Physical,RAI4-1596,,,,DELETED
SRC-P-0067,Physical,RAI4-0035,,,,DELETED
SRC-P-0068,Physical,RAI4-0213,,,,DELETED
SRC-P-0069,Physical,RAI4-0377,,,,DELETED
SRC-P-0070,Physical,RAI4-0408,,,,DELETED
SRC-P-0071,Physical,RAI4-0811,,,,DELETED
SRC-P-0072,Physical,RAI4-0196,G_SYS_SECADV_020,L1_G,G_SYS_SECADV,ACTIVE
SRC-P-0073,Physical,RAI4-0227,P_SYS_CONTROL_039,L1_P,P_SYS_CONTROL,ACTIVE
SRC-P-0074,Physical,RAI4-0669,G_SYS_SECADV_022,L1_G,G_SYS_SECADV,ACTIVE
SRC-P-0075,Physical,RAI4-0758,G_SYS_SECADV_028,L1_G,G_SYS_SECADV,ACTIVE
SRC-P-0076,Physical,RAI4-0767,G_SYS_SECADV_006,L1_G,G_SYS_SECADV,ACTIVE
SRC-P-0077,Physical,RAI4-0773,,,,DELETED
SRC-P-0078,Physical,RAI4-0782,,,,DELETED
SRC-P-0079,Physical,RAI4-0789,,,,DELETED
SRC-P-0080,Physical,RAI4-0917,,,,DELETED
SRC-P-0081,Physical,RAI4-0919,,,,DELETED
SRC-P-0082,Physical,RAI4-0921,,,,DELETED
SRC-P-0083,Physical,RAI4-0927,G_SYS_SECADV_026,L1_G,G_SYS_SECADV,ACTIVE
SRC-P-0084,Physical,RAI4-0928,G_SYS_SECADV_018,L1_G,G_SYS_SECADV,ACTIVE
SRC-P-0085,Physical,RAI4-0930,G_SYS_SECADV_025,L1_G,G_SYS_SECADV,ACTIVE
SRC-P-0086,Physical,RAI4-0943,,,,DELETED
SRC-P-0087,Physical,RAI4-1058,,,,DELETED
SRC-P-0088,Physical,RAI4-1176,G_Others_126,L1_G,G_Others,ACTIVE
SRC-P-0089,Physical,RAI4-1348,,,,DELETED
SRC-P-0090,Physical,RAI4-1354,G_SYS_SECADV_011,L1_G,G_SYS_SECADV,ACTIVE
SRC-P-0091,Physical,RAI4-1513,G_Others_104,L1_G,G_Others,ACTIVE
SRC-P-0092,Physical,RAI4-1517,G_SYS_SECADV_019,L1_G,G_SYS_SECADV,ACTIVE
SRC-P-0093,Physical,RAI4-1520,G_SYS_SECADV_032,L1_G,G_SYS_SECADV,ACTIVE
SRC-P-0094,Physical,RAI4-1521,G_SYS_SECADV_003,L1_G,G_SYS_SECADV,ACTIVE
SRC-P-0095,Physical,RAI4-1522,,,,DELETED
SRC-P-0096,Physical,RAI4-1658,,,,DELETED
SRC-P-0097,Physical,RAI4-1665,G_SYS_SECADV_030,L1_G,G_SYS_SECADV,ACTIVE
SRC-P-0098,Physical,RAI4-1666,G_SYS_SECADV_004,L1_G,G_SYS_SECADV,ACTIVE
SRC-P-0099,Physical,RAI4-1675,P_SYS_CONTROL_017,L1_P,P_SYS_CONTROL,ACTIVE
SRC-P-0100,Physical,RAI4-1686,,,,DELETED
SRC-P-0101,Physical,RAI4-0197,P_INT_TAMPER_007,L1_P,P_INT_TAMPER,ACTIVE
SRC-P-0102,Physical,RAI4-0198,,,,DELETED
SRC-P-0103,Physical,RAI4-0199,P_INT_TAMPER_005,L1_P,P_INT_TAMPER,ACTIVE
SRC-P-0104,Physical,RAI4-0201,P_INT_TAMPER_004,L1_P,P_INT_TAMPER,ACTIVE
SRC-P-0105,Physical,RAI4-0210,P_INT_TAMPER_009,L1_P,P_INT_TAMPER,ACTIVE
SRC-P-0106,Physical,RAI4-0221,P_INT_TAMPER_001,L1_P,P_INT_TAMPER,ACTIVE
SRC-P-0107,Physical,RAI4-0302,P_INT_TAMPER_011,L1_P,P_INT_TAMPER,ACTIVE
SRC-P-0108,Physical,RAI4-0305,P_INT_TAMPER_002,L1_P,P_INT_TAMPER,ACTIVE
SRC-P-0109,Physical,RAI4-0311,P_Others_007,L1_P,P_Others,MERGED
SRC-P-0110,Physical,RAI4-0323,P_INT_TAMPER_010,L1_P,P_INT_TAMPER,ACTIVE
SRC-P-0111,Physical,RAI4-1677,,,,DELETED
SRC-P-0112,Physical,RAI4-0348,P_INT_TAMPER_006,L1_P,P_INT_TAMPER,ACTIVE
SRC-P-0113,Physical,RAI4-0350,P_INT_TAMPER_003,L1_P,P_INT_TAMPER,ACTIVE
SRC-P-0114,Physical,RAI4-0774,G_SYS_SECADV_005,L1_G,G_SYS_SECADV,ACTIVE
SRC-P-0115,Physical,RAI4-1337,G_SYS_SECADV_015,L1_G,G_SYS_SECADV,ACTIVE
SRC-P-0116,Physical,RAI4-1338,G_Others_002,L1_G,G_Others,ACTIVE
SRC-P-0117,Physical,RAI4-1377,G_SYS_SECADV_021,L1_G,G_SYS_SECADV,ACTIVE
SRC-P-0118,Physical,RAI4-1547,G_INT_WEAP_013,L1_G,G_INT_WEAP,ACTIVE
SRC-P-0119,Physical,RAI4-1550,G_SYS_SECADV_007,L1_G,G_SYS_SECADV,ACTIVE
SRC-P-0120,Physical,RAI4-1561,G_SYS_SECADV_010,L1_G,G_SYS_SECADV,ACTIVE
SRC-P-0121,Physical,RAI4-0180,P_INT_SAFETY_006,L1_P,P_INT_SAFETY,ACTIVE
SRC-P-0122,Physical,RAI4-0181,P_INT_SAFETY_005,L1_P,P_INT_SAFETY,ACTIVE
SRC-P-0123,Physical,RAI4-0224,P_INT_SAFETY_015,L1_P,P_INT_SAFETY,ACTIVE
SRC-P-0124,Physical,RAI4-0234,P_INT_SAFETY_002,L1_P,P_INT_SAFETY,ACTIVE
SRC-P-0125,Physical,RAI4-0240,P_SYS_STATE_003,L1_P,P_SYS_STATE,ACTIVE
SRC-P-0126,Physical,RAI4-0261,P_Others_028,L1_P,P_Others,ACTIVE
SRC-P-0127,Physical,RAI4-0278,P_Others_015,L1_P,P_Others,ACTIVE
SRC-P-0128,Physical,RAI4-0321,P_SYS_STATE_001,L1_P,P_SYS_STATE,ACTIVE
SRC-P-0129,Physical,RAI4-0322,P_SYS_STATE_010,L1_P,P_SYS_STATE,ACTIVE
SRC-P-0130,Physical,RAI4-0352,P_SYS_HARDWARE_003,L1_P,P_SYS_HARDWARE,ACTIVE
SRC-P-0131,Physical,RAI4-0442,G_SYS_MISINFO_017,L1_G,G_SYS_MISINFO,ACTIVE
SRC-P-0132,Physical,RAI4-0444,G_SOC_CULT_012,L1_G,G_SOC_CULT,ACTIVE
SRC-P-0133,Physical,RAI4-0787,G_SYS_MISINFO_009,L1_G,G_SYS_MISINFO,ACTIVE
SRC-P-0134,Physical,RAI4-0803,,,,DELETED
SRC-P-0135,Physical,RAI4-0817,G_SYS_MISINFO_016,L1_G,G_SYS_MISINFO,ACTIVE
SRC-P-0136,Physical,RAI4-0820,G_SYS_MISINFO_019,L1_G,G_SYS_MISINFO,ACTIVE
SRC-P-0137,Physical,RAI4-1524,G_SYS_MISINFO_013,L1_G,G_SYS_MISINFO,ACTIVE
SRC-P-0138,Physical,RAI4-1527,G_SYS_MISINFO_022,L1_G,G_SYS_MISINFO,ACTIVE
SRC-P-0139,Physical,RAI4-1688,P_SYS_STATE_002,L1_P,P_SYS_STATE,ACTIVE
SRC-P-0140,Physical,RAI4-1696,G_INT_POL_005,L1_G,G_INT_POL,ACTIVE
SRC-P-0141,Physical,RAI4-1697,G_SYS_TRANS_007,L1_G,G_SYS_TRANS,ACTIVE
SRC-P-0142,Physical,RAI4-0209,P_SYS_CONTROL_001,L1_P,P_SYS_CONTROL,ACTIVE
SRC-P-0143,Physical,RAI4-0337,P_Others_009,L1_P,P_Others,ACTIVE
SRC-P-0144,Physical,RAI4-0466,G_SYS_SECADV_001,L1_G,G_SYS_SECADV,ACTIVE
SRC-P-0145,Physical,RAI4-0920,,,,DELETED
SRC-P-0146,Physical,RAI4-1287,P_SYS_HARDWARE_001,L1_P,P_SYS_HARDWARE,ACTIVE
SRC-P-0147,Physical,RAI4-0245,P_INT_SAFETY_017,L1_P,P_INT_SAFETY,ACTIVE
SRC-P-0148,Physical,RAI4-0247,P_SYS_CONTROL_010,L1_P,P_SYS_CONTROL,ACTIVE
SRC-P-0149,Physical,RAI4-0249,P_Others_027,L1_P,P_Others,ACTIVE
SRC-P-0150,Physical,RAI4-0253,P_SYS_CONTROL_029,L1_P,P_SYS_CONTROL,ACTIVE
SRC-P-0151,Physical,RAI4-0254,P_SYS_CONTROL_031,L1_P,P_SYS_CONTROL,ACTIVE
SRC-P-0152,Physical,RAI4-0255,P_INT_SAFETY_011,L1_P,P_INT_SAFETY,ACTIVE
SRC-P-0153,Physical,RAI4-0256,P_SYS_CONTROL_022,L1_P,P_SYS_CONTROL,ACTIVE
SRC-P-0154,Physical,RAI4-0257,P_SYS_CONTROL_019,L1_P,P_SYS_CONTROL,ACTIVE
SRC-P-0155,Physical,RAI4-0262,P_Others_017,L1_P,P_Others,ACTIVE
SRC-P-0156,Physical,RAI4-0265,P_SYS_CONTROL_035,L1_P,P_SYS_CONTROL,ACTIVE
SRC-P-0157,Physical,RAI4-0266,P_Others_007,L1_P,P_Others,MERGED
SRC-P-0158,Physical,RAI4-0270,P_SYS_STATE_009,L1_P,P_SYS_STATE,ACTIVE
SRC-P-0159,Physical,RAI4-0276,P_INT_SAFETY_007,L1_P,P_INT_SAFETY,ACTIVE
SRC-P-0160,Physical,RAI4-0283,P_SYS_CONTROL_018,L1_P,P_SYS_CONTROL,ACTIVE
SRC-P-0161,Physical,RAI4-0285,P_Others_018,L1_P,P_Others,ACTIVE
SRC-P-0162,Physical,RAI4-0286,P_Others_001,L1_P,P_Others,ACTIVE
SRC-P-0163,Physical,RAI4-0287,P_Others_001,L1_P,P_Others,MERGED
SRC-P-0164,Physical,RAI4-0316,P_Others_001,L1_P,P_Others,MERGED
SRC-P-0165,Physical,RAI4-0320,P_SYS_STATE_011,L1_P,P_SYS_STATE,ACTIVE
SRC-P-0166,Physical,RAI4-0029,A_SYS_DECEPT_002,L1_A,A_SYS_DECEPT,ACTIVE
SRC-P-0167,Physical,RAI4-0032,A_Others_017,L1_A,A_Others,ACTIVE
SRC-P-0168,Physical,RAI4-0235,P_SYS_CONTROL_043,L1_P,P_SYS_CONTROL,ACTIVE
SRC-P-0169,Physical,RAI4-0275,P_Others_002,L1_P,P_Others,ACTIVE
SRC-P-0170,Physical,RAI4-0281,P_INT_SAFETY_014,L1_P,P_INT_SAFETY,ACTIVE
SRC-P-0171,Physical,RAI4-0326,G_SYS_INPUT_004,L1_G,G_SYS_INPUT,ACTIVE
SRC-P-0172,Physical,RAI4-0327,P_SYS_CONTROL_041,L1_P,P_SYS_CONTROL,ACTIVE
SRC-P-0173,Physical,RAI4-0381,G_INT_VALUE_012,L1_G,G_INT_VALUE,ACTIVE
SRC-P-0174,Physical,RAI4-1174,G_SYS_OREF_002,L1_G,G_SYS_OREF,ACTIVE
SRC-P-0175,Physical,RAI4-0189,,,,DELETED
SRC-P-0176,Physical,RAI4-0212,,,,DELETED
SRC-P-0177,Physical,RAI4-0220,P_Others_023,L1_P,P_Others,ACTIVE
SRC-P-0178,Physical,RAI4-0225,,,,DELETED
SRC-P-0179,Physical,RAI4-0236,P_SYS_CONTROL_009,L1_P,P_SYS_CONTROL,ACTIVE
SRC-P-0180,Physical,RAI4-0238,,,,DELETED
SRC-P-0181,Physical,RAI4-0242,P_Others_006,L1_P,P_Others,ACTIVE
SRC-P-0182,Physical,RAI4-0252,P_INT_SAFETY_001,L1_P,P_INT_SAFETY,ACTIVE
SRC-P-0183,Physical,RAI4-0258,P_SYS_CONTROL_038,L1_P,P_SYS_CONTROL,ACTIVE
SRC-P-0184,Physical,RAI4-0295,P_Others_025,L1_P,P_Others,ACTIVE
SRC-P-0185,Physical,RAI4-0312,P_Others_007,L1_P,P_Others,ACTIVE
SRC-P-0186,Physical,RAI4-0319,,,,DELETED
SRC-P-0187,Physical,RAI4-0358,P_INT_SAFETY_004,L1_P,P_INT_SAFETY,ACTIVE
SRC-P-0188,Physical,RAI4-0866,G_INT_ANTH_013,L1_G,G_INT_ANTH,ACTIVE
SRC-P-0189,Physical,RAI4-1621,A_SYS_AUTH_013,L1_A,A_SYS_AUTH,ACTIVE
SRC-P-0190,Physical,RAI4-0018,A_Others_007,L1_A,A_Others,ACTIVE
SRC-P-0191,Physical,RAI4-0026,,,,DELETED
SRC-P-0192,Physical,RAI4-0143,G_INT_UNETH_006,L1_G,G_INT_UNETH,ACTIVE
SRC-P-0193,Physical,RAI4-0231,P_INT_SAFETY_010,L1_P,P_INT_SAFETY,ACTIVE
SRC-P-0194,Physical,RAI4-0558,A_Others_003,L1_A,A_Others,ACTIVE
SRC-P-0195,Physical,RAI4-0863,,,,DELETED
SRC-P-0196,Physical,RAI4-0941,A_Others_009,L1_A,A_Others,ACTIVE
SRC-P-0197,Physical,RAI4-1155,,,,DELETED
SRC-P-0198,Physical,RAI4-1576,A_SYS_AUTH_006,L1_A,A_SYS_AUTH,ACTIVE
SRC-P-0199,Physical,RAI4-1579,A_INT_COLLUSION_004,L1_A,A_INT_COLLUSION,ACTIVE
SRC-P-0200,Physical,RAI4-1589,,,,DELETED
SRC-P-0201,Physical,RAI4-1612,,,,DELETED
SRC-P-0202,Physical,RAI4-1706,,,,DELETED
SRC-P-0203,Physical,RAI4-0200,P_SYS_STATE_007,L1_P,P_SYS_STATE,ACTIVE
SRC-P-0204,Physical,RAI4-0313,P_SYS_STATE_007,L1_P,P_SYS_STATE,MERGED
SRC-P-0205,Physical,RAI4-0354,P_Others_029,L1_P,P_Others,ACTIVE
SRC-P-0206,Physical,RAI4-0355,P_SYS_CONTROL_011,L1_P,P_SYS_CONTROL,ACTIVE
SRC-P-0207,Physical,RAI4-1104,G_SOC_ECON_011,L1_G,G_SOC_ECON,ACTIVE
SRC-P-0208,Physical,RAI4-1024,,,,DELETED
SRC-P-0209,Physical,RAI4-1641,,,,DELETED
SRC-P-0210,Physical,RAI4-0049,,,,DELETED
SRC-P-0211,Physical,RAI4-0217,P_SYS_STATE_004,L1_P,P_SYS_STATE,ACTIVE
SRC-P-0212,Physical,RAI4-0151,P_Others_011,L1_P,P_Others,ACTIVE
SRC-P-0213,Physical,RAI4-1261,P_INT_SAFETY_003,L1_P,P_INT_SAFETY,ACTIVE
SRC-P-0214,Physical,RAI4-0216,P_SYS_CONTROL_033,L1_P,P_SYS_CONTROL,ACTIVE
SRC-P-0215,Physical,RAI4-0317,P_Others_005,L1_P,P_Others,ACTIVE
SRC-P-0216,Physical,RAI4-1278,A_SYS_TRACE_001,L1_A,A_SYS_TRACE,ACTIVE
SRC-P-0217,Physical,RAI4-1002,,,,DELETED
SRC-P-0218,Physical,RAI4-1152,G_SOC_POWER_008,L1_G,G_SOC_POWER,ACTIVE
