Phase,Domain,Seed,Iterations,Final_Objective,Objective_Trace
PROVISIONAL_L3_DRAFTING_ANCHOR,General,20260826,4,0.8373433351516724,"[0.79359370470047, 0.8372114896774292, 0.8373410105705261, 0.8373433351516724]"
PROVISIONAL_L3_DRAFTING_ANCHOR,General,20260827,3,0.8373696208000183,"[0.7943110466003418, 0.8372269868850708, 0.8373696208000183]"
PROVISIONAL_L3_DRAFTING_ANCHOR,General,20260828,4,0.8374307155609131,"[0.7945103049278259, 0.8371668457984924, 0.8373932242393494, 0.8374307155609131]"
PROVISIONAL_L3_DRAFTING_ANCHOR,General,20260829,4,0.8373824954032898,"[0.7930166125297546, 0.8372464776039124, 0.8373798727989197, 0.8373824954032898]"
PROVISIONAL_L3_DRAFTING_ANCHOR,General,20260830,5,0.8373284935951233,"[0.7939285635948181, 0.8370914459228516, 0.8372923135757446, 0.837311863899231, 0.8373284935951233]"
PROVISIONAL_L3_DRAFTING_ANCHOR,Agentic,20260826,3,0.7985787391662598,"[0.749809205532074, 0.7984389066696167, 0.7985787391662598]"
PROVISIONAL_L3_DRAFTING_ANCHOR,Agentic,20260827,2,0.7985787391662598,"[0.7486066222190857, 0.7985787391662598]"
PROVISIONAL_L3_DRAFTING_ANCHOR,Agentic,20260828,2,0.7986529469490051,"[0.7491109371185303, 0.7986529469490051]"
PROVISIONAL_L3_DRAFTING_ANCHOR,Agentic,20260829,2,0.7985787391662598,"[0.7503836154937744, 0.7985787391662598]"
PROVISIONAL_L3_DRAFTING_ANCHOR,Agentic,20260830,3,0.7985524535179138,"[0.7498654723167419, 0.7984124422073364, 0.7985524535179138]"
PROVISIONAL_L3_DRAFTING_ANCHOR,Physical,20260826,3,0.7936177253723145,"[0.7485835552215576, 0.7935784459114075, 0.7936177253723145]"
PROVISIONAL_L3_DRAFTING_ANCHOR,Physical,20260827,3,0.7936200499534607,"[0.7470217943191528, 0.7935649752616882, 0.7936200499534607]"
PROVISIONAL_L3_DRAFTING_ANCHOR,Physical,20260828,3,0.7936177253723145,"[0.7488712072372437, 0.7935262322425842, 0.7936177253723145]"
PROVISIONAL_L3_DRAFTING_ANCHOR,Physical,20260829,3,0.7936319708824158,"[0.7466633319854736, 0.7935938835144043, 0.7936319708824158]"
PROVISIONAL_L3_DRAFTING_ANCHOR,Physical,20260830,3,0.7936177253723145,"[0.7490036487579346, 0.7935262322425842, 0.7936177253723145]"
