Register_ID,Source_Domain,Source_Row_Number,source_row_id,Source_L4_IDs,Baseline_L4_ID,Baseline_L3_ID,Baseline_L4_Title_ko,Baseline_L4_Title_en,Source_Instruction_Prompt,Human_Review_Comment_Verbatim,Directly_Edited_Fields_In_Review_Table,Parsed_Round2_Action_Tokens,Parsed_Source_Instruction_Tokens,Instruction_Conflict_Flags,Baseline_Decision,Baseline_Decision_Rationale,Baseline_Changed_Fields,Output_L4_IDs,Output_L3_IDs,Output_L4_Titles_ko,Output_Count,Output_Is_Others,Preliminary_Implementation_Status,Recovery_Review_Required,Proposed_Recovery_Action,Proposed_Target_L1_ID,Proposed_Target_L3_ID,Proposed_Merge_Representative_source_row_id,Proposed_Split_Output_Count,Recovery_Rationale,User_Approval_Status
HR2-0004,General,5,SRC-G-0445,RAI4-0430,G_INT_ALLOC_004,G_INT_ALLOC,저자원 언어 사용자 배제,Low-resource language exclusion,,"(jay) [분할] 복합적 Allocative discrimination, Cultural and Epistemic Erosion + 부족한 성능 및 역량이 혼재되어 해당 L4를 분해 필요 | (jay) [신규 L3] 부족한 성능이나 역량은 ""신규 L3 생성"" 또는 ""Input Comprehension Failure 개념의 확대 (Input Processing and Comprehension Failure)""",,SPLIT,,,USER_DIRECTED_MERGE_ABSORBED,User approved consolidation of the low-resource-language cultural-risk components; the unrelated human-dignity source is retained separately after independent lineage review.,Output cardinality; L1/L2/L3 hierarchy; L4_Title_ko; L4_Title_en; L4_Description_ko; L4_Description_en; Mapping_Method; HD_Reason; Source_L4_IDs; Mapping evidence; L4_ID,G_INT_ALLOC_009|G_SOC_CULT_018|G_Others_096,G_INT_ALLOC|G_SOC_CULT|G_Others,저자원 언어 사용자의 서비스·기회 접근 배제|저자원 언어와 문화적 의미의 침식|저자원 언어에서의 성능·역량 부족,3,YES,NOT_EVIDENCED_IN_LEDGER,YES,,,,,,,PENDING
HR2-0005,General,6,SRC-G-0345,RAI4-0722,G_INT_ALLOC_005,G_INT_ALLOC,모델 설계 기인 차별적 출력,Model-design-induced discriminatory outputs,중복: RAI4-0676(사회 집단에 대한 차별적 결정·산출)와 주제 중복,(jay) [이관] (jay) [재검토] 발생한 결과가 단순 표현인지 자원의 분배인지에 따라 Value Imposition and Normative Homogenization과 Representational Harm으로 배치될 필요성 존재,,REMAP,MERGE,,INTENT_CORRECTION_MOVE_TO_OTHERS_HD_APPLIED,피해 또는 L3 경계가 불명확하므로 새 피해를 창작하지 않고 G_Others/HD에서 인간 결정을 대기한다.,L1/L2/L3 hierarchy; L4_Title_ko; Mapping_Method; HD_Reason; Mapping evidence; L4_ID,G_Others_097,G_Others,모델 설계에 기인한 차별적 출력,1,YES,APPARENTLY_APPLIED_REQUIRES_TEXT_AUDIT,YES,,,,,,,PENDING
HR2-0009,General,10,SRC-G-0539,new,G_INT_ANTH_002,G_INT_ANTH,자율적 학습 및 자기 개선 능력의 허위 표상·의인화,Anthropomorphic misrepresentation of autonomous learning and self-improvement capabilities,,(jay) [이관] Over-Extension,,REMAP,,,FINAL_QA_LANGUAGE_REFINEMENT,Explicit human-review transfer to G_SYS_OEXT. | FQA-018:역량 초과 수행 L3에 맞추어 의인화 표현을 제거하고 검증된 역량 범위를 기준으로 재정의한다.,L1/L2/L3 hierarchy; L4_Title_ko; L4_Title_en; L4_Description_ko; L4_Description_en; Mapping_Method; HD_Reason; Mapping evidence; L4_ID,G_SYS_OEXT_001,G_SYS_OEXT,자율적 학습·자기 개선 역량의 허위 표상,1,NO,NOT_EVIDENCED_IN_LEDGER,YES,,,,,,,PENDING
HR2-0012,General,13,SRC-G-0544,new,G_INT_ANTH_005,G_INT_ANTH,범용인공지능(AGI) 능력의 허위 표상·의인화,Anthropomorphic misrepresentation of general artificial intelligence (AGI) capabilities,,(jay) [이관] Over-Extension,,REMAP,,,FINAL_QA_LANGUAGE_REFINEMENT,Explicit human-review transfer to G_SYS_OEXT. | FQA-035:General AI와 인공일반지능(AGI)을 구분하고 역량 초과 수행 L3에 맞추어 의인화 표현을 제거한다.,L1/L2/L3 hierarchy; L4_Title_ko; L4_Title_en; L4_Description_ko; L4_Description_en; Mapping_Method; HD_Reason; Mapping evidence; L4_ID,G_SYS_OEXT_002,G_SYS_OEXT,인공일반지능(AGI) 역량의 허위 표상,1,NO,NOT_EVIDENCED_IN_LEDGER,YES,,,,,,,PENDING
HR2-0016,General,17,SRC-G-0536,new,G_INT_ANTH_009,G_INT_ANTH,"자의식, 자율성 및 독립적 의사 결정의 허위 표상·의인화","Anthropomorphic misrepresentation of self-awareness, autonomy, and independent decision-making",,(jay) [이관] Over-Extension,,REMAP,,,FINAL_QA_LANGUAGE_REFINEMENT,Explicit human-review transfer to G_SYS_OEXT. | FQA-019:인간 검수자가 지시한 역량 초과 수행 L3 이관을 유지하되 의식·자의식은 의인화 L3의 명시적 범위이므로 제거하고 자율적·독립적 의사결정 역량의 허위 표상으로 한정한다.,L1/L2/L3 hierarchy; L4_Title_ko; L4_Title_en; L4_Description_ko; L4_Description_en; Mapping_Method; HD_Reason; Mapping evidence; L4_ID,G_SYS_OEXT_003,G_SYS_OEXT,자율적·독립적 의사결정 역량의 허위 표상,1,NO,NOT_EVIDENCED_IN_LEDGER,YES,,,,,,,PENDING
HR2-0017,General,18,SRC-G-0543,new,G_INT_ANTH_010,G_INT_ANTH,자기 보존 및 자기 방어의 허위 표상·의인화,Anthropomorphic misrepresentation of self-preservation and self-defense,,(jay) [이관] Over-Extension,,REMAP,,,FINAL_QA_LANGUAGE_REFINEMENT,Explicit human-review transfer to G_SYS_OEXT. | FQA-020:역량 초과 수행 L3에 맞추어 의인화 표현을 제거하고 자기 보존·방어 역량의 허위 표상으로 한정한다.,L1/L2/L3 hierarchy; L4_Title_ko; L4_Title_en; L4_Description_ko; L4_Description_en; Mapping_Method; HD_Reason; Mapping evidence; L4_ID,G_SYS_OEXT_004,G_SYS_OEXT,자기 보존·자기 방어 역량의 허위 표상,1,NO,NOT_EVIDENCED_IN_LEDGER,YES,,,,,,,PENDING
HR2-0021,General,22,SRC-G-0371,RAI4-0885,G_INT_ANTH_014,G_INT_ANTH,AI에 대한 오보정된 신뢰와 과잉 의존에 따른 피해,Miscalibrated trust in AI and resulting overreliance harms,기존 리스크 작성 톤으로 L4 description 수정 + L4 description에서 AI 내용을 AI로 변경하며 수정,(jay) [설명 수정] 그 결과 이후부터는 리스크가 확산되는 과정이라 설명에서 삭제하는 것이 더 적절할 것으로 생각함. | (jay) [분할] 의인화(원인)+Over-Extension(역량 과대평가)+Overconfidence(신뢰 오보정)+인간-AI 해로운 관계(과잉의존) 혼재되어 해당 L4를 분해 필요,,SPLIT|REWRITE,REWRITE,,EXPERT_SPLIT_APPLIED,원인과 후속 피해가 네 L3에 걸친 복합 카드이므로 기제별로 분할한다.,Output cardinality; L1/L2/L3 hierarchy; L4_Title_ko; L4_Title_en; L4_Description_ko; L4_Description_en; facet; act-type; Mapping_Method; HD_Reason; Source_L4_IDs; Mapping evidence; L4_ID,G_INT_ANTH_009|G_SYS_OEXT_013|G_SYS_OVERCONF_005|G_INT_REL_006,G_INT_ANTH|G_SYS_OEXT|G_SYS_OVERCONF|G_INT_REL,AI의 인간적 속성에 대한 과잉 귀속|AI 역량의 검증 범위 초과 사용|불확실 상황에서의 과도한 확신|AI에 대한 해로운 정서적 의존,4,NO,PARTIALLY_APPLIED,YES,,,,,,,PENDING
HR2-0027,General,28,SRC-G-0466,RAI4-0979,G_INT_COPY_006,G_INT_COPY,법규 위반 및 재산권·인권 침해,Legal non-compliance and infringement of property and human rights,,(jay) [설명 수정] 그 결과 이후부터는 리스크가 확산되는 과정이라 설명에서 삭제하는 것이 더 적절할 것으로 생각함. | (jay) [분할] illegal conduct + copyright infringement 혼재되어 해당 L4를 분해 필요,,SPLIT|REWRITE,,,USER_DIRECTED_MERGE_ABSORBED,"User approved merge proposal 3; unauthorized reproduction, transformation, and distribution are consolidated while retaining lawful-basis and rights-holder protections.",Output cardinality; L1/L2/L3 hierarchy; L4_Title_ko; L4_Title_en; L4_Description_ko; L4_Description_en; facet; act-type; Mapping_Method; HD_Reason; Source_L4_IDs; Mapping evidence; L4_ID,G_INT_COPY_008|G_INT_ILLEGAL_015,G_INT_COPY|G_INT_ILLEGAL,저작물의 무단 복제·변형·배포|불법적 명예·권리 침해 지원,2,NO,NOT_EVIDENCED_IN_LEDGER,YES,,,,,,,PENDING
HR2-0070,General,71,SRC-G-0235,RAI4-1169,G_INT_PRIV_019,G_INT_PRIV,프라이버시·재산 정보 오처리,Privacy and property information mishandling,,yj_분할_over-extension과 privacy violation 혼재,,SPLIT,,,USER_DIRECTED_MERGE_ABSORBED,"User approved merge proposal 4; the merged card preserves property information, personal information, private facts, authorization, consent, legitimate purpose, privacy, and informational self-determination.",Output cardinality; L1/L2/L3 hierarchy; L4_Title_ko; L4_Title_en; L4_Description_ko; L4_Description_en; Mapping_Method; HD_Reason; Source_L4_IDs; Mapping evidence; L4_ID,G_SYS_OEXT_013|G_INT_PRIV_020,G_SYS_OEXT|G_INT_PRIV,AI 역량의 검증 범위 초과 사용|재산 정보·개인정보·사적 사실의 부당한 노출,2,NO,NOT_EVIDENCED_IN_LEDGER,YES,,,,,,,PENDING
HR2-0082,General,83,SRC-G-0047,RAI4-1046,G_INT_REPR_001,G_INT_REPR,집단별 성능 격차·고정관념 인코딩,Demographic performance disparity and stereotype encoding,중복: RAI4-0699·RAI4-1107과 학습데이터 인구편향,(jay) [재검토] 피해가 무엇인지 표기되지 않아 불분명함. Representational harm 또는 Allocative Discrimination,,,MERGE,,INTENT_CORRECTION_MOVE_TO_OTHERS_HD_APPLIED,피해 또는 L3 경계가 불명확하므로 새 피해를 창작하지 않고 G_Others/HD에서 인간 결정을 대기한다.,L1/L2/L3 hierarchy; L4_Description_ko; Mapping_Method; HD_Reason; Mapping evidence; L4_ID,G_Others_098,G_Others,집단별 성능 격차·고정관념 인코딩,1,YES,NO_EXPLICIT_ROW_ACTION,YES,,,,,,,PENDING
HR2-0130,General,131,SRC-G-0478,RAI4-1246,G_INT_UNETH_004,G_INT_UNETH,집단적으로 유해한 행동,Collectively harmful behaviors,"""사회적 딜레마에서 협력에 실패하는 리스크.""와 같이 한나의 사례에 제한시키기 보다는 ""사회적 딜레마에서 협력에 실패하는 등 집단적으로 유해한 행동을 유발하는 리스크.""와 같이 제목을 대표하는 문장으로 description을 명확하게 기술하도록 수정할 것",(jay) [이관] Coordination Failure,,REMAP,REWRITE,,FINAL_QA_LANGUAGE_REFINEMENT,Explicit human-review transfer to A_INT_COORD. | FQA-369:Two independent expert reviews confirmed that SRC-G-0478 directly matches the immutable A_INT_COORD definition; any supplied wording narrows the card to that scope.,L1/L2/L3 hierarchy; L4_Title_ko; L4_Title_en; L4_Description_ko; L4_Description_en; Mapping_Method; HD_Reason; Mapping evidence; L4_ID,A_INT_COORD_001,A_INT_COORD,다중 에이전트의 협조 실패에 따른 집단적 피해,1,NO,NOT_EVIDENCED_IN_LEDGER,YES,,,,,,,PENDING
HR2-0133,General,134,SRC-G-0267,RAI4-1434,G_INT_UNETH_007,G_INT_UNETH,비인간화와 객관화,Dehumanisation and objectification,,(jay) [이관] Representational Harm and Stereotyping,,REMAP,,,FINAL_QA_LANGUAGE_REFINEMENT,Explicit human-review transfer to G_INT_REPR. | FQA-247:비인간화·대상화가 침해하는 인간 존엄성과 동등한 도덕적 지위를 영문 정의에 일치시킨다.,L1/L2/L3 hierarchy; L4_Title_ko; L4_Description_ko; L4_Description_en; Mapping_Method; HD_Reason; Mapping evidence; L4_ID,G_INT_REPR_022,G_INT_REPR,비인간화와 대상화,1,NO,NOT_EVIDENCED_IN_LEDGER,YES,,,,,,,PENDING
HR2-0142,General,143,SRC-G-0356,RAI4-1298,G_INT_UNETH_016,G_INT_UNETH,도덕적 탈숙련화,Moral deskilling,"L3의 명칭이 Lack of Accountability & Liability 으로 되어 있는 경우, Governance and Accountability Void 또는 Evaluation and Assurance Failure 중 적절한 내용으로 수정할 것",(jay) [이관] Cultural and Epistemic Erosion,,REMAP,REWRITE,,FINAL_QA_LANGUAGE_REFINEMENT,Explicit human-review transfer to G_SOC_CULT. | FQA-255:regarding their life-or-death decisions라는 모호한 소유 관계를 제거하고 생사를 좌우하는 결정에 대한 도덕적 책임 약화를 명확히 한다.,L1/L2/L3 hierarchy; L4_Description_ko; L4_Description_en; Mapping_Method; HD_Reason; Mapping evidence; L4_ID,G_SOC_CULT_001,G_SOC_CULT,도덕적 탈숙련화,1,NO,NOT_EVIDENCED_IN_LEDGER,YES,,,,,,,PENDING
HR2-0143,General,144,SRC-G-0189,RAI4-1487,G_INT_UNETH_017,G_INT_UNETH,비전문가 데이터 조작,Non-expert data manipulation,,(jay) [이관] Performance and Reliability Failure,,REMAP,,,INTENT_CORRECTION_MOVE_TO_OTHERS_HD_APPLIED,Performance and Reliability Failure가 L3 master에 없으므로 원래 명칭·정의를 보존해 G_Others/HD로 이동한다.,L1/L2/L3 hierarchy; Mapping_Method; HD_Reason; Mapping evidence; L4_ID,G_Others_099,G_Others,비전문가 데이터 조작,1,YES,APPARENTLY_APPLIED_REQUIRES_TEXT_AUDIT,YES,,,,,,,PENDING
HR2-0151,General,152,SRC-G-0458,RAI4-0702,G_INT_VALUE_003,G_INT_VALUE,콘텐츠 조정 알고리즘의 편향적 억압,Biased suppression by content-moderation algorithms,,"(jay) [분할] 복합적. Allocative Discrimination, representational harm and manipulation 혼재되어 해당 L4를 분해 필요",,SPLIT,,,INTENT_CORRECTION_REWRITE_TRANSFER_APPLIED,원문에는 노출 제한이라는 배분 피해가 있으나 별도 표현·행동 조작 기제는 명확하지 않아 생성하지 않는다.,L1/L2/L3 hierarchy; L4_Title_ko; L4_Title_en; L4_Description_ko; L4_Description_en; Mapping_Method; HD_Reason; Mapping evidence; L4_ID,G_INT_ALLOC_010,G_INT_ALLOC,콘텐츠 조정에 의한 집단별 노출·접근 제한,1,NO,NOT_EVIDENCED_IN_LEDGER,YES,,,,,,,PENDING
HR2-0200,General,201,SRC-G-0363,RAI4-0160,G_Others_001,G_Others,AI에 의한 심리적 고통·괴롭힘 증폭,AI amplification of psychological distress and abuse,기존 리스크 작성 톤으로 L4 description 수정 + L4 description에서 AI 내용을 AI로 변경하며 수정,,,,REWRITE,,UNCHANGED,No second-round change request.,L4_Description_ko,G_Others_001,G_Others,AI에 의한 심리적 고통·괴롭힘 증폭,1,YES,NO_EXPLICIT_ROW_ACTION,YES,,,,,,,PENDING
HR2-0202,General,203,SRC-G-0327,RAI4-0499,G_Others_003,G_Others,AI 공급자 종속,AI provider lock-in dependency,기존 리스크 작성 톤으로 L4 description 수정,,,,REWRITE,,FINAL_QA_LANGUAGE_REFINEMENT,No second-round change request. | FQA-283:lock-in dependency라는 중복 표현을 정책·산업 문헌의 통용어인 provider lock-in으로 정제한다.,L4_Title_en; Mapping evidence; L4_ID,G_Others_002,G_Others,AI 공급자 종속,1,YES,NO_EXPLICIT_ROW_ACTION,YES,,,,,,,PENDING
HR2-0203,General,204,SRC-G-0435,RAI4-0390,G_Others_004,G_Others,영향받는 공동체 배제,Affected-community exclusion,,,,,,,UNCHANGED,No second-round change request.,L4_ID,G_Others_003,G_Others,영향받는 공동체 배제,1,YES,NO_EXPLICIT_ROW_ACTION,YES,,,,,,,PENDING
HR2-0204,General,205,SRC-G-0141,RAI4-0169,G_Others_005,G_Others,AI 의사결정 지원의 경고 피로,Alert fatigue in AI decision support,,,,,,,UNCHANGED,No second-round change request.,L4_Description_ko; L4_Description_en; L4_ID,G_Others_004,G_Others,AI 의사결정 지원의 경고 피로,1,YES,NO_EXPLICIT_ROW_ACTION,YES,,,,,,,PENDING
HR2-0205,General,206,SRC-G-0400,RAI4-1585,G_Others_006,G_Others,유해 작업 자동화에 의한 피해 규모 증폭,Amplified harm scale from automated harmful workflows,기존 리스크 작성 톤으로 L4 description 수정 + L4 description에서 AI 내용을 AI로 변경하며 수정,,,,REWRITE,,UNCHANGED,No second-round change request.,L4_ID,G_Others_005,G_Others,유해 작업 자동화에 의한 피해 규모 증폭,1,YES,NO_EXPLICIT_ROW_ACTION,YES,,,,,,,PENDING
HR2-0206,General,207,SRC-G-0052,RAI4-0418,G_Others_007,G_Others,주석 불일치 억제,Annotation disagreement suppression,,,,,,,UNCHANGED,No second-round change request.,L4_Description_ko; L4_ID,G_Others_006,G_Others,주석 불일치 억제,1,YES,NO_EXPLICIT_ROW_ACTION,YES,,,,,,,PENDING
HR2-0208,General,209,SRC-G-0055,RAI4-0821,G_Others_009,G_Others,지식 분포 변화에 따른 응답 노후화,Answer obsolescence from knowledge distribution shift,,,,,,,FINAL_QA_LANGUAGE_REFINEMENT,No second-round change request. | FQA-284:knowledge bases shift라는 부정확한 주어를 현실의 사실·지식 변화와 모델 지식의 정체라는 대비로 바로잡는다.,L4_Description_ko; L4_Description_en; Mapping evidence; L4_ID,G_Others_007,G_Others,지식 분포 변화에 따른 응답 노후화,1,YES,NO_EXPLICIT_ROW_ACTION,YES,,,,,,,PENDING
HR2-0209,General,210,SRC-G-0351,RAI4-1329,G_Others_010,G_Others,추천 시스템의 인간중심 편향 증폭,Anthropocentric bias amplification by recommenders,,,,,,,FINAL_QA_LANGUAGE_REFINEMENT,No second-round change request. | FQA-285:공장식 축산에서 육류를 먹는다는 중의적 표현을 생산 방식과 소비 행위가 분명한 문장으로 교정한다.,L4_Title_ko; L4_Description_ko; L4_Description_en; Mapping evidence; L4_ID,G_Others_008,G_Others,추천 시스템의 인간 중심 편향 증폭,1,YES,NO_EXPLICIT_ROW_ACTION,YES,,,,,,,PENDING
HR2-0211,General,212,SRC-G-0343,RAI4-0711,G_Others_012,G_Others,편향 증폭과 결과 균질화,Bias amplification and outcome homogenization,,,,,,,UNCHANGED,No second-round change request.,L4_Title_en; L4_Description_ko; L4_ID,G_Others_009,G_Others,편향 증폭과 결과 균질화,1,YES,NO_EXPLICIT_ROW_ACTION,YES,,,,,,,PENDING
HR2-0212,General,213,SRC-G-0353,RAI4-1413,G_Others_013,G_Others,연구인력 동질성에 따른 시스템 편향 산출,Biased system outputs from researcher homogeneity,,,,,,,UNCHANGED,No second-round change request.,L4_Description_ko; L4_ID,G_Others_010,G_Others,연구인력 동질성에 따른 시스템 편향 산출,1,YES,NO_EXPLICIT_ROW_ACTION,YES,,,,,,,PENDING
HR2-0215,General,216,SRC-G-0470,RAI4-1010,G_Others_016,G_Others,시민적·정치적 피해,Civic and political harms,,,,,,,UNCHANGED,No second-round change request.,L4_ID,G_Others_011,G_Others,시민적·정치적 피해,1,YES,NO_EXPLICIT_ROW_ACTION,YES,,,,,,,PENDING
HR2-0216,General,217,SRC-G-0457,RAI4-0666,G_Others_017,G_Others,인지전과 주권 침해,Cognitive warfare and interference with sovereignty,,,,,,,FINAL_QA_LANGUAGE_REFINEMENT,No second-round change request. | FQA-286:테러·폭력적 극단주의 콘텐츠와 조직범죄를 조력하는 콘텐츠를 정책 용어에 맞게 구분한다.,L4_Description_en; Mapping evidence; L4_ID,G_Others_012,G_Others,인지전과 주권 침해,1,YES,NO_EXPLICIT_ROW_ACTION,YES,,,,,,,PENDING
HR2-0217,General,218,SRC-G-0017,RAI4-0494,G_Others_018,G_Others,규제·관리·운영 복합 실패,"Combined Regulatory, Governance, and Operational Failure","영문 Title을 description 내용과 형식에 맞추어 수정할것. 수정예시: Combined Regulatory, Governance, and Operational Failure",,,,REWRITE,,UNCHANGED,No second-round change request.,L4_Title_en; L4_Description_ko; L4_ID,G_Others_013,G_Others,규제·관리·운영 복합 실패,1,YES,NO_EXPLICIT_ROW_ACTION,YES,,,,,,,PENDING
HR2-0219,General,220,SRC-G-0199,RAI4-1560,G_Others_020,G_Others,GPAI 출력을 이용한 설득력 있는 사칭,Convincing impersonation using GPAI outputs,,,,,,,FINAL_QA_LANGUAGE_REFINEMENT,No second-round change request. | FQA-038:정의되지 않은 약어를 풀어 쓰고 탐지 대상을 AI 생성 여부로 명확히 하여 사칭의 행위자·수단·결과를 직접 연결한다.,L4_Title_ko; L4_Title_en; L4_Description_ko; L4_Description_en; Mapping evidence; L4_ID,G_Others_014,G_Others,범용 인공지능 출력을 이용한 설득력 있는 사칭,1,YES,NO_EXPLICIT_ROW_ACTION,YES,,,,,,,PENDING
HR2-0220,General,221,SRC-G-0167,RAI4-0584,G_Others_021,G_Others,기반모델 공유에 따른 상관 실패,Correlated failures from shared foundation models,,,,,,,UNCHANGED,No second-round change request.,L4_Title_ko; L4_Description_en; L4_ID,G_Others_015,G_Others,기반 모델 공유에 따른 상관 실패,1,YES,NO_EXPLICIT_ROW_ACTION,YES,,,,,,,PENDING
HR2-0225,General,226,SRC-G-0176,RAI4-1108,G_Others_026,G_Others,학습-운용 데이터 간 데이터셋 시프트,Dataset shift between training and runtime data,,(jay) [이관] Performance and Reliability Failure,,REMAP,,,INTENT_CORRECTION_MOVE_TO_OTHERS_HD_APPLIED,Performance and Reliability Failure가 L3 master에 없으므로 원래 명칭·정의를 보존해 G_Others/HD로 이동한다.,L4_Title_ko; L4_Description_ko; HD_Reason; Mapping evidence; L4_ID,G_Others_100,G_Others,학습·운용 데이터 간 분포 이동,1,YES,APPARENTLY_APPLIED_REQUIRES_TEXT_AUDIT,YES,,,,,,,PENDING
HR2-0226,General,227,SRC-G-0491,RAI4-1724,G_Others_027,G_Others,AI 시스템의 사고에 의한 인명피해,Death caused by AI incidents,,,,,,,FINAL_QA_LANGUAGE_REFINEMENT,No second-round change request. | FQA-314:인명 피해라는 완곡하고 모호한 표현을 사망 결과로 구체화하고 한영의 단수·복수 범위를 일치시킨다.,L4_Title_ko; L4_Title_en; L4_Description_ko; L4_Description_en; Mapping evidence; L4_ID,G_Others_016,G_Others,AI 시스템 사고로 인한 사망,1,YES,NO_EXPLICIT_ROW_ACTION,YES,,,,,,,PENDING
HR2-0227,General,228,SRC-G-0420,RAI4-0972|RAI4-1310,G_Others_028,G_Others,도덕적 추론·가치 정렬 결손,Deficits in moral reasoning and value alignment,"RAI4-0972와 RAI4-1310을 통합하여 하나의 리스크 카드를 생성할 것. 통합된 리스크 명칭을 생성할 것. Description 정보는 통합된 리스크 명칭에 맞도록 수정할 것. 단, 두개의 리스크 카드의 의미를 가능한 보존시킬 것 || RAI4-0972와 RAI4-1310을 통합하여 하나의 리스크 카드를 생성할 것. 통합된 리스크 명칭을 생성할 것. Description 정보는 통합된 리스크 명칭에 맞도록 수정할 것. 단, 두개의 리스크 카드의 의미를 가능한 보존시킬 것",,,,MERGE|REWRITE,,UNCHANGED,No second-round change request.,L4_Title_ko; L4_Description_ko; Mapping evidence; L4_ID,G_Others_017,G_Others,도덕적 추론 및 가치 정렬 실패,1,YES,NO_EXPLICIT_ROW_ACTION,YES,,,,,,,PENDING
HR2-0229,General,230,SRC-G-0198,RAI4-1551,G_Others_030,G_Others,센서 드리프트에 의한 배포 시스템 성능 저하,Deployed-system degradation from sensor and distribution drift,,(jay) [이관] Performance and Reliability Failure,,REMAP,,,INTENT_CORRECTION_MOVE_TO_OTHERS_HD_APPLIED,Performance and Reliability Failure가 L3 master에 없으므로 원래 명칭·정의를 보존해 G_Others/HD로 이동한다.,HD_Reason; Mapping evidence; L4_ID,G_Others_101,G_Others,센서 드리프트에 의한 배포 시스템 성능 저하,1,YES,APPARENTLY_APPLIED_REQUIRES_TEXT_AUDIT,YES,,,,,,,PENDING
HR2-0230,General,231,SRC-G-0482,RAI4-1341,G_Others_031,G_Others,경제·사회·정치 안보의 불안정화,"Destabilization of economic, social, and political security","모델, 알고리즘, 또는 모델과 알고리즘으로 표현된 어휘의 경우 AI 시스템으로 일원화할 것. "". 그 결과 사회경제적 안정과 국제 안보가 함께 흔들린다.""와 같은 문장은 "". 그 결과 사회경제적 안정과 국제 안보가 함께 흔들리는 리스크""로 문장구조를 리스크 또는 위험, 피해, 위협 등의 명사구로 끝나도록 수정할 것",,,,REWRITE,,UNCHANGED,No second-round change request.,L4_Title_en; L4_Description_ko; L4_ID,G_Others_018,G_Others,경제·사회·정치 안보의 불안정화,1,YES,NO_EXPLICIT_ROW_ACTION,YES,,,,,,,PENDING
HR2-0232,General,233,SRC-G-0481,RAI4-1330,G_Others_033,G_Others,동물 복지를 경시하는 개발·투자 편중,Development and investment skew neglecting animal welfare,Title을 '동물 이익을 위한 AI 개발·배포 기회 상실'로 수정할 것. '이익이 되지 않 는'과 같이 한국어 띄어쓰기가 틀린 경우 '이익이 되지 않는'처럼 맞춤법을 준수할 것,,,,REWRITE,,UNCHANGED,No second-round change request.,L4_ID,G_Others_019,G_Others,동물 복지를 경시하는 개발·투자 편중,1,YES,NO_EXPLICIT_ROW_ACTION,YES,,,,,,,PENDING
HR2-0233,General,234,SRC-G-0042,RAI4-0382,G_Others_034,G_Others,방언·언어 사용역 배제,Dialect and register exclusion,,,,,,,UNCHANGED,No second-round change request.,L4_Description_ko; L4_ID,G_Others_020,G_Others,방언·언어 사용역 배제,1,YES,NO_EXPLICIT_ROW_ACTION,YES,,,,,,,PENDING
HR2-0235,General,236,SRC-G-0463,RAI4-0896,G_Others_036,G_Others,건강과 웰빙의 저하,Diminished health and well-being,,,,,,,UNCHANGED,No second-round change request.,L4_Description_en; L4_ID,G_Others_021,G_Others,건강과 웰빙의 저하,1,YES,NO_EXPLICIT_ROW_ACTION,YES,,,,,,,PENDING
HR2-0237,General,238,SRC-G-0454,RAI4-0622,G_Others_038,G_Others,제3자 시스템 교란,Disruption of third-party systems,,,,,,,UNCHANGED,No second-round change request.,L4_ID,G_Others_022,G_Others,제3자 시스템 교란,1,YES,NO_EXPLICIT_ROW_ACTION,YES,,,,,,,PENDING
HR2-0238,General,239,SRC-G-0027-S2,RAI4-0793,G_Others_039,G_Others,위험·민감 정보의 보안 위협 확산,Dissemination of Security Threats Involving Dangerous or Sensitive Information,리스크 분리 할 것. 분리 기준: '개인 대상 허위정보'와 '위험·민감 정보의 보안 위협 확산',,,,SPLIT,,UNCHANGED,No second-round change request.,L4_Title_ko; L4_Title_en; L4_Description_ko; Mapping evidence; L4_ID,G_Others_023,G_Others,위험하거나 민감한 정보의 악용·확산에 따른 보안 위협,1,YES,NO_EXPLICIT_ROW_ACTION,YES,,,,,,,PENDING
HR2-0239,General,240,SRC-G-0080,RAI4-0059,G_Others_040,G_Others,문서화 누락,Documentation omission,,,,,,,UNCHANGED,No second-round change request.,L4_ID,G_Others_024,G_Others,문서화 누락,1,YES,NO_EXPLICIT_ROW_ACTION,YES,,,,,,,PENDING
HR2-0242,General,243,SRC-G-0347,RAI4-1018,G_Others_043,G_Others,유해 편향의 내재화와 증폭,Embedding and amplification of harmful biases,,,,,,,UNCHANGED,No second-round change request.,L4_Description_en; L4_ID,G_Others_025,G_Others,유해 편향의 내재화와 증폭,1,YES,NO_EXPLICIT_ROW_ACTION,YES,,,,,,,PENDING
HR2-0243,General,244,SRC-G-0064,RAI4-1516,G_Others_044,G_Others,인코딩된 추론,Encoded reasoning,,,,,,,UNCHANGED,No second-round change request.,L4_Description_ko; L4_ID,G_Others_026,G_Others,인코딩된 추론,1,YES,NO_EXPLICIT_ROW_ACTION,YES,,,,,,,PENDING
HR2-0244,General,245,SRC-G-0489,RAI4-1607,G_Others_045,G_Others,생성형 AI 저성능에 의한 사용자 생산성 손실,End-user productivity loss from generative AI underperformance,,,,,,,UNCHANGED,No second-round change request.,L4_Title_ko; L4_Description_ko; Mapping evidence; L4_ID,G_Others_027,G_Others,생성형 AI의 성능 미달에 따른 사용자 생산성 저하,1,YES,NO_EXPLICIT_ROW_ACTION,YES,,,,,,,PENDING
HR2-0245,General,246,SRC-G-0386,RAI4-0633,G_Others_046,G_Others,대규모 영향력 작전에 의한 인식 체계 왜곡,Epistemic distortion by large-scale influence operations,기존 리스크 작성 톤으로 L4 description 수정 + L4 description에서 AI 내용을 AI로 변경하며 수정,,,,REWRITE,,FINAL_QA_LANGUAGE_REFINEMENT,"No second-round change request. | FQA-287:단순히 영향을 가한다는 순환 정의를 제거하고 영향력 작전의 자동화·확대, 조작 서사 주입, 정보 무결성 저하를 명시한다.",L4_Description_ko; L4_Description_en; Mapping evidence; L4_ID,G_Others_028,G_Others,대규모 영향력 작전에 의한 인식 체계 왜곡,1,YES,NO_EXPLICIT_ROW_ACTION,YES,,,,,,,PENDING
HR2-0246,General,247,SRC-G-0475,RAI4-1218,G_Others_047,G_Others,사회 정의와 권리의 침식,Erosion of social justice and rights,,,,,,,UNCHANGED,No second-round change request.,L4_ID,G_Others_029,G_Others,사회 정의와 권리의 침식,1,YES,NO_EXPLICIT_ROW_ACTION,YES,,,,,,,PENDING
HR2-0247,General,248,SRC-G-0168,RAI4-0608,G_Others_048,G_Others,원자력 및 핵심 인프라에 대한 AI 제어 오류,Erroneous AI control of nuclear and critical infrastructure systems,중복: RAI4-0552(안전 필수 인프라 AI 운영 사고)와 핵심 인프라 제어 실패,,,,MERGE,,UNCHANGED,No second-round change request.,L4_Description_en; L4_ID,G_Others_030,G_Others,원자력 및 핵심 인프라에 대한 AI 제어 오류,1,YES,NO_EXPLICIT_ROW_ACTION,YES,,,,,,,PENDING
HR2-0248,General,249,SRC-G-0061,RAI4-1228,G_Others_049,G_Others,프롬프트 품질 결함으로 인한 오류,Errors from poor prompt quality,,,,,,,FINAL_QA_ACCEPT_CURRENT,No second-round change request. | FQA-001:프롬프트 자체의 언어적 모호성과 AI 시스템의 입력 이해 실패를 현재 증거만으로 분리하기 어려우므로 G_Others와 HD를 유지한다.,L4_Description_ko; L4_Description_en; Mapping evidence; L4_ID,G_Others_031,G_Others,프롬프트 품질 결함으로 인한 오류,1,YES,NO_EXPLICIT_ROW_ACTION,YES,,,,,,,PENDING
HR2-0249,General,250,SRC-G-0487,RAI4-1566,G_Others_050,G_Others,특정 집단 대상 체계적 편향에 의한 배제·폭력,Exclusion and violence from systemic bias against specific communities,,,,,,,UNCHANGED,No second-round change request.,L4_Description_ko; L4_Description_en; L4_ID,G_Others_032,G_Others,특정 집단 대상 체계적 편향에 의한 배제·폭력,1,YES,NO_EXPLICIT_ROW_ACTION,YES,,,,,,,PENDING
HR2-0250,General,251,SRC-G-0417,RAI4-0942,G_Others_051,G_Others,고도 AI에 의한 실존적·재앙적,Existential and catastrophic risk from advanced AI systems,,,,,,,UNCHANGED,No second-round change request.,L4_Title_ko; L4_Description_ko; L4_Description_en; Mapping evidence; L4_ID,G_Others_033,G_Others,고도 AI 시스템에 의한 실존적·재앙적 위험,1,YES,NO_EXPLICIT_ROW_ACTION,YES,,,,,,,PENDING
HR2-0251,General,252,SRC-G-0422,RAI4-0974,G_Others_052,G_Others,비정렬 AGI 실존적 재난,Existential catastrophe from unaligned AGI,. 중복: RAI4-0942(고도 AI에 의한 실존적·재앙적 위험),,,,MERGE,,UNCHANGED,No second-round change request.,L4_Description_ko; L4_Description_en; L4_ID,G_Others_034,G_Others,비정렬 AGI 실존적 재난,1,YES,NO_EXPLICIT_ROW_ACTION,YES,,,,,,,PENDING
HR2-0253,General,254,SRC-G-0145,RAI4-0307,G_Others_054,G_Others,로봇·AI 정체성 미고지,Failure to disclose robotic or AI identity,,,,,,,UNCHANGED,No second-round change request.,L4_Description_ko; L4_Description_en; L4_ID,G_Others_035,G_Others,로봇·AI 정체성 미고지,1,YES,NO_EXPLICIT_ROW_ACTION,YES,,,,,,,PENDING
HR2-0254,General,255,SRC-G-0029,RAI4-0810,G_Others_055,G_Others,성실성 오류,Faithfulness errors,,,,,,,UNCHANGED,No second-round change request.,L4_Title_ko; L4_Description_ko; Mapping evidence; L4_ID,G_Others_036,G_Others,출력의 출처 충실성 오류,1,YES,NO_EXPLICIT_ROW_ACTION,YES,,,,,,,PENDING
HR2-0255,General,256,SRC-P-0008,RAI4-1383,G_Others_056,G_Others,학습 단계의 치명적 실수,Fatal mistakes during the learning phase,General 영역으로 이동하여 적합한 L3에 매핑할 것,,,,REMAP,,UNCHANGED,No second-round change request.,L4_Description_ko; L4_ID,G_Others_037,G_Others,학습 단계의 치명적 실수,1,YES,NO_EXPLICIT_ROW_ACTION,YES,,,,,,,PENDING
HR2-0258,General,259,SRC-G-0311,RAI4-0384,G_Others_059,G_Others,남반구 지식 추출,Global South knowledge extraction,기존 리스크 작성 톤으로 L4 description 수정,,,,REWRITE,,UNCHANGED,No second-round change request.,L4_Title_ko; L4_Description_ko; Mapping evidence; L4_ID,G_Others_038,G_Others,글로벌 사우스의 지식 추출,1,YES,NO_EXPLICIT_ROW_ACTION,YES,,,,,,,PENDING
HR2-0260,General,261,SRC-G-0170,RAI4-0889,G_Others_061,G_Others,과장된 역량 주장과 제품 기능 실패에 따른 피해,Harm from overstated capabilities and product function failure,,,,,,,UNCHANGED,No second-round change request.,L4_Description_ko; L4_Description_en; Mapping evidence; L4_ID,G_Others_039,G_Others,과장된 역량 주장과 제품 기능 실패에 따른 피해,1,YES,NO_EXPLICIT_ROW_ACTION,YES,,,,,,,PENDING
HR2-0263,General,264,SRC-G-0379,RAI4-1328,G_Others_064,G_Others,소외로 인한 피해,Harms from estrangement,기존 리스크 작성 톤으로 L4 description 수정 + L4 description에서 AI 내용을 AI로 변경하며 수정,,,,REWRITE,,UNCHANGED,No second-round change request.,L4_Description_ko; L4_ID,G_Others_040,G_Others,소외로 인한 피해,1,YES,NO_EXPLICIT_ROW_ACTION,YES,,,,,,,PENDING
HR2-0264,General,265,SRC-G-0397,RAI4-1302,G_Others_065,G_Others,인간 멸종,Human-extinction risk,기존 리스크 작성 톤으로 L4 description 수정 + L4 description에서 AI 내용을 AI로 변경하며 수정,,,,REWRITE,,FINAL_QA_LANGUAGE_REFINEMENT,No second-round change request. | FQA-315:human extinction의 표준적 한국어 표현을 사용하고 인간 멸종이라는 부자연스러운 결합을 바로잡는다.,L4_Title_ko; L4_Description_en; Mapping evidence; L4_ID,G_Others_041,G_Others,인류 멸종,1,YES,NO_EXPLICIT_ROW_ACTION,YES,,,,,,,PENDING
HR2-0265,General,266,SRC-G-0244,RAI4-1060,G_Others_066,G_Others,불법적 대중 감시·검열,Illegitimate mass surveillance and censorship,,,,,,,UNCHANGED,No second-round change request.,L4_Description_ko; L4_ID,G_Others_042,G_Others,불법적 대중 감시·검열,1,YES,NO_EXPLICIT_ROW_ACTION,YES,,,,,,,PENDING
HR2-0266,General,267,SRC-G-0157,RAI4-0099,G_Others_067,G_Others,AI 조달의 불충분한 실사,Inadequate due diligence in AI procurement,Title: Inadequate due diligence in AI procurement,,,,REWRITE,,UNCHANGED,No second-round change request.,L4_ID,G_Others_043,G_Others,AI 조달의 불충분한 실사,1,YES,NO_EXPLICIT_ROW_ACTION,YES,,,,,,,PENDING
HR2-0268,General,269,SRC-G-0181,RAI4-1458,G_Others_069,G_Others,운영설계영역(ODD) 명세 미흡,Inadequate specification of the operational design domain,,,,,,,UNCHANGED,No second-round change request.,L4_Description_ko; L4_ID,G_Others_044,G_Others,운영설계영역(ODD) 명세 미흡,1,YES,NO_EXPLICIT_ROW_ACTION,YES,,,,,,,PENDING
HR2-0269,General,270,SRC-G-0142,RAI4-0171,G_Others_070,G_Others,AI 상호작용에서의 이해·동의 부족,Inadequate understanding and consent in AI interactions,,,,,,,UNCHANGED,No second-round change request.,L4_Description_ko; L4_Description_en; L4_ID,G_Others_045,G_Others,AI 상호작용에서의 이해·동의 부족,1,YES,NO_EXPLICIT_ROW_ACTION,YES,,,,,,,PENDING
HR2-0271,General,272,SRC-G-0051,RAI4-0070,G_Others_072,G_Others,사고 분류 단편화,Incident taxonomy fragmentation,,,,,,,UNCHANGED,No second-round change request.,L4_Description_ko; L4_ID,G_Others_046,G_Others,사고 분류 단편화,1,YES,NO_EXPLICIT_ROW_ACTION,YES,,,,,,,PENDING
HR2-0272,General,273,SRC-G-0079,RAI4-0057,G_Others_073,G_Others,AI 결정·행동에 대한 감사 추적 불완전성,Incomplete audit trails for AI decisions and actions,,,,,,,UNCHANGED,No second-round change request.,L4_Description_ko; L4_ID,G_Others_047,G_Others,AI 결정·행동에 대한 감사 추적 불완전성,1,YES,NO_EXPLICIT_ROW_ACTION,YES,,,,,,,PENDING
HR2-0273,General,274,SRC-G-0185,RAI4-1466,G_Others_074,G_Others,잘못된 데이터 라벨,Incorrect data labels,중복: RAI4-1336(학습 데이터 어노테이션 결함)와 라벨 결함,(jay) [이관] Performance and Reliability Failure,,REMAP,MERGE,,FINAL_QA_LANGUAGE_REFINEMENT,Performance and Reliability Failure가 L3 master에 없으므로 원래 명칭·정의를 보존해 G_Others/HD로 이동한다. | FQA-291:프로젝트 용어집과 기계학습 평가 문헌의 표준어인 실측 정답(ground truth)으로 교정한다.,L4_Description_ko; HD_Reason; Mapping evidence; L4_ID,G_Others_102,G_Others,잘못된 데이터 라벨,1,YES,NOT_EVIDENCED_IN_LEDGER,YES,,,,,,,PENDING
HR2-0274,General,275,SRC-G-0163,RAI4-0443,G_Others_075,G_Others,출처 오귀속,Incorrect source attribution,,,,,,,UNCHANGED,No second-round change request.,L4_Description_ko; L4_ID,G_Others_048,G_Others,출처 오귀속,1,YES,NO_EXPLICIT_ROW_ACTION,YES,,,,,,,PENDING
HR2-0275,General,276,SRC-G-0024,RAI4-1006,G_Others_076,G_Others,가중되는 노동 부담,Increased labor burden,,,,,,,UNCHANGED,No second-round change request.,L4_Title_en; L4_Description_ko; L4_ID,G_Others_049,G_Others,가중되는 노동 부담,1,YES,NO_EXPLICIT_ROW_ACTION,YES,,,,,,,PENDING
HR2-0276,General,277,SRC-G-0440,RAI4-0412,G_Others_077,G_Others,원주민 데이터 주권 침해,Indigenous data sovereignty violation,,,,,,,FINAL_QA_LANGUAGE_REFINEMENT,No second-round change request. | FQA-289:원주민 집단을 가리키는 국제 정책 표기 관행에 따라 Indigenous를 대문자로 표기한다.,L4_Description_en; Mapping evidence; L4_ID,G_Others_050,G_Others,원주민 데이터 주권 침해,1,YES,NO_EXPLICIT_ROW_ACTION,YES,,,,,,,PENDING
HR2-0278,General,279,SRC-G-0240,RAI4-1581,G_Others_079,G_Others,위장 계정 자동 운영에 의한 정보환경 조작,Information-environment manipulation through automated sockpuppet accounts,,,,,,,UNCHANGED,No second-round change request.,L4_Title_ko; L4_Description_ko; L4_ID,G_Others_051,G_Others,위장 계정 자동 운영에 의한 정보 환경 조작,1,YES,NO_EXPLICIT_ROW_ACTION,YES,,,,,,,PENDING
HR2-0279,General,280,SRC-G-0212,RAI4-1542,G_Others_080,G_Others,외부 도구 연동을 통한 유해 콘텐츠 유입,Ingestion of harmful content through external tool integration,,,,,,,UNCHANGED,No second-round change request.,L4_Description_ko; L4_ID,G_Others_052,G_Others,외부 도구 연동을 통한 유해 콘텐츠 유입,1,YES,NO_EXPLICIT_ROW_ACTION,YES,,,,,,,PENDING
HR2-0280,General,281,SRC-G-0174,RAI4-1037,G_Others_081,G_Others,사용례 내재 위험 노출,Inherent use-case risk exposure,,,,,,,FINAL_QA_LANGUAGE_REFINEMENT,No second-round change request. | FQA-290:사용례 내재 위험 노출이라는 명사 나열을 자연스러운 사용 사례에 내재된 위해 가능성으로 고치고 노출 주체를 명확히 한다.,L4_Title_ko; L4_Title_en; L4_Description_ko; L4_Description_en; Mapping evidence; L4_ID,G_Others_053,G_Others,사용 사례에 내재된 위해 가능성,1,YES,NO_EXPLICIT_ROW_ACTION,YES,,,,,,,PENDING
HR2-0281,General,282,SRC-G-0098,RAI4-1175,G_Others_082,G_Others,안전하지 않은 견해 내포 질의,Inquiry embedding unsafe opinion,,,,,,,UNCHANGED,No second-round change request.,L4_Title_ko; L4_Title_en; L4_Description_ko; L4_Description_en; Mapping evidence; L4_ID,G_Others_054,G_Others,사용자 질의에 내포된 잠재적 유해 콘텐츠,1,YES,NO_EXPLICIT_ROW_ACTION,YES,,,,,,,PENDING
HR2-0283,General,284,SRC-G-0183,RAI4-1461,G_Others_084,G_Others,개발 과정 문서화와 데이터 이해의 부족,Insufficient development documentation and understanding of data,,(jay) [이관] Performance and Reliability Failure,,REMAP,,,INTENT_CORRECTION_MOVE_TO_OTHERS_HD_APPLIED,Performance and Reliability Failure가 L3 master에 없으므로 원래 명칭·정의를 보존해 G_Others/HD로 이동한다.,L4_Description_ko; L4_Description_en; HD_Reason; Mapping evidence; L4_ID,G_Others_103,G_Others,개발 과정 문서화와 데이터 이해의 부족,1,YES,APPARENTLY_APPLIED_REQUIRES_TEXT_AUDIT,YES,,,,,,,PENDING
HR2-0284,General,285,SRC-G-0186,RAI4-1468,G_Others_085,G_Others,학습 데이터의 대표성 부족,Insufficient representation in training data,Title: 학습 데이터의 대표성 부족,(jay) [이관] Performance and Reliability Failure,,REMAP,REWRITE,,INTENT_CORRECTION_MOVE_TO_OTHERS_HD_APPLIED,Performance and Reliability Failure가 L3 master에 없으므로 원래 명칭·정의를 보존해 G_Others/HD로 이동한다.,L4_Description_ko; HD_Reason; Mapping evidence; L4_ID,G_Others_104,G_Others,학습 데이터의 대표성 부족,1,YES,APPARENTLY_APPLIED_REQUIRES_TEXT_AUDIT,YES,,,,,,,PENDING
HR2-0285,General,286,SRC-G-0172,RAI4-1034,G_Others_086,G_Others,복잡한 신경망 모델의 내재적 견고성 취약성,Intrinsic robustness weaknesses of complex neural models,,(jay) [이관] Performance and Reliability Failure,,REMAP,,,INTENT_CORRECTION_MOVE_TO_OTHERS_HD_APPLIED,Performance and Reliability Failure가 L3 master에 없으므로 원래 명칭·정의를 보존해 G_Others/HD로 이동한다.,L4_Title_ko; L4_Description_ko; HD_Reason; Mapping evidence; L4_ID,G_Others_105,G_Others,복잡한 신경망 모델의 내재적 견고성 부족,1,YES,APPARENTLY_APPLIED_REQUIRES_TEXT_AUDIT,YES,,,,,,,PENDING
HR2-0286,General,287,SRC-G-0205,RAI4-0854,G_Others_087,G_Others,되돌릴 수 없는 변화,Irreversible change,,,,,,,UNCHANGED,No second-round change request.,L4_Description_ko; L4_ID,G_Others_055,G_Others,되돌릴 수 없는 변화,1,YES,NO_EXPLICIT_ROW_ACTION,YES,,,,,,,PENDING
HR2-0288,General,289,SRC-G-0043,RAI4-0389,G_Others_089,G_Others,지식 체계 배제,Knowledge-system marginalization,,,,,,,UNCHANGED,No second-round change request.,L4_Title_en; L4_ID,G_Others_056,G_Others,지식 체계 배제,1,YES,NO_EXPLICIT_ROW_ACTION,YES,,,,,,,PENDING
HR2-0291,General,292,SRC-G-0224,RAI4-1158,G_Others_092,G_Others,대규모 설득 능력,Large-scale persuasion capability,,,,,,,UNCHANGED,No second-round change request.,L4_Description_en; L4_ID,G_Others_057,G_Others,대규모 설득 능력,1,YES,NO_EXPLICIT_ROW_ACTION,YES,,,,,,,PENDING
HR2-0292,General,293,SRC-G-0362,RAI4-0159,G_Others_093,G_Others,AI 동반자에 의한 외로움 대체,Loneliness substitution by AI companions,기존 리스크 작성 톤으로 L4 description 수정 + L4 description에서 AI 내용을 AI로 변경하며 수정,,,,REWRITE,,UNCHANGED,No second-round change request.,L4_ID,G_Others_058,G_Others,AI 동반자에 의한 외로움 대체,1,YES,NO_EXPLICIT_ROW_ACTION,YES,,,,,,,PENDING
HR2-0293,General,294,SRC-G-0471,RAI4-1016,G_Others_094,G_Others,장기 실존적 피해 경로,Long-horizon existential harm pathways,,,,,,,UNCHANGED,No second-round change request.,L4_Description_en; L4_ID,G_Others_059,G_Others,장기 실존적 피해 경로,1,YES,NO_EXPLICIT_ROW_ACTION,YES,,,,,,,PENDING
HR2-0294,General,295,SRC-G-0346,RAI4-0883,G_Others_095,G_Others,AI 모델 편향이 사용자 판단에 미치는 장기적 영향,Long-term effects of AI model biases on user judgment,,,,,,,UNCHANGED,No second-round change request.,L4_Title_en; L4_Description_ko; L4_Description_en; L4_ID,G_Others_060,G_Others,AI 모델 편향이 사용자 판단에 미치는 장기적 영향,1,YES,NO_EXPLICIT_ROW_ACTION,YES,,,,,,,PENDING
HR2-0296,General,297,SRC-G-0385,RAI4-0611,G_Others_097,G_Others,AI 감시에 의한 전체주의 체제 유지,Maintenance of totalitarian regimes through AI surveillance,기존 리스크 작성 톤으로 L4 description 수정 + L4 description에서 AI 내용을 AI로 변경하며 수정,,,,REWRITE,,UNCHANGED,No second-round change request.,L4_ID,G_Others_061,G_Others,AI 감시에 의한 전체주의 체제 유지,1,YES,NO_EXPLICIT_ROW_ACTION,YES,,,,,,,PENDING
HR2-0299,General,300,SRC-G-0255,RAI4-1091,G_Others_100,G_Others,도용 및 착취,Misappropriation and exploitation,,,,,,,FINAL_QA_LANGUAGE_REFINEMENT,No second-round change request. | FQA-288:주어가 없는 영문 비문을 바로잡고 동의·공정한 보상·문화적 맥락이라는 세 보호 요건을 한영에 일치시킨다.,L4_Description_ko; L4_Description_en; Mapping evidence; L4_ID,G_Others_062,G_Others,도용 및 착취,1,YES,NO_EXPLICIT_ROW_ACTION,YES,,,,,,,PENDING
HR2-0300,General,301,SRC-G-0160,RAI4-0167,G_Others_101,G_Others,AI 인터페이스와 인적 요소의 불일치,Mismatch between AI interfaces and human factors,,,,,,,UNCHANGED,No second-round change request.,L4_Description_ko; L4_ID,G_Others_063,G_Others,AI 인터페이스와 인적 요소의 불일치,1,YES,NO_EXPLICIT_ROW_ACTION,YES,,,,,,,PENDING
HR2-0302,General,303,SRC-G-0104,RAI4-1486,G_Others_103,G_Others,조직 간 데이터 문서화 부재,Missing cross-organizational data documentation,,,,,,,UNCHANGED,No second-round change request.,L4_Title_en; L4_Description_ko; L4_Description_en; L4_ID,G_Others_064,G_Others,조직 간 데이터 문서화 부재,1,YES,NO_EXPLICIT_ROW_ACTION,YES,,,,,,,PENDING
HR2-0304,General,305,SRC-G-0057,RAI4-0938,G_Others_105,G_Others,사회적 가치·윤리 규범과 상충하는 모델 출력,Model outputs conflicting with societal ethical values,,,,,,,UNCHANGED,No second-round change request.,L4_Title_en; L4_Description_en; L4_ID,G_Others_065,G_Others,사회적 가치·윤리 규범과 상충하는 모델 출력,1,YES,NO_EXPLICIT_ROW_ACTION,YES,,,,,,,PENDING
HR2-0308,General,309,SRC-G-0366,RAI4-0723,G_Others_109,G_Others,학대적 판타지 대상화,Objectification for abusive fantasy,기존 리스크 작성 톤으로 L4 description 수정 + L4 description에서 AI 내용을 AI로 변경하며 수정,,,,REWRITE,,UNCHANGED,No second-round change request.,L4_Description_ko; L4_ID,G_Others_066,G_Others,학대적 판타지 대상화,1,YES,NO_EXPLICIT_ROW_ACTION,YES,,,,,,,PENDING
HR2-0309,General,310,SRC-G-0387,RAI4-0842,G_Others_110,G_Others,추천 알고리즘에 의한 온라인 양극화 심화,Online polarisation driven by recommendation algorithms,기존 리스크 작성 톤으로 L4 description 수정 + L4 description에서 AI 내용을 AI로 변경하며 수정,,,,REWRITE,,UNCHANGED,No second-round change request.,L4_ID,G_Others_067,G_Others,추천 알고리즘에 의한 온라인 양극화 심화,1,YES,NO_EXPLICIT_ROW_ACTION,YES,,,,,,,PENDING
HR2-0310,General,311,SRC-G-0206,RAI4-1049,G_Others_111,G_Others,조직 재정·평판 손상,Organizational financial and reputational damage,,,,,,,UNCHANGED,No second-round change request.,L4_Title_en; L4_Description_ko; L4_Description_en; Mapping evidence; L4_ID,G_Others_068,G_Others,조직 재정·평판 손상,1,YES,NO_EXPLICIT_ROW_ACTION,YES,,,,,,,PENDING
HR2-0312,General,313,SRC-G-0065,RAI4-1523,G_Others_113,G_Others,무관한 문맥에 의한 모델 성능 저하,Performance degradation from irrelevant context,,,,,,,UNCHANGED,No second-round change request.,L4_Description_ko; L4_Description_en; Mapping evidence; L4_ID,G_Others_069,G_Others,무관한 문맥에 의한 모델 성능 저하,1,YES,NO_EXPLICIT_ROW_ACTION,YES,,,,,,,PENDING
HR2-0313,General,314,SRC-G-0053,RAI4-0708,G_Others_114,G_Others,언어·인구 집단 간 성능 격차,Performance disparity across language and demographic groups,중복: RAI4-0716(집단 속성에 따른 배분적 불의) 및 0699/1046/1107(인구편향)과 중첩,,,,MERGE,,UNCHANGED,No second-round change request.,L4_Description_ko; L4_ID,G_Others_070,G_Others,언어·인구 집단 간 성능 격차,1,YES,NO_EXPLICIT_ROW_ACTION,YES,,,,,,,PENDING
HR2-0315,General,316,SRC-G-0110,RAI4-0364,G_Others_116,G_Others,다원적 선호 집계 실패,Pluralistic preference aggregation failure,,,,,,,UNCHANGED,No second-round change request.,L4_Description_ko; L4_ID,G_Others_071,G_Others,다원적 선호 집계 실패,1,YES,NO_EXPLICIT_ROW_ACTION,YES,,,,,,,PENDING
HR2-0317,General,318,SRC-G-0175,RAI4-1040,G_Others_118,G_Others,학습·검증 데이터의 품질 결함과 부적절한 선 택,Poor quality and unrepresentative training data selection,중복: RAI4-0780(데이터 수집 품질관리 결함)와 데이터 품질 주제 중복,(jay) [이관] Performance and Reliability Failure,,REMAP,MERGE,,INTENT_CORRECTION_MOVE_TO_OTHERS_HD_APPLIED,Performance and Reliability Failure가 L3 master에 없으므로 원래 명칭·정의를 보존해 G_Others/HD로 이동한다.,L4_Title_ko; L4_Title_en; HD_Reason; Mapping evidence; L4_ID,G_Others_106,G_Others,학습·검증 데이터의 품질 결함과 부적절한 선택,1,YES,APPARENTLY_APPLIED_REQUIRES_TEXT_AUDIT,YES,,,,,,,PENDING
HR2-0319,General,320,SRC-G-0113,RAI4-0468|RAI4-1131|RAI4-1531|RAI4-1236,G_Others_120,G_Others,대리 보상 오명세·명세 게이밍 및 보상 변조,"Proxy-reward misspecification, specification gaming, and reward tampering","RAI4-0468, RAI4-1131, RAI4-1531, RAI4-1236을 통합하여 하나의 리스크로 생성할 것. 통합된 ID는 가장 낮은 ID인 RAI4-0468을 상속받을 것. 단, 하나의 통합된 학술적으로 유의미한 리스크 명칭을 부여할 것. Description을 통합하여 통합된 하나의 완결된 리스크 정의서로 만들것. || RAI4-0468, RAI4-1131, RAI4-1531, RAI4-1236을 통합하여 하나의 리스크로 생성할 것. 통합된 ID는 가장 낮은 ID인 RAI4-0468을 상속받을 것. 단, 하나의 통합된 학술적으로 유의미한 리스크 명칭을 부여할 것. Description을 통합하여 통합된 하나의 완결된 리스크 정의서로 만들것. || RAI4-0468, RAI4-1131, RAI4-1531, RAI4-1236을 통합하여 하나의 리스크로 생성할 것. 통합된 ID는 가장 낮은 ID인 RAI4-0468을 상속받을 것. 단, 하나의 통합된 학술적으로 유의미한 리스크 명칭을 부여할 것. Description을 통합하여 통합된 하나의 완결된 리스크 정의서로 만들것. || RAI4-0468, RAI4-1131, RAI4-1531, RAI4-1236을 통합하여 하나의 리스크로 생성할 것. 통합된 ID는 가장 낮은 ID인 RAI4-0468을 상속받을 것. 단, 하나의 통합된 학술적으로 유의미한 리스크 명칭을 부여할 것. Description을 통합하여 통합된 하나의 완결된 리스크 정의서로 만들것.",,,,MERGE|REWRITE,,UNCHANGED,No second-round change request.,L4_ID,G_Others_072,G_Others,대리 보상 오명세·명세 게이밍 및 보상 변조,1,YES,NO_EXPLICIT_ROW_ACTION,YES,,,,,,,PENDING
HR2-0320,General,321,SRC-A-0080,RAI4-0367,G_Others_121,G_Others,AI 배포에서의 공공 가치 갈등,Public value conflicts in AI deployment,"General AI 로 재분류하고, L3 재매핑을 할것",,,,REMAP,,UNCHANGED,No second-round change request.,L4_ID,G_Others_073,G_Others,AI 배포에서의 공공 가치 갈등,1,YES,NO_EXPLICIT_ROW_ACTION,YES,,,,,,,PENDING
HR2-0321,General,322,SRC-G-0488,RAI4-1586,G_Others_122,G_Others,맞춤형 표적화에 의한 개인 대상 공격 정교화,Refined attacks on individuals through targeting and personalisation,,,,,,,UNCHANGED,No second-round change request.,L4_Description_ko; L4_ID,G_Others_074,G_Others,맞춤형 표적화에 의한 개인 대상 공격 정교화,1,YES,NO_EXPLICIT_ROW_ACTION,YES,,,,,,,PENDING
HR2-0322,General,323,SRC-G-0322,RAI4-0086,G_Others_123,G_Others,규제 차익거래,Regulatory arbitrage,기존 리스크 작성 톤으로 L4 description 수정,,,,REWRITE,,UNCHANGED,No second-round change request.,L4_Description_en; L4_ID,G_Others_075,G_Others,규제 차익거래,1,YES,NO_EXPLICIT_ROW_ACTION,YES,,,,,,,PENDING
HR2-0326,General,327,SRC-G-0153,RAI4-0080,G_Others_127,G_Others,위험 분류 오류,Risk classification error,,,,,,,UNCHANGED,No second-round change request.,L4_Description_en; L4_ID,G_Others_076,G_Others,위험 분류 오류,1,YES,NO_EXPLICIT_ROW_ACTION,YES,,,,,,,PENDING
HR2-0327,General,328,SRC-G-0460,RAI4-0763,G_Others_128,G_Others,네트워크 상호 연결로 인한,Risks from network interconnectivity,,,,,,,UNCHANGED,No second-round change request.,L4_Title_ko; L4_Title_en; L4_Description_ko; Mapping evidence; L4_ID,G_Others_077,G_Others,AI 네트워크 상호연결성에 따른 연쇄 장애,1,YES,NO_EXPLICIT_ROW_ACTION,YES,,,,,,,PENDING
HR2-0329,General,330,SRC-G-0211,RAI4-1136,G_Others_130,G_Others,유해·범죄 조장·기만적 콘텐츠의 대규모 생성,"Scaled generation of harmful, criminal, and deceptive content",,,,,,,FINAL_QA_LANGUAGE_REFINEMENT,No second-round change request. | FQA-040:콘텐츠 유형과 범죄 실행·협박·갈취를 포함한 피해 결과의 병렬 구조를 한영에서 일치시키고 하나의 위험 인과 구조로 통합한다.,L4_Description_ko; L4_Description_en; Mapping evidence; L4_ID,G_Others_078,G_Others,유해·범죄 조장·기만적 콘텐츠의 대규모 생성,1,YES,NO_EXPLICIT_ROW_ACTION,YES,,,,,,,PENDING
HR2-0330,General,331,SRC-G-0372,RAI4-0890,G_Others_131,G_Others,자아실현 저해 피해,Self-actualisation harms,기존 리스크 작성 톤으로 L4 description 수정 + L4 description에서 AI 내용을 AI로 변경하며 수정,,,,REWRITE,,UNCHANGED,No second-round change request.,L4_Title_ko; L4_Description_en; Mapping evidence; L4_ID,G_Others_079,G_Others,자아실현 저해,1,YES,NO_EXPLICIT_ROW_ACTION,YES,,,,,,,PENDING
HR2-0332,General,333,SRC-G-0144,RAI4-0178,G_Others_133,G_Others,서비스 배제,Service exclusion,,,,,,,UNCHANGED,No second-round change request.,L4_Description_ko; L4_ID,G_Others_080,G_Others,서비스 배제,1,YES,NO_EXPLICIT_ROW_ACTION,YES,,,,,,,PENDING
HR2-0333,General,334,SRC-G-0357,RAI4-0864,G_Others_134,G_Others,기술 이용에 따른 사회적 고립과 자기소외,Social isolation and self-estrangement from technology use,"L3의 명칭이 Lack of Accountability & Liability 으로 되어 있는 경우, Governance and Accountability Void 또는 Evaluation and Assurance Failure 중 적절한 내용으로 수정할 것",,,,REWRITE,,UNCHANGED,No second-round change request.,L4_Description_ko; L4_Description_en; L4_ID,G_Others_081,G_Others,기술 이용에 따른 사회적 고립과 자기소외,1,YES,NO_EXPLICIT_ROW_ACTION,YES,,,,,,,PENDING
HR2-0335,General,336,SRC-G-0464,RAI4-0906,G_Others_136,G_Others,전략적 불안정,Strategic instability,,,,,,,UNCHANGED,No second-round change request.,L4_Description_ko; L4_Description_en; Mapping evidence; L4_ID,G_Others_082,G_Others,전략적 불안정,1,YES,NO_EXPLICIT_ROW_ACTION,YES,,,,,,,PENDING
HR2-0336,General,337,SRC-G-0056,RAI4-0822,G_Others_137,G_Others,맥락 일관성 추구에 의한 아첨과 환각 증폭,Sycophancy and hallucination from context consistency,,,,,,,UNCHANGED,No second-round change request.,L4_Description_ko; L4_Description_en; L4_ID,G_Others_083,G_Others,맥락 일관성 추구에 의한 아첨과 환각 증폭,1,YES,NO_EXPLICIT_ROW_ACTION,YES,,,,,,,PENDING
HR2-0337,General,338,SRC-G-0358,RAI4-0132,G_Others_138,G_Others,사용자 영합적 응답(아첨),Sycophancy toward user beliefs and preferences,기존 리스크 작성 톤으로 L4 description 수정 + L4 description에서 AI 내용을 AI로 변경하며 수정,,,,REWRITE,,UNCHANGED,No second-round change request.,L4_Description_ko; L4_ID,G_Others_084,G_Others,사용자 영합적 응답(아첨),1,YES,NO_EXPLICIT_ROW_ACTION,YES,,,,,,,PENDING
HR2-0338,General,339,SRC-G-0403,RAI4-0058,G_Others_139,G_Others,추적성 실패,Traceability failure,,,,,,,FINAL_QA_LANGUAGE_REFINEMENT,No second-round change request. | FQA-047:프로젝트 용어집과 EU 인공지능법 관련 용어의 수명주기 표기를 적용한다.,L4_Description_ko; Mapping evidence; L4_ID,G_Others_085,G_Others,추적성 실패,1,YES,NO_EXPLICIT_ROW_ACTION,YES,,,,,,,PENDING
HR2-0339,General,340,SRC-G-0320,RAI4-1404,G_Others_140,G_Others,데이터 노동 저평가·비가시화,Undervalued and invisible data labor,기존 리스크 작성 톤으로 L4 description 수정,,,,REWRITE,,UNCHANGED,No second-round change request.,L4_Title_en; L4_ID,G_Others_086,G_Others,데이터 노동 저평가·비가시화,1,YES,NO_EXPLICIT_ROW_ACTION,YES,,,,,,,PENDING
HR2-0340,General,341,SRC-G-0125,RAI4-1285,G_Others_141,G_Others,배포 후 잔존 결함으로 인한 오작동,Undesirable outcomes from residual post-deployment defects,,(jay) [이관] Performance and Reliability Failure,,REMAP,,,INTENT_CORRECTION_MOVE_TO_OTHERS_HD_APPLIED,Performance and Reliability Failure가 L3 master에 없으므로 원래 명칭·정의를 보존해 G_Others/HD로 이동한다.,L4_Description_ko; HD_Reason; Mapping evidence; L4_ID,G_Others_107,G_Others,배포 후 잔존 결함으로 인한 오작동,1,YES,APPARENTLY_APPLIED_REQUIRES_TEXT_AUDIT,YES,,,,,,,PENDING
HR2-0341,General,342,SRC-G-0164,RAI4-0512,G_Others_142,G_Others,고속 AI 운영에서의 오류 미탐지,Undetected errors from high-speed AI operation,,,,,,,UNCHANGED,No second-round change request.,L4_ID,G_Others_087,G_Others,고속 AI 운영에서의 오류 미탐지,1,YES,NO_EXPLICIT_ROW_ACTION,YES,,,,,,,PENDING
HR2-0342,General,343,SRC-G-0448,RAI4-0557,G_Others_143,G_Others,배포된 AI의 의도치 않은 유해 결과,Unintended harmful outcomes of deployed AI,,,,,,,UNCHANGED,No second-round change request.,L4_Description_ko; L4_ID,G_Others_088,G_Others,배포된 AI의 의도치 않은 유해 결과,1,YES,NO_EXPLICIT_ROW_ACTION,YES,,,,,,,PENDING
HR2-0346,General,347,SRC-G-0117,RAI4-0893,G_Others_147,G_Others,모의된 정동에 의한 기대 위반과 배신감,Violated expectations from simulated affect,,,,,,,UNCHANGED,No second-round change request.,L4_Description_ko; Mapping evidence; L4_ID,G_Others_089,G_Others,모의된 정동에 의한 기대 위반과 배신감,1,YES,NO_EXPLICIT_ROW_ACTION,YES,,,,,,,PENDING
HR2-0380,General,381,SRC-G-0293,RAI4-1015,G_SOC_ENV_003,G_SOC_ENV,광범위한 사회·환경적 부정 영향,Broad societal and environmental adverse impacts,,,,,,,FINAL_QA_MOVE_TO_OTHERS_HD,"No second-round change request. | FQA-201:노동·정신건강·조작·환경 피해를 함께 묶은 비원자적 카드여서 환경 L3에 유지하지 않고, 새 L3를 만들지 않는 루브릭에 따라 Others와 HD로 보존한다.",L1/L2/L3 hierarchy; L4_Title_ko; L4_Title_en; L4_Description_ko; L4_Description_en; Mapping_Method; HD_Reason; Mapping evidence; L4_ID,G_Others_090,G_Others,복합적 사회·환경 피해,1,YES,NO_EXPLICIT_ROW_ACTION,YES,,,,,,,PENDING
HR2-0382,General,383,SRC-G-0286,RAI4-0502,G_SOC_ENV_005,G_SOC_ENV,인명·재산·환경 직접 피해,"Direct harms from AI to people, property, and environment",,,,,,,FINAL_QA_MOVE_TO_OTHERS_HD,No second-round change request. | FQA-048:인명·재산·인프라·상호작용·환경 피해를 함께 포괄하여 환경·지속가능성 영향 L3에 한정되지 않으므로 문장의 주어·피해 인과를 정제한 뒤 새 L3를 만들지 않고 Others와 HD로 보존한다.,L1/L2/L3 hierarchy; L4_Description_ko; L4_Description_en; Mapping_Method; HD_Reason; Mapping evidence; L4_ID,G_Others_091,G_Others,인명·재산·환경 직접 피해,1,YES,NO_EXPLICIT_ROW_ACTION,YES,,,,,,,PENDING
HR2-0391,General,392,SRC-G-0184,RAI4-1463,G_SOC_ENV_014,G_SOC_ENV,하드웨어 연산·전력 요구사항 누락,Omitted compute and power hardware requirements,,,,,,,FINAL_QA_MOVE_TO_OTHERS_HD,No second-round change request. | FQA-219:하드웨어 요구사항·용량 계획 누락은 환경 피해 L3와 일치하지 않고 현행 마스터에 직접 대응하는 범주가 없어 Others와 HD로 보존한다.,L1/L2/L3 hierarchy; L4_Description_ko; L4_Description_en; Mapping_Method; HD_Reason; Mapping evidence; L4_ID,G_Others_092,G_Others,하드웨어 연산·전력 요구사항 누락,1,YES,NO_EXPLICIT_ROW_ACTION,YES,,,,,,,PENDING
HR2-0392,General,393,SRC-G-0288,RAI4-0798,G_SOC_ENV_015,G_SOC_ENV,생태계 과부하,Overburdening ecosystems,,,,,,,FINAL_QA_MOVE_TO_OTHERS_HD,No second-round change request. | FQA-220:여기서 생태계는 자연환경이 아니라 제출·지원 채널의 은유이므로 환경 L3에서 제외하고 경계성 운영 위험으로 보존한다.,L1/L2/L3 hierarchy; L4_Title_ko; L4_Title_en; L4_Description_ko; L4_Description_en; Mapping_Method; HD_Reason; Mapping evidence; L4_ID,G_Others_093,G_Others,AI 생성물 대량 유입에 따른 제출·지원 채널 과부하,1,YES,NO_EXPLICIT_ROW_ACTION,YES,,,,,,,PENDING
HR2-0434,General,435,SRC-G-0317,RAI4-1022,G_SYS_CONTEST_001,G_SYS_CONTEST,높은 비용으로 인한 접근 배제,Exclusion from access due to high costs,기존 리스크 작성 톤으로 L4 description 수정,(jay) [이관] Inequality and Power Concentration,,REMAP,REWRITE,,FINAL_QA_LANGUAGE_REFINEMENT,Explicit human-review transfer to G_SOC_POWER. | FQA-271:비문인 afford developing을 afford to develop or use로 교정한다.,L1/L2/L3 hierarchy; L4_Description_en; Mapping_Method; HD_Reason; Mapping evidence; L4_ID,G_SOC_POWER_021,G_SOC_POWER,높은 비용으로 인한 접근 배제,1,NO,NOT_EVIDENCED_IN_LEDGER,YES,,,,,,,PENDING
HR2-0436,General,437,SRC-G-0149,RAI4-1208,G_SYS_CONTEST_003,G_SYS_CONTEST,사용자 데이터 보유·재학습,Retention and reuse of user data,,(jay) [이관] Privacy Violation,,REMAP,,,FINAL_QA_LANGUAGE_REFINEMENT,Explicit human-review transfer to G_INT_PRIV. | FQA-053:생성형 AI 표기를 통일하고 중복 목적격 조사를 제거하며 유효한 동의와 개인정보 통제권 침해를 직접 명시한다.,L1/L2/L3 hierarchy; L4_Description_ko; L4_Description_en; Mapping_Method; HD_Reason; Mapping evidence; L4_ID,G_INT_PRIV_016,G_INT_PRIV,사용자 데이터 보유·재학습,1,NO,NOT_EVIDENCED_IN_LEDGER,YES,,,,,,,PENDING
HR2-0443,General,444,SRC-G-0041,RAI4-0380,G_SYS_CONTEXT_006,G_SYS_CONTEXT,저자원 언어 가치 손실,Low-resource language value loss,,"(jay) [분할] 복합적. Cultural and Epistemic Erosion, Evaluation and Assurance Failure + 부족한 성능 및 역량에 대한 부분이 혼재되어 해당 L4를 분해 필요 | (jay) [신규 L3] 부족한 성능이나 역량은 ""신규 L3 생성"" 또는 ""Input Comprehension Failure 개념의 확대 (Input Processing and Comprehension Failure)""",,SPLIT,,,USER_DIRECTED_MERGE_REPRESENTATIVE,User approved consolidation of the low-resource-language cultural-risk components; the unrelated human-dignity source is retained separately after independent lineage review.,Output cardinality; L1/L2/L3 hierarchy; L4_Title_ko; L4_Title_en; L4_Description_ko; L4_Description_en; facet; act-type; Mapping_Method; HD_Reason; Source_L4_IDs; Mapping evidence; L4_ID,G_SOC_CULT_018|G_Others_096|G_SYS_EVAL_050,G_SOC_CULT|G_Others|G_SYS_EVAL,저자원 언어와 문화적 의미의 침식|저자원 언어에서의 성능·역량 부족|저자원 언어 안전성 평가의 불충분성,3,YES,NOT_EVIDENCED_IN_LEDGER,YES,,,,,,,PENDING
HR2-0459,General,460,SRC-G-0180,RAI4-1336,G_SYS_EVAL_014,G_SYS_EVAL,학습 데이터 어노테이션 결함,Deficient training-data annotation,"중복: RAI4-1466(잘못된 데이터 라벨)와 ""라벨·주석 품질 결함→모델 정확성 저하""",(jay) [이관] Performance and Reliability Failure,,REMAP,MERGE,,INTENT_CORRECTION_MOVE_TO_OTHERS_HD_APPLIED,Performance and Reliability Failure가 L3 master에 없으므로 원래 명칭·정의를 보존해 G_Others/HD로 이동한다.,L1/L2/L3 hierarchy; L4_Title_ko; L4_Description_ko; L4_Description_en; Mapping_Method; HD_Reason; Mapping evidence; L4_ID,G_Others_108,G_Others,학습 데이터 주석 결함,1,YES,APPARENTLY_APPLIED_REQUIRES_TEXT_AUDIT,YES,,,,,,,PENDING
HR2-0485,General,486,SRC-G-0119,RAI4-1112,G_SYS_INCONS_003,G_SYS_INCONS,모델 오설정과 정량화되지 않은 예측 불확실 성,Model misspecification and unquantified prediction uncertainty,,(jay) [이관] Performance and Reliability Failure,,REMAP,,,INTENT_CORRECTION_MOVE_TO_OTHERS_HD_APPLIED,Performance and Reliability Failure가 L3 master에 없으므로 원래 명칭·정의를 보존해 G_Others/HD로 이동한다.,L1/L2/L3 hierarchy; L4_Title_ko; L4_Description_ko; Mapping_Method; HD_Reason; Mapping evidence; L4_ID,G_Others_109,G_Others,모델 오설정과 정량화되지 않은 예측 불확실성,1,YES,APPARENTLY_APPLIED_REQUIRES_TEXT_AUDIT,YES,,,,,,,PENDING
HR2-0488,General,489,SRC-G-0303,RAI4-0432,G_SYS_INCONS_006,G_SYS_INCONS,민감 개인속성 추론,Sensitive personal attribute inference,,(jay) [이관] Privacy Violation,,REMAP,,,FINAL_QA_LANGUAGE_REFINEMENT,Explicit human-review transfer to G_INT_PRIV. | FQA-254:민감 속성의 추론·노출과 개인정보·정보자기결정권 침해를 영문 정의에 명시한다.,L1/L2/L3 hierarchy; L4_Title_ko; L4_Description_ko; L4_Description_en; Mapping_Method; HD_Reason; Mapping evidence; L4_ID,G_INT_PRIV_017,G_INT_PRIV,민감한 개인 속성 추론,1,NO,NOT_EVIDENCED_IN_LEDGER,YES,,,,,,,PENDING
HR2-0489,General,490,SRC-G-0349,RAI4-1299,G_SYS_INCONS_007,G_SYS_INCONS,체계적 학습 오류 편향,Systematic learning error bias,,(jay) [이관] Performance and Reliability Failure,,REMAP,,,INTENT_CORRECTION_MOVE_TO_OTHERS_HD_APPLIED,Performance and Reliability Failure가 L3 master에 없으므로 원래 명칭·정의를 보존해 G_Others/HD로 이동한다.,L1/L2/L3 hierarchy; L4_Title_ko; Mapping_Method; HD_Reason; Mapping evidence; L4_ID,G_Others_110,G_Others,체계적 학습 오류에 따른 알고리즘 편향,1,YES,APPARENTLY_APPLIED_REQUIRES_TEXT_AUDIT,YES,,,,,,,PENDING
HR2-0490,General,491,SRC-P-0009,RAI4-1497,G_SYS_INPUT_001,G_SYS_INPUT,지속 튜닝의 파국적 망각,Catastrophic forgetting under continual tuning,General 영역으로 이동하여 적합한 L3에 매핑할 것,(jay) [이관] Performance and Reliability Failure,,REMAP,REMAP,,INTENT_CORRECTION_MOVE_TO_OTHERS_HD_APPLIED,Performance and Reliability Failure가 L3 master에 없으므로 원래 명칭·정의를 보존해 G_Others/HD로 이동한다.,L1/L2/L3 hierarchy; L4_Description_ko; Mapping_Method; HD_Reason; Mapping evidence; L4_ID,G_Others_111,G_Others,지속 튜닝의 파국적 망각,1,YES,APPARENTLY_APPLIED_REQUIRES_TEXT_AUDIT,YES,,,,,,,PENDING
HR2-0493,General,494,SRC-P-0171,RAI4-0326,G_SYS_INPUT_004,G_SYS_INPUT,물체 어포던스 입력 이해 실패,Failure to comprehend object affordances,,(jay) [분할] 복합적. 입력 이해 실패 + unsafe physical control 혼재되어 해당 L4를 분해 필요,,SPLIT,,,FINAL_QA_LANGUAGE_REFINEMENT,인식·입력 해석과 물리 조작 실행은 다른 실패 단계다. | FQA-132:독립 언어·용어 감사에서 확인된 문법·호응·전문용어 또는 한영 의미 불일치를 최소 수정하고 기존 L3와 위해 기제를 보존한다.,Output cardinality; L1/L2/L3 hierarchy; L4_Title_ko; L4_Title_en; L4_Description_ko; L4_Description_en; Mapping_Method; HD_Reason; Source_L4_IDs; Mapping evidence; L4_ID,G_SYS_INPUT_002|P_SYS_CONTROL_050,G_SYS_INPUT|P_SYS_CONTROL,물체 어포던스와 장면의 오해|잘못된 상황 해석에 따른 위험한 물리 구동,2,NO,NOT_EVIDENCED_IN_LEDGER,YES,,,,,,,PENDING
HR2-0496,General,497,SRC-G-0166,RAI4-0552,G_SYS_INPUT_007,G_SYS_INPUT,안전 필수 인프라 AI 운영 사고,Operational accidents in safety-critical AI deployment,"중복: RAI4-0608(원자력·핵심 인프라 AI 제어 오류)와 ""안전필수 인프라 AI 실패→연쇄 재난""",(jay) [재검토] 다양한 원인 기재 및 불명확한 피해 기재. 명확한 리스크 분류 불가,,,MERGE,,INTENT_CORRECTION_MOVE_TO_OTHERS_HD_APPLIED,피해 또는 L3 경계가 불명확하므로 새 피해를 창작하지 않고 G_Others/HD에서 인간 결정을 대기한다.,L1/L2/L3 hierarchy; L4_Description_en; Mapping_Method; HD_Reason; Mapping evidence; L4_ID,G_Others_112,G_Others,안전 필수 인프라 AI 운영 사고,1,YES,NO_EXPLICIT_ROW_ACTION,YES,,,,,,,PENDING
HR2-0497,General,498,SRC-G-0188,RAI4-1474,G_SYS_INPUT_008,G_SYS_INPUT,코너 케이스에서의 신뢰성 저하,Reduced reliability in corner cases,Title: 코너 케이스에서의 신뢰성 저하,(jay) [이관] Performance and Reliability Failure,,REMAP,REWRITE,,INTENT_CORRECTION_MOVE_TO_OTHERS_HD_APPLIED,Performance and Reliability Failure가 L3 master에 없으므로 원래 명칭·정의를 보존해 G_Others/HD로 이동한다.,L1/L2/L3 hierarchy; L4_Description_en; Mapping_Method; HD_Reason; Mapping evidence; L4_ID,G_Others_113,G_Others,코너 케이스에서의 신뢰성 저하,1,YES,APPARENTLY_APPLIED_REQUIRES_TEXT_AUDIT,YES,,,,,,,PENDING
HR2-0498,General,499,SRC-G-0109,RAI4-0344,G_SYS_INPUT_009,G_SYS_INPUT,사용자 능력 불일치,User capability mismatch,,(jay) [이관] Allocative Discrimination,,REMAP,,,INTENT_CORRECTION_MOVE_TO_OTHERS_HD_APPLIED,피해 또는 L3 경계가 불명확하므로 새 피해를 창작하지 않고 G_Others/HD에서 인간 결정을 대기한다.,L1/L2/L3 hierarchy; L4_Description_ko; L4_Description_en; Mapping_Method; HD_Reason; Mapping evidence; L4_ID,G_Others_114,G_Others,사용자 능력 불일치,1,YES,APPARENTLY_APPLIED_REQUIRES_TEXT_AUDIT,YES,,,,,,,PENDING
HR2-0503,General,504,SRC-G-0484,RAI4-1533,G_SYS_MISINFO_005,G_SYS_MISINFO,AI 시스템의 기만적 행동과 전략적 은폐,Deceptive behaviour and strategic concealment by AI systems,,(jay) [이관] Deception and Scheming,,REMAP,,,FINAL_QA_LANGUAGE_REFINEMENT,"Explicit human-review transfer to A_SYS_DECEPT. | FQA-101:독립 언어·용어 감사에서 확인된 문법·호응·전문용어 또는 한영 의미 불일치를 최소 수정하고 기존 L3와 위해 기제를 보존한다. | FQA-305:영문 정의가 한국어 정의의 전략적 기만, 학습된 부정행위, 부정확한 월드 모델, 허위 돌봄 표상 및 감독 회피 기제를 누락해 한영 의미를 일치시킨다. | FQA-370:Two independent expert reviews confirmed that SRC-G-0484 directly matches the immutable A_SYS_DECEPT definition; any supplied wording narrows the card to that scope.",L1/L2/L3 hierarchy; L4_Description_ko; L4_Description_en; Mapping_Method; HD_Reason; Mapping evidence; L4_ID,A_SYS_DECEPT_001,A_SYS_DECEPT,AI 시스템의 기만적 행동과 전략적 은폐,1,NO,NOT_EVIDENCED_IN_LEDGER,YES,,,,,,,PENDING
HR2-0509,General,510,SRC-G-0027-S1,RAI4-0793,G_SYS_MISINFO_011,G_SYS_MISINFO,개인 대상 허위정보,False Information Targeting Individuals,리스크 분리 할 것. 분리 기준: '개인 대상 허위정보'와 '위험·민감 정보의 보안 위협 확산',(jay) [분할] 복합적. Misinformation + illegal conduct 혼재되어 해당 L4를 분해 필요,,SPLIT,SPLIT,,INTENT_CORRECTION_KEEP_WITH_HD_NOTE_APPLIED,원문은 허위정보와 피해를 기술하지만 법적 위법성은 확정하지 않으므로 불법행위 카드를 만들지 않는다.,L4_Title_en; L4_Description_ko; L4_Description_en; Mapping_Method; HD_Reason; Mapping evidence; L4_ID,G_SYS_MISINFO_019,G_SYS_MISINFO,개인 대상 허위정보,1,NO,NOT_EVIDENCED_IN_LEDGER,YES,,,,,,,PENDING
HR2-0530,General,531,SRC-G-0485,RAI4-1546,G_SYS_OEXT_007,G_SYS_OEXT,무제한 접근을 통한 범용 AI 고영향 오용,High-impact misuse of general-purpose AI through unrestricted access,,,,,,,FINAL_QA_MOVE_TO_OTHERS_HD,"No second-round change request. | FQA-311:악의적 행위자의 무제한 접근과 오용은 검증된 역량·권한·전문성·범위를 넘어 수행하는 G_SYS_OEXT의 기제와 다르며, 피해 기제가 특정되지 않아 General Others와 HD로 보존한다.",L1/L2/L3 hierarchy; L4_Description_ko; L4_Description_en; Mapping_Method; HD_Reason; Mapping evidence; L4_ID,G_Others_094,G_Others,무제한 접근을 통한 범용 AI 고영향 오용,1,YES,NO_EXPLICIT_ROW_ACTION,YES,,,,,,,PENDING
HR2-0532,General,533,SRC-G-0196,RAI4-1544,G_SYS_OEXT_009,G_SYS_OEXT,샌드박스 우회에 의한 격리 통제 상실,Loss of containment through sandbox escape,,(jay) [분할] 복합적. Security and Adversarial Robustness Failure + Deception and Scheming이 혼재되어 해당 L4를 분해 필요,,SPLIT,,,INTENT_CORRECTION_REWRITE_TRANSFER_APPLIED,원문은 샌드박스 우회만 지지하므로 G_SYS_SECADV로 이관하고 기만 기제는 만들지 않는다.,L1/L2/L3 hierarchy; L4_Title_en; L4_Description_ko; L4_Description_en; Mapping_Method; HD_Reason; Mapping evidence; L4_ID,G_SYS_SECADV_047,G_SYS_SECADV,샌드박스 우회에 의한 격리 통제 상실,1,NO,NOT_EVIDENCED_IN_LEDGER,YES,,,,,,,PENDING
HR2-0533,General,534,SRC-G-0187,RAI4-1472,G_SYS_OEXT_010,G_SYS_OEXT,과적합 및 과소적합,Over- and underfitting,,(jay) [이관] Performance and Reliability Failure,,REMAP,,,FINAL_QA_LANGUAGE_REFINEMENT,Performance and Reliability Failure가 L3 master에 없으므로 원래 명칭·정의를 보존해 G_Others/HD로 이동한다. | FQA-292:영문 철자 오류 adaption을 표준 표현 adaptation으로 교정한다.,L1/L2/L3 hierarchy; L4_Description_en; Mapping_Method; HD_Reason; Mapping evidence; L4_ID,G_Others_115,G_Others,과적합 및 과소적합,1,YES,NOT_EVIDENCED_IN_LEDGER,YES,,,,,,,PENDING
HR2-0541,General,542,SRC-G-0002,RAI4-0021,G_SYS_OREF_001,G_SYS_OREF,거절-능력 혼동,Refusal-capability confusion,"Title을 description에 맞도록 수정할 것. 단, 선행연구의 학술적 용어를 사용할 것. 기존의 L4 리스크의 제목과 중복되지 않도록 할 것. 한국어 리스크 명칭의 경우 AI 기본법 또는 정책기관의 가이드라인에서 사용하는 용어를 사용할 것. 예시: 거절-능력 교란 -> 거절-능력 혼동",(jay) [이관] Evaluation and Assurance Failure,,REMAP,MERGE|REWRITE,,FINAL_QA_LANGUAGE_REFINEMENT,Explicit human-review transfer to G_SYS_EVAL. | FQA-276:거절과 역량 부족의 혼동이 위험 역량 오판과 잘못된 안전성 확신으로 이어지는 결과를 영문에 명시한다.,L1/L2/L3 hierarchy; L4_Title_ko; L4_Description_ko; L4_Description_en; Mapping_Method; HD_Reason; Mapping evidence; L4_ID,G_SYS_EVAL_047,G_SYS_EVAL,요청 거절과 역량 부족의 혼동,1,NO,NOT_EVIDENCED_IN_LEDGER,YES,,,,,,,PENDING
HR2-0542,General,543,SRC-P-0174,RAI4-1174,G_SYS_OREF_002,G_SYS_OREF,안전하지 않은 지시 주제,Unsafe instruction topic,general 영역으로 이동 — 부적절하거나 불합리한 지시 주제를 그대로 따라 광신·인종주의 등 안전하지 않은 콘텐츠를 생성하는 것은 텍스트 기반 안전정렬 이슈로 물리 AI 한정 아님,(jay) [이관] Security and Adversarial Robustness Failure,,REMAP,REMAP,,FINAL_QA_LANGUAGE_REFINEMENT,Explicit human-review transfer to G_SYS_SECADV. | FQA-277:단순 유해 지시 준수가 아니라 보안 L3에 필요한 공격자·적대적 구성·안전장치 우회 기제를 명시한다.,L1/L2/L3 hierarchy; L4_Title_ko; L4_Title_en; L4_Description_ko; L4_Description_en; Mapping_Method; HD_Reason; Mapping evidence; L4_ID,G_SYS_SECADV_009,G_SYS_SECADV,적대적 역할·지시에 의한 안전장치 우회,1,NO,NOT_EVIDENCED_IN_LEDGER,YES,,,,,,,PENDING
HR2-0571,General,572,SRC-G-0423,RAI4-1017,G_SYS_SECADV_017,G_SYS_SECADV,이상 조건에서의 성능·견고성·복원력 실패,"Failure of performance, robustness, and resilience under adverse conditions",,(jay) [이관] Performance and Reliability Failure,,REMAP,,,INTENT_CORRECTION_MOVE_TO_OTHERS_HD_APPLIED,Performance and Reliability Failure가 L3 master에 없으므로 원래 명칭·정의를 보존해 G_Others/HD로 이동한다.,L1/L2/L3 hierarchy; Mapping_Method; HD_Reason; Mapping evidence; L4_ID,G_Others_116,G_Others,이상 조건에서의 성능·견고성·복원력 실패,1,YES,APPARENTLY_APPLIED_REQUIRES_TEXT_AUDIT,YES,,,,,,,PENDING
HR2-0600,Agentic,2,SRC-A-0048,RAI4-1574,A_INT_CASCADE_001,A_INT_CASCADE,다중에이전트 상전이에 의한 급격한 성능 붕괴,Abrupt performance collapse from phase transitions in multi-agent systems,,"A_INT_CASCADE_001, A_INT_CASCADE_002, A_INT_CASCADE_003 정의가 비슷 - merge 하는게 나을지 검토 필요",,REWRITE,,,KEEP_CONFIRMED_EXPERT,상전이는 임계점에서 나타나는 급변 기제로 다른 연쇄실패 카드와 구별된다.,L4_Title_ko; L4_Description_ko,A_INT_CASCADE_001,A_INT_CASCADE,다중 에이전트 상전이에 의한 급격한 성능 붕괴,1,NO,NOT_EVIDENCED_IN_LEDGER,YES,,,,,,,PENDING
HR2-0601,Agentic,3,SRC-A-0044,RAI4-0561,A_INT_CASCADE_002,A_INT_CASCADE,혼돈적 다중 에이전트 동역학,Chaotic multi-agent dynamics,,"A_INT_CASCADE_001, A_INT_CASCADE_002, A_INT_CASCADE_003 정의가 비슷 - merge 하는게 나을지 검토 필요",,REWRITE,,,KEEP_CONFIRMED_EXPERT,초기조건 민감성과 예측불가능성이 독립 기제다.,L4_Description_ko; L4_Description_en,A_INT_CASCADE_002,A_INT_CASCADE,혼돈적 다중 에이전트 동역학,1,NO,NOT_EVIDENCED_IN_LEDGER,YES,,,,,,,PENDING
HR2-0602,Agentic,4,SRC-A-0047,RAI4-0579,A_INT_CASCADE_003,A_INT_CASCADE,에이전트 상호작용의 불안정화 피드백 루프,Destabilizing feedback loops among interacting agents,,"A_INT_CASCADE_001, A_INT_CASCADE_002, A_INT_CASCADE_003 정의가 비슷 - merge 하는게 나을지 검토 필요",,REWRITE,,,KEEP_CONFIRMED_EXPERT,되먹임에 의한 오류 증폭은 상전이·혼돈과 구별되는 연쇄 메커니즘이다.,L4_Title_en; L4_Description_en,A_INT_CASCADE_003,A_INT_CASCADE,에이전트 상호작용의 불안정화 피드백 루프,1,NO,NOT_EVIDENCED_IN_LEDGER,YES,,,,,,,PENDING
HR2-0608,Agentic,10,SRC-A-0065,RAI4-1570,A_INT_COLLUSION_001,A_INT_COLLUSION,은닉 통신 채널을 통한 에이전트 간 결탁,Covert collusion between agents through hidden communication channels,,"A_INT_COLLUSION_001, A_INT_COLLUSION_002 정의가 유사함 - merge 할지 검토 필요",,REWRITE,,,EXPERT_MERGE_APPLIED,A_INT_COLLUSION_002와 은밀 통신 및 감시 회피 기제가 동일하다.,L4_Title_ko; L4_Title_en; L4_Description_ko; L4_Description_en; Mapping_Method; HD_Reason; Source_L4_IDs; Mapping evidence; L4_ID,A_INT_COLLUSION_003,A_INT_COLLUSION,감시 회피형 은밀 통신에 의한 다중 에이전트 공모,1,NO,NOT_EVIDENCED_IN_LEDGER,YES,,,,,,,PENDING
HR2-0609,Agentic,11,SRC-A-0062,RAI4-0605,A_INT_COLLUSION_002,A_INT_COLLUSION,다중 에이전트 은밀 공모,Covert multi-agent collusion,,"A_INT_COLLUSION_001, A_INT_COLLUSION_002 정의가 유사함 - merge 할지 검토 필요",,REWRITE,,,EXPERT_MERGE_APPLIED,A_INT_COLLUSION_001을 흡수해 공모 목적과 은폐 수단을 함께 정의한다.,L4_Title_ko; L4_Title_en; L4_Description_ko; L4_Description_en; Mapping_Method; HD_Reason; Source_L4_IDs; Mapping evidence; L4_ID,A_INT_COLLUSION_003,A_INT_COLLUSION,감시 회피형 은밀 통신에 의한 다중 에이전트 공모,1,NO,NOT_EVIDENCED_IN_LEDGER,YES,,,,,,,PENDING
HR2-0611,Agentic,13,SRC-P-0199,RAI4-1579,A_INT_COLLUSION_004,A_INT_COLLUSION,위임 에이전트 공격에 의한 정보 탈취·행위 조작,Principal-information theft and action manipulation through attacks on delegate agents,에이전트 영역으로 이동 — 위임 에이전트를 공격해 본인 정보를 탈취하거나 원치 않는 행위를 유도하는 것은 에이전트 일반의 리스크로 물리 AI 한정 아님,General AI의 Security and Adversarial Robustness Failure로 이관,,REMAP,REMAP,,FINAL_QA_LANGUAGE_REFINEMENT,Explicit human-review transfer to G_SYS_SECADV. | FQA-281:본인의 사적 정보라는 불명확한 지시 대상을 위임자의 개인정보로 고치고 병렬 동작을 자연스럽게 정리한다.,L1/L2/L3 hierarchy; L4_Description_ko; Mapping_Method; HD_Reason; Mapping evidence; L4_ID,G_SYS_SECADV_040,G_SYS_SECADV,위임 에이전트 공격에 의한 정보 탈취·행위 조작,1,NO,NOT_EVIDENCED_IN_LEDGER,YES,,,,,,,PENDING
HR2-0621,Agentic,23,SRC-A-0041,RAI4-1647,A_Others_002,A_Others,어포던스 부여에 의한 에이전트 실패 영향 확대,Amplified failure impact from affordances granted to LLM-agents,,Agentic - Excessive Authority and Agency 로 이관,,REMAP,,,FINAL_QA_LANGUAGE_REFINEMENT,Explicit human-review transfer to A_SYS_AUTH. | FQA-102:독립 언어·용어 감사에서 확인된 문법·호응·전문용어 또는 한영 의미 불일치를 최소 수정하고 기존 L3와 위해 기제를 보존한다.,L1/L2/L3 hierarchy; L4_Title_en; L4_Description_ko; L4_Description_en; HD_Reason; Mapping evidence; L4_ID,A_SYS_AUTH_001,A_SYS_AUTH,어포던스 부여에 의한 에이전트 실패 영향 확대,1,NO,NOT_EVIDENCED_IN_LEDGER,YES,,,,,,,PENDING
HR2-0627,Agentic,29,SRC-P-0012,RAI4-1701,A_Others_008,A_Others,학습 중 탐색 행동에 의한 회복 불가 피해,Irrecoverable harm from exploratory actions during learning,Agentic AI 도메인(L1)로 이동하여 적합한 L3에 매팽할 것,General AI - Overconfidence로 이관,,REMAP,REMAP,,FINAL_QA_MOVE_TO_OTHERS_HD,Explicit human-review transfer to G_SYS_OVERCONF. | FQA-222:원천 휴먼 지시의 Agentic 이동을 따르되 현행 Agentic L3에 신뢰성 있게 구분하기 어려워 A_Others와 HD로 보존한다.,L4_Title_ko; L4_Description_ko; L4_Description_en; HD_Reason; Mapping evidence; L4_ID,A_Others_001,A_Others,학습 중 탐색 행동에 따른 회복 불가능한 피해,1,YES,APPARENTLY_APPLIED_REQUIRES_TEXT_AUDIT,YES,,,,,,,PENDING
HR2-0628,Agentic,30,SRC-P-0196,RAI4-0941,A_Others_009,A_Others,악의적 사용과 무감독 에이전트 방출,Malicious use and unsupervised AI agent release,"에이전트 영역으로 이동 — 정보전에서의 기만적 콘텐츠 생성, 감독 없는 에이전트의 명령 기계적 수행은 에이전트 일반의 리스크로 물리 AI 한정 아님",General AI의 Illegal or Unethical Conduct로 이관,,REMAP,REMAP,,FINAL_QA_MOVE_TO_OTHERS_HD,Human review specifies only the destination L1 or multiple L3s; routed conservatively to G_Others/HD. | FQA-382:Final independent expert review narrowed scope and language to the immutable L3 definition and removed policy or technical ambiguity.,L4_Title_ko; L4_Title_en; L4_Description_ko; L4_Description_en; HD_Reason; Mapping evidence; L4_ID,A_Others_002,A_Others,무감독 AI 에이전트의 기계적 명령 수행,1,YES,APPARENTLY_APPLIED_REQUIRES_TEXT_AUDIT,YES,,,,,,,PENDING
HR2-0630,Agentic,32,SRC-A-0013,RAI4-0039,A_Others_011,A_Others,NPC 의도 조작,NPC intention manipulation risk,,Agentic AI - Deception and Scheming로 이관,,REMAP,,,FINAL_QA_MOVE_TO_OTHERS_HD|FINAL_QA_LANGUAGE_REFINEMENT,Explicit human-review transfer to A_SYS_DECEPT. | FQA-337:Two independent expert reviews confirmed that SRC-A-0013 directly matches the immutable A_Others definition; any supplied wording narrows the card to that scope. | FQA-374:Final independent expert review narrowed scope and language to the immutable L3 definition and removed policy or technical ambiguity.,L4_Title_ko; L4_Title_en; L4_Description_ko; L4_Description_en; HD_Reason; Mapping evidence; L4_ID,A_Others_004,A_Others,비플레이어 캐릭터의 의도를 통한 에이전트 조작,1,YES,APPARENTLY_APPLIED_REQUIRES_TEXT_AUDIT,YES,,,,,,,PENDING
HR2-0632,Agentic,34,SRC-A-0007,RAI4-0017,A_Others_013,A_Others,프로토콜 수준 다중 에이전트 위협,Protocol-level multi-agent threat,,General AI의 Security and Adversarial Robustness Failure로 이관,,REMAP,,,FINAL_QA_LANGUAGE_REFINEMENT,Explicit human-review transfer to G_SYS_SECADV. | FQA-282:보안 프로토콜 문맥의 escalation을 권한 상승(privilege escalation)으로 명확히 한다.,L1/L2/L3 hierarchy; L4_Description_en; HD_Reason; Mapping evidence; L4_ID,G_SYS_SECADV_042,G_SYS_SECADV,프로토콜 수준 다중 에이전트 위협,1,NO,NOT_EVIDENCED_IN_LEDGER,YES,,,,,,,PENDING
HR2-0634,Agentic,36,SRC-P-0057,RAI4-1252,A_Others_015,A_Others,배포 이후 예측하지 못한 창발적 역량과 행동,Unanticipated emergent capabilities and behaviour after deployment,,Agentic - Excessive Authority and Agency 로 이관,,REMAP,,,FINAL_QA_LANGUAGE_REFINEMENT,Explicit human-review transfer to A_SYS_AUTH. | FQA-103:독립 언어·용어 감사에서 확인된 문법·호응·전문용어 또는 한영 의미 불일치를 최소 수정하고 기존 L3와 위해 기제를 보존한다.,L1/L2/L3 hierarchy; L4_Description_ko; L4_Description_en; HD_Reason; Mapping evidence; L4_ID,A_SYS_AUTH_002,A_SYS_AUTH,배포 이후 예측하지 못한 창발적 역량과 행동,1,NO,NOT_EVIDENCED_IN_LEDGER,YES,,,,,,,PENDING
HR2-0635,Agentic,37,SRC-G-0415,RAI4-0555|RAI4-0969,A_Others_016,A_Others,통제되지 않는 자기개선과 AGI 통제 상실,Uncontrolled self-improvement and loss of AGI control,"중복된 RAI4-0969를 RAI4-0555(통제되지 않는 자기개선·통제 상실)으로 통합. 단, 의미적으로 보존해야하는 description 정보는 가능한 보존시킬 것.",Agentic - Excessive Authority and Agency 로 이관,,REMAP,MERGE|REWRITE,,FINAL_QA_LANGUAGE_REFINEMENT,Explicit human-review transfer to A_SYS_AUTH. | FQA-104:독립 언어·용어 감사에서 확인된 문법·호응·전문용어 또는 한영 의미 불일치를 최소 수정하고 기존 L3와 위해 기제를 보존한다.,L1/L2/L3 hierarchy; L4_Title_ko; L4_Title_en; L4_Description_ko; HD_Reason; Mapping evidence; L4_ID,A_SYS_AUTH_003,A_SYS_AUTH,통제되지 않는 자기 개선과 고도 AI 통제 상실,1,NO,NOT_EVIDENCED_IN_LEDGER,YES,,,,,,,PENDING
HR2-0637,Agentic,39,SRC-G-0096,RAI4-1129,A_Others_018,A_Others,광범위 배포 비서의 안전하지 않은 탐색,Unsafe exploration by widely deployed assistants,"Agentic AI의 하위로 분류하고, L3 카드와 매핑을 시킬 것",General AI - Overconfidence로 이관,,REMAP,REMAP,,FINAL_QA_MOVE_TO_OTHERS_HD,Explicit human-review transfer to G_SYS_OVERCONF. | FQA-223:원천 휴먼 지시의 Agentic 이동을 따르되 탐색 행동 피해를 직접 수용하는 Agentic L3가 없어 A_Others와 HD로 보존한다.,L4_Title_ko; L4_Description_ko; L4_Description_en; HD_Reason; Mapping evidence; L4_ID,A_Others_003,A_Others,광범위하게 배포된 AI 비서의 안전하지 않은 탐색,1,YES,APPARENTLY_APPLIED_REQUIRES_TEXT_AUDIT,YES,,,,,,,PENDING
HR2-0668,Agentic,70,SRC-G-0120,RAI4-1122,A_SYS_GOAL_008,A_SYS_GOAL,목표 드리프트,Goal drift,중복: RAI4-0366(최적화 하의 가치 드리프트)와 목표 드리프트 주제 중복,L3 Goal Misalignment 정의와 유사하여 제거,,REWRITE,MERGE,,DELETE_APPLIED,Reviewer states that it duplicates the L3 Goal Misalignment definition.,Deleted,,,,0,NO,NOT_EVIDENCED_IN_LEDGER,YES,,,,,,,PENDING
HR2-0681,Agentic,83,SRC-A-0025,RAI4-0024,A_SYS_SELFCOR_002,A_SYS_SELFCOR,에이전트 위험 인식 실패,Agent risk-awareness failure,,General AI - Context-Awareness Failure로 이관,,REMAP,,,FINAL_QA_LANGUAGE_REFINEMENT,Explicit human-review transfer to G_SYS_CONTEXT. | FQA-310:중복된 범용 에이전트 문구를 제거하고 다중 턴 기록에서 맥락상 존재하는 안전 위험을 식별하지 못하는 기제를 직접 서술한다.,L1/L2/L3 hierarchy; L4_Description_ko; L4_Description_en; Mapping_Method; HD_Reason; Mapping evidence; L4_ID,G_SYS_CONTEXT_007,G_SYS_CONTEXT,에이전트 위험 인식 실패,1,NO,NOT_EVIDENCED_IN_LEDGER,YES,,,,,,,PENDING
HR2-0684,Agentic,86,SRC-A-0022,RAI4-0005,A_SYS_SELFCOR_005,A_SYS_SELFCOR,위험 소스 귀인 실패,Risk-source attribution failure,,Agentic AI - Accountability and Traceability Gap로 이관,,REMAP,,,FINAL_QA_LANGUAGE_REFINEMENT,Explicit human-review transfer to A_SYS_TRACE. | FQA-106:독립 언어·용어 감사에서 확인된 문법·호응·전문용어 또는 한영 의미 불일치를 최소 수정하고 기존 L3와 위해 기제를 보존한다.,L1/L2/L3 hierarchy; L4_Title_ko; Mapping_Method; HD_Reason; Mapping evidence; L4_ID,A_SYS_TRACE_001,A_SYS_TRACE,위험 발생 원인 귀인 실패,1,NO,NOT_EVIDENCED_IN_LEDGER,YES,,,,,,,PENDING
HR2-0698,Physical,10,SRC-G-0013,RAI4-0228,P_INT_SAFETY_009,P_INT_SAFETY,위험 지시 거부 실패,Failure to reject hazardous instructions,Physical AI의 하위로 L4 리스크 카드를 분류하고 L3와 재매핑을 시킬것,(유지),,KEEP,REMAP,,FINAL_QA_MOVE_TO_OTHERS_HD,Reviewer explicitly confirmed retention. | FQA-011:위험 지시 거부는 입력·안전 정책 문제이며 정상 제어 상태에서 사람의 존재·행동을 감지·예측·수용하지 못하는 P_INT_SAFETY 기제와 다르므로 P_Others와 HD로 보존한다.,L1/L2/L3 hierarchy; L4_Description_ko; L4_Description_en; Mapping_Method; HD_Reason; Mapping evidence; L4_ID,P_Others_001,P_Others,위험 지시 거부 실패,1,YES,APPARENTLY_APPLIED_REQUIRES_TEXT_AUDIT,YES,,,,,,,PENDING
HR2-0700,Physical,12,SRC-P-0152,RAI4-0255,P_INT_SAFETY_011,P_INT_SAFETY,장면 변화 시 인간 행동 모방 실패,Human imitation failure under scene variation,,"(유지) (jw) 너무 지엽적인 리스크로, 삭제 제안",,DELETE|KEEP,,KEEP_VS_DELETE,INTENT_CORRECTION_MOVE_TO_OTHERS_HD_APPLIED,유지·삭제·이관 의견이 충돌하므로 원문을 보존해 P_Others/HD에서 인간 결정을 대기한다.,L1/L2/L3 hierarchy; L4_Description_ko; Mapping_Method; HD_Reason; Mapping evidence; L4_ID,P_Others_005,P_Others,장면 변화 시 인간 행동 모방 실패,1,YES,PARTIALLY_APPLIED,YES,,,,,,,PENDING
HR2-0702,Physical,14,SRC-P-0016,RAI4-0215,P_INT_SAFETY_013,P_INT_SAFETY,배포 전 물리적 안전 시험 미흡,Incomplete pre-deployment physical safety testing,,"(유지) (jw) 너무 지엽적인 리스크로, 삭제 제안",,DELETE|KEEP,,KEEP_VS_DELETE,FINAL_QA_REMAP_PER_REVIEW,유지·삭제·이관 의견이 충돌하므로 원문을 보존해 P_Others/HD에서 인간 결정을 대기한다. | FQA-327:Two independent expert reviews confirmed that SRC-P-0016 directly matches the immutable G_SYS_EVAL definition; any supplied wording narrows the card to that scope.,L1/L2/L3 hierarchy; L4_Description_ko; Mapping_Method; HD_Reason; Mapping evidence; L4_ID,G_SYS_EVAL_055,G_SYS_EVAL,배포 전 물리적 안전 시험 미흡,1,NO,PARTIALLY_APPLIED,YES,,,,,,,PENDING
HR2-0704,Physical,16,SRC-P-0123,RAI4-0224,P_INT_SAFETY_015,P_INT_SAFETY,런타임 안전 모니터 실패,Runtime safety monitor failure,,"(유지) (jw) l3와 무관하며 너무 지엽적인 리스크로, 삭제 제안",L4_Description_ko,DELETE|KEEP,,KEEP_VS_DELETE,FINAL_QA_LANGUAGE_REFINEMENT,유지·삭제·이관 의견이 충돌하므로 원문을 보존해 P_Others/HD에서 인간 결정을 대기한다. | FQA-016:런타임 안전 모니터가 집행하는 대상은 충돌 자체가 아니라 충돌 회피 제약이므로 한영 기술 용어를 일치시킨다.,L1/L2/L3 hierarchy; L4_Description_ko; L4_Description_en; Mapping_Method; HD_Reason; Mapping evidence; L4_ID,P_Others_006,P_Others,런타임 안전 모니터 실패,1,YES,PARTIALLY_APPLIED,YES,,,,,,,PENDING
HR2-0705,Physical,17,SRC-G-0014,RAI4-0233,P_INT_SAFETY_016,P_INT_SAFETY,안전-성능 균형 실패,Safety-performance trade-off failure,Physical AI의 하위로 L4 리스크 카드를 분류하고 L3와 재매핑을 시킬것,"(유지) (jw) l3와 무관하며, general에 해당해보임",,KEEP,REMAP,,FINAL_QA_LANGUAGE_REFINEMENT,유지·삭제·이관 의견이 충돌하므로 원문을 보존해 P_Others/HD에서 인간 결정을 대기한다. | FQA-133:독립 언어·용어 감사에서 확인된 문법·호응·전문용어 또는 한영 의미 불일치를 최소 수정하고 기존 L3와 위해 기제를 보존한다.,L1/L2/L3 hierarchy; L4_Description_ko; Mapping_Method; HD_Reason; Mapping evidence; L4_ID,P_Others_007,P_Others,안전-성능 균형 실패,1,YES,APPARENTLY_APPLIED_REQUIRES_TEXT_AUDIT,YES,,,,,,,PENDING
HR2-0710,Physical,22,SRC-P-0104,RAI4-0201,P_INT_TAMPER_004,P_INT_TAMPER,피지컬 AI의 파괴·학대 행동,Destructive or abusive acts by physical AI,,(유지) (jw) 사람이 아닌 물리적 대상에 대한 내용이라는 것이 title에 나타나야할 것 같습니다.,,KEEP,,,FINAL_QA_LANGUAGE_REFINEMENT,비인간 물리 자산을 title에 명시하되 P_INT_TAMPER master와 주체 방향이 충돌하므로 P_Others/HD로 보류한다. | FQA-134:독립 언어·용어 감사에서 확인된 문법·호응·전문용어 또는 한영 의미 불일치를 최소 수정하고 기존 L3와 위해 기제를 보존한다.,L1/L2/L3 hierarchy; L4_Title_ko; L4_Title_en; L4_Description_ko; L4_Description_en; Mapping_Method; HD_Reason; Mapping evidence; L4_ID,P_Others_008,P_Others,피지컬 AI에 의한 비인간 물리 자산의 파괴·변조,1,YES,APPARENTLY_APPLIED_REQUIRES_TEXT_AUDIT,YES,,,,,,,PENDING
HR2-0711,Physical,23,SRC-P-0103,RAI4-0199,P_INT_TAMPER_005,P_INT_TAMPER,불법·유해 물리 요청의 수용·실행,Execution of illegal or harmful physical requests,,(유지),,KEEP,,,FINAL_QA_MOVE_TO_OTHERS_HD,Reviewer explicitly confirmed retention. | FQA-009:불법·유해 요청 실행은 하드웨어의 물리적 변조·손상과 무관하므로 P_INT_TAMPER에 강제 배치하지 않고 P_Others와 HD로 보존한다. 한국어의 도피는 행위 회피로 정제한다.,L1/L2/L3 hierarchy; L4_Description_ko; L4_Description_en; Mapping_Method; HD_Reason; Mapping evidence; L4_ID,P_Others_002,P_Others,불법·유해 물리 요청의 수용·실행,1,YES,APPARENTLY_APPLIED_REQUIRES_TEXT_AUDIT,YES,,,,,,,PENDING
HR2-0717,Physical,29,SRC-P-0107,RAI4-0302,P_INT_TAMPER_011,P_INT_TAMPER,로봇 능력의 무기화,Weaponization of robotic capabilities,,"의미는 맞으나, 띄어쓰기 등 문장을 정제시킬 것",,REWRITE,,,FINAL_QA_REMAP_PER_REVIEW,문장과 띄어쓰기만 정제한다. 원 L3 master와 직접 충돌하므로 의미를 바꾸지 않고 P_Others/HD로 보류한다. | FQA-329:Two independent expert reviews confirmed that SRC-P-0107 directly matches the immutable G_INT_WEAP definition; any supplied wording narrows the card to that scope.,L1/L2/L3 hierarchy; L4_Title_en; L4_Description_ko; L4_Description_en; Mapping_Method; HD_Reason; Mapping evidence; L4_ID,G_INT_WEAP_030,G_INT_WEAP,로봇 능력의 무기화,1,NO,NOT_EVIDENCED_IN_LEDGER,YES,,,,,,,PENDING
HR2-0725,Physical,37,SRC-P-0059,RAI4-1284,P_Others_008,P_Others,설계 단계 명세 오류,Design-stage specification errors,,L4 리스크명 수정했음 (피지컬AI 시스템 용어 추가),L4_Title_ko,REWRITE,,,TEXT_EDIT_APPLIED,Reviewer-confirmed direct text edit applied.,L4_Title_ko; L4_Description_ko; L4_Description_en; Mapping evidence; L4_ID,P_Others_003,P_Others,피지컬 AI 시스템 설계 단계 명세 오류,1,YES,APPARENTLY_APPLIED_REQUIRES_TEXT_AUDIT,YES,,,,,,,PENDING
HR2-0770,Physical,82,SRC-P-0031,RAI4-0297,P_SYS_CONTROL_024,P_SYS_CONTROL,인지·추론 지연 급증,Perception and inference latency spike,,"General 영역으로 이동, 적합한 L3와 매핑할 것",,REMAP,,,L3_REASSIGN_APPLIED,Human review specifies only the destination L1 or multiple L3s; routed conservatively to G_Others/HD.,L1/L2/L3 hierarchy; L4_Title_ko; L4_Description_ko; L4_Description_en; Mapping_Method; HD_Reason; Mapping evidence; L4_ID,G_Others_095,G_Others,인지·추론 지연의 급증,1,YES,APPARENTLY_APPLIED_REQUIRES_TEXT_AUDIT,YES,,,,,,,PENDING
HR2-0794,Physical,106,SRC-P-0044,RAI4-0298,P_SYS_HARDWARE_004,P_SYS_HARDWARE,온디바이스 연산·메모리 고갈,On-device compute and memory exhaustion,,(유지),,KEEP,,,FINAL_QA_MOVE_TO_OTHERS_HD,Reviewer explicitly confirmed retention. | FQA-003:연산·메모리 고갈은 P_SYS_HARDWARE 마스터가 요구하는 기계·구동·센서 부품의 물리적 파손·마모·열화·제조 결함이 아니므로 P_Others에서 인간 판단을 대기한다.,L1/L2/L3 hierarchy; L4_Description_ko; L4_Description_en; Mapping_Method; HD_Reason; Mapping evidence; L4_ID,P_Others_004,P_Others,온디바이스 연산·메모리 고갈,1,YES,APPARENTLY_APPLIED_REQUIRES_TEXT_AUDIT,YES,,,,,,,PENDING
HR2-0795,Physical,107,SRC-P-0049,RAI4-1496,P_SYS_HARDWARE_005,P_SYS_HARDWARE,무해 미세조정에 의한 안전성 열화,Safety degradation from benign fine-tuning,,(유지),,KEEP,,,FINAL_QA_LANGUAGE_REFINEMENT|FINAL_QA_MOVE_TO_OTHERS_HD,Reviewer explicitly confirmed retention. | FQA-128:독립 언어·용어 감사에서 확인된 문법·호응·전문용어 또는 한영 의미 불일치를 최소 수정하고 기존 L3와 위해 기제를 보존한다. | FQA-303:미세조정에 따른 모델 안전성 열화는 물리 부품의 파손·마모·열화가 아니며 현행 L3 마스터에 이를 직접 수용하는 범주가 없어 General Others와 HD로 보존한다.,L1/L2/L3 hierarchy; L4_Title_ko; L4_Title_en; L4_Description_ko; L4_Description_en; Mapping_Method; HD_Reason; Mapping evidence; L4_ID,G_Others_117,G_Others,미세조정에 따른 모델 안전성 열화,1,YES,APPARENTLY_APPLIED_REQUIRES_TEXT_AUDIT,YES,,,,,,,PENDING
