Register_ID,Source_Domain,source_row_id,Baseline_L4_Title_ko,Human_Review_Comment_Verbatim,Source_Instruction_Prompt,Agent1_Action,Agent1_Target_L3_IDs,Agent1_Merge_Representative,Agent1_Split_Count,Agent1_Confidence,Agent1_Basis,Agent1_Note,Agent2_Action,Agent2_Target_L3_IDs,Agent2_Merge_Representative,Agent2_Split_Count,Agent2_Confidence,Agent2_Basis,Agent2_Note,Action_Agreement,Target_Agreement,Merge_Representative_Agreement,User_Approval_Required,Approval_Reason,User_Selected_Action,User_Selected_Target_L3_IDs,User_Selected_Merge_Representative,User_Decision_Note,User_Approval_Status
HR2-0004,General,SRC-G-0445,저자원 언어 사용자 배제,"(jay) [분할] 복합적 Allocative discrimination, Cultural and Epistemic Erosion + 부족한 성능 및 역량이 혼재되어 해당 L4를 분해 필요 | (jay) [신규 L3] 부족한 성능이나 역량은 ""신규 L3 생성"" 또는 ""Input Comprehension Failure 개념의 확대 (Input Processing and Comprehension Failure)""",,SPLIT,G_INT_ALLOC|G_SOC_CULT|G_SYS_INPUT,,3,MEDIUM,E/S/C,원문의 3개 기제를 분리하되 성능 child는 저자원 언어 입력 이해 실패로 좁혀야 함,SPLIT,G_INT_ALLOC|G_SOC_CULT|G_SYS_INPUT,,3,MEDIUM,HUMAN_REVIEW|L3_MASTER,저자원 언어의 접근 배제·문화 침식·입력 처리 실패를 분리하고 HR2-0443과 공유 계보를 유지,YES,YES,YES,YES,AGENT2_USER_DECISION,,,,,PENDING
HR2-0005,General,SRC-G-0345,모델 설계 기인 차별적 출력,(jay) [이관] (jay) [재검토] 발생한 결과가 단순 표현인지 자원의 분배인지에 따라 Value Imposition and Normative Homogenization과 Representational Harm으로 배치될 필요성 존재,중복: RAI4-0676(사회 집단에 대한 차별적 결정·산출)와 주제 중복,MERGE,G_INT_REPR,SRC-G-0338,,MEDIUM,E/M/C,명시 중복을 대표 카드에 통합하되 배분 결과가 있으면 별도 child 유지 필요,MERGE,G_INT_ALLOC|G_INT_REPR,SRC-G-0338,,MEDIUM,HUMAN_REVIEW|SOURCE_DUPLICATE|L3_MASTER,중복 대표의 배분·표상 분할 출력에 흡수 계보 연결,YES,NO,YES,YES,TARGET_DISAGREEMENT|AGENT2_USER_DECISION,,,,,PENDING
HR2-0082,General,SRC-G-0047,집단별 성능 격차·고정관념 인코딩,(jay) [재검토] 피해가 무엇인지 표기되지 않아 불분명함. Representational harm 또는 Allocative Discrimination,중복: RAI4-0699·RAI4-1107과 학습데이터 인구편향,SPLIT,G_INT_REPR|G_INT_ALLOC,,2,MEDIUM,E/S/C,고정관념과 집단별 성능·서비스 격차를 분리,MERGE,G_INT_REPR,SRC-G-0046,,MEDIUM,SOURCE_DUPLICATE|L3_MASTER,인구 집단 편향 대표 카드에 흡수,NO,NO,NO,YES,ACTION_DISAGREEMENT|TARGET_DISAGREEMENT|MERGE_REPRESENTATIVE_DISAGREEMENT,,,,,PENDING
HR2-0143,General,SRC-G-0189,비전문가 데이터 조작,(jay) [이관] Performance and Reliability Failure,,REWRITE_KEEP,G_SYS_EVAL,,,MEDIUM,E/R,비전문가 데이터 조작을 데이터 품질 보증·검증 실패로 좁혀 유지,REMAP,G_SYS_EVAL,,,HIGH,HUMAN_REVIEW|L3_MASTER,비전문가 데이터 조작에 따른 품질·검증 실패,NO,YES,YES,YES,ACTION_DISAGREEMENT,,,,,PENDING
HR2-0151,General,SRC-G-0458,콘텐츠 조정 알고리즘의 편향적 억압,"(jay) [분할] 복합적. Allocative Discrimination, representational harm and manipulation 혼재되어 해당 L4를 분해 필요",,SPLIT,G_INT_ALLOC|G_INT_REPR|G_INT_UNETH,,3,HIGH,E/S/L,접근 억압·재현 피해·조작 기제를 원문 지시대로 분리,SPLIT,G_INT_ALLOC|G_INT_REPR,,2,MEDIUM,HUMAN_REVIEW|L3_MASTER,원문은 노출 배분과 집단 표상을 지지하나 별도 manipulation 자식은 근거 부족,YES,NO,YES,YES,TARGET_DISAGREEMENT|AGENT2_USER_DECISION,,,,,PENDING
HR2-0200,General,SRC-G-0363,AI에 의한 심리적 고통·괴롭힘 증폭,,기존 리스크 작성 톤으로 L4 description 수정 + L4 description에서 AI 내용을 AI로 변경하며 수정,REMAP,G_INT_VIOL,,,MEDIUM,L,표적 괴롭힘과 심리적 위해 증폭이 Violence의 정신적 위해 범위에 부합,REMAP,G_INT_UNETH,,,MEDIUM,L3_MASTER,표적 괴롭힘과 취약성 악용을 주된 기제로 판정,YES,NO,YES,YES,TARGET_DISAGREEMENT|AGENT2_USER_DECISION,,,,,PENDING
HR2-0204,General,SRC-G-0141,AI 의사결정 지원의 경고 피로,,,REWRITE_KEEP,G_SYS_CONTEXT,,,MEDIUM,R/L,경고의 우선순위·상황 부적합이라는 맥락 실패로 좁혀 유지,REMAP,G_SYS_CONTEXT,,,LOW,L3_MASTER,상황·우선순위 부적합 경고로 해석하나 정확한 L3 경계가 약함,NO,YES,YES,YES,ACTION_DISAGREEMENT|AGENT2_USER_DECISION,,,,,PENDING
HR2-0205,General,SRC-G-0400,유해 작업 자동화에 의한 피해 규모 증폭,,기존 리스크 작성 톤으로 L4 description 수정 + L4 description에서 AI 내용을 AI로 변경하며 수정,REWRITE_KEEP,G_INT_UNETH,,,MEDIUM,R/L,불법으로 한정되지 않는 유해 작업 자동화·확대를 비윤리 행위로 정식화,REMAP,G_INT_UNETH,,,MEDIUM,L3_MASTER,유해 작업 자동화·확장은 비윤리 행위 조력,NO,YES,YES,YES,ACTION_DISAGREEMENT,,,,,PENDING
HR2-0208,General,SRC-G-0055,지식 분포 변화에 따른 응답 노후화,,,REMAP,G_SYS_CONTEXT,,,MEDIUM,L,시간 변화와 적용 맥락을 반영하지 못한 응답 노후화로 해석,REMAP,G_SYS_MISINFO,,,HIGH,L3_MASTER,노후 지식으로 부정확한 사실 응답 생성,YES,NO,YES,YES,TARGET_DISAGREEMENT,,,,,PENDING
HR2-0209,General,SRC-G-0351,추천 시스템의 인간중심 편향 증폭,,,REWRITE_KEEP,G_INT_VIOL,,,MEDIUM,R/L,동물 위해의 조장·정상화 기제로 문안을 좁혀 Violence에 배치,REMAP,G_INT_VIOL,,,HIGH,L3_MASTER,동물 위해 조장·증폭이 Violence 정의에 명시,NO,YES,YES,YES,ACTION_DISAGREEMENT,,,,,PENDING
HR2-0211,General,SRC-G-0343,편향 증폭과 결과 균질화,,,SPLIT,G_INT_REPR|G_SOC_CULT,,2,MEDIUM,S/L,유해 편향 재현과 출력 균질화에 따른 문화 침식을 분리,REMAP,G_INT_REPR,,,MEDIUM,L3_MASTER,역사적·사회적 편향의 재생산이 지배 기제,NO,NO,YES,YES,ACTION_DISAGREEMENT|TARGET_DISAGREEMENT,,,,,PENDING
HR2-0217,General,SRC-G-0017,규제·관리·운영 복합 실패,,"영문 Title을 description 내용과 형식에 맞추어 수정할것. 수정예시: Combined Regulatory, Governance, and Operational Failure",REWRITE_KEEP,G_SOC_GOV,,,HIGH,R/L,복합 표현을 규제·감독·운영 거버넌스 공백으로 좁혀 유지,REMAP,G_SOC_GOV,,,HIGH,L3_MASTER,규제·관리·운영 실패의 거버넌스 공백,NO,YES,YES,YES,ACTION_DISAGREEMENT,,,,,PENDING
HR2-0220,General,SRC-G-0167,기반모델 공유에 따른 상관 실패,,,REWRITE_KEEP,G_SOC_POWER,,,MEDIUM,R/L,소수 기반모델 공급자 집중과 하류 종속·상관 실패로 재작성,REMAP,G_SYS_EVAL,,,MEDIUM,L3_MASTER,공유 기반모델의 상관 실패를 보증·검증 문제로 한정,NO,NO,YES,YES,ACTION_DISAGREEMENT|TARGET_DISAGREEMENT|AGENT2_USER_DECISION,,,,,PENDING
HR2-0225,General,SRC-G-0176,학습-운용 데이터 간 데이터셋 시프트,(jay) [이관] Performance and Reliability Failure,,REWRITE_KEEP,G_SYS_EVAL,,,MEDIUM,E/R/C,성능 L3 부재로 분포 이동 시 타당성 평가 실패로 좁혀야 함,REMAP,G_SYS_EVAL,,,HIGH,HUMAN_REVIEW|L3_MASTER,학습·운용 분포 이동에 따른 타당성 검증 실패,NO,YES,YES,YES,ACTION_DISAGREEMENT,,,,,PENDING
HR2-0227,General,SRC-G-0420,도덕적 추론·가치 정렬 결손,,"RAI4-0972와 RAI4-1310을 통합하여 하나의 리스크 카드를 생성할 것. 통합된 리스크 명칭을 생성할 것. Description 정보는 통합된 리스크 명칭에 맞도록 수정할 것. 단, 두개의 리스크 카드의 의미를 가능한 보존시킬 것 || RAI4-0972와 RAI4-1310을 통합하여 하나의 리스크 카드를 생성할 것. 통합된 리스크 명칭을 생성할 것. Description 정보는 통합된 리스크 명칭에 맞도록 수정할 것. 단, 두개의 리스크 카드의 의미를 가능한 보존시킬 것",REWRITE_KEEP,G_INT_VALUE,,,LOW,E/R/C,명시 통합은 존중하되 일반 가치정렬 L3 부재로 규범적 가치 편향에 한정 필요,MERGE,G_INT_VALUE,SRC-G-0420,,HIGH,SOURCE_MERGE|L3_MASTER,기존 두 원천 통합 계보를 유지하고 가치 정렬 결손으로 배정,NO,YES,NO,YES,ACTION_DISAGREEMENT|MERGE_REPRESENTATIVE_DISAGREEMENT|AGENT1_LOW_CONFIDENCE,,,,,PENDING
HR2-0229,General,SRC-G-0198,센서 드리프트에 의한 배포 시스템 성능 저하,(jay) [이관] Performance and Reliability Failure,,REMAP,P_SYS_STATE,,,HIGH,E/L,센서 드리프트가 부정확한 물리 상태 추정을 만드는 기제에 직접 부합,REMAP,P_SYS_HARDWARE,,,MEDIUM,HUMAN_REVIEW|L3_MASTER,물리 센서 하드웨어 드리프트가 원인인 L1 이동,YES,NO,YES,YES,TARGET_DISAGREEMENT,,,,,PENDING
HR2-0230,General,SRC-G-0482,경제·사회·정치 안보의 불안정화,,"모델, 알고리즘, 또는 모델과 알고리즘으로 표현된 어휘의 경우 AI 시스템으로 일원화할 것. "". 그 결과 사회경제적 안정과 국제 안보가 함께 흔들린다.""와 같은 문장은 "". 그 결과 사회경제적 안정과 국제 안보가 함께 흔들리는 리스크""로 문장구조를 리스크 또는 위험, 피해, 위협 등의 명사구로 끝나도록 수정할 것",SPLIT,G_SOC_ECON|G_SOC_DEMOC|G_INT_WEAP,,3,MEDIUM,S/L,경제 불안정·민주 질서·국제 군사안보 기제를 분리,DELETE,,,,HIGH,L3_MASTER|RISK_CARD_SCOPE,경제·사회·정치·안보 결과와 다수 원인이 혼재된 총괄 카드,NO,NO,YES,YES,ACTION_DISAGREEMENT|TARGET_DISAGREEMENT,,,,,PENDING
HR2-0232,General,SRC-G-0481,동물 복지를 경시하는 개발·투자 편중,,Title을 '동물 이익을 위한 AI 개발·배포 기회 상실'로 수정할 것. '이익이 되지 않 는'과 같이 한국어 띄어쓰기가 틀린 경우 '이익이 되지 않는'처럼 맞춤법을 준수할 것,REWRITE_KEEP,G_INT_VIOL,,,LOW,E/R/C,동물 복지 기회 상실을 동물 위해의 조장·고착으로 좁힐 때만 유지 가능,REMAP,G_INT_VALUE,,,MEDIUM,HUMAN_REVIEW|L3_MASTER,동물 가치를 개발·투자 기본값에서 배제하는 기제,NO,NO,YES,YES,ACTION_DISAGREEMENT|TARGET_DISAGREEMENT|AGENT1_LOW_CONFIDENCE|AGENT2_USER_DECISION,,,,,PENDING
HR2-0233,General,SRC-G-0042,방언·언어 사용역 배제,,,REMAP,G_INT_ALLOC,,,HIGH,L,방언 사용자의 서비스 유용성·안전성 격차가 접근 배제에 부합,REMAP,G_INT_REPR,,,HIGH,L3_MASTER,방언·언어 사용역 배제로 인한 집단 표상 피해,YES,NO,YES,YES,TARGET_DISAGREEMENT,,,,,PENDING
HR2-0235,General,SRC-G-0463,건강과 웰빙의 저하,,,DELETE,,,,HIGH,D,조작·충돌·건강 추론을 한데 묶은 포괄 결과로 독립 기제 불명확,DELETE,,,,MEDIUM,L3_MASTER|RISK_CARD_SCOPE,조작·충돌·건강 추론을 묶은 비원자적 결과 카드,YES,YES,YES,YES,AGENT2_USER_DECISION,,,,,PENDING
HR2-0239,General,SRC-G-0080,문서화 누락,,,REMAP,G_SOC_GOV,,,HIGH,L,책임성과 보증에 필요한 문서 누락이 거버넌스 공백에 부합,REMAP,G_SYS_TRANS,,,HIGH,L3_MASTER,모델카드·데이터시트·기술 문서의 정보 누락,YES,NO,YES,YES,TARGET_DISAGREEMENT,,,,,PENDING
HR2-0244,General,SRC-G-0489,생성형 AI 저성능에 의한 사용자 생산성 손실,,,REWRITE_KEEP,G_SYS_EVAL,,,MEDIUM,R/C,단순 저성능이 아니라 생성형 AI 성능 검증 실패로 좁혀야 함,REMAP,G_SYS_OEXT,,,MEDIUM,L3_MASTER,실제 유용성·검증 역량을 넘는 사용으로 생산성 저하,NO,NO,YES,YES,ACTION_DISAGREEMENT|TARGET_DISAGREEMENT|AGENT2_USER_DECISION,,,,,PENDING
HR2-0246,General,SRC-G-0475,사회 정의와 권리의 침식,,,DELETE,,,,HIGH,D,정의·권리·책임·격차를 열거한 포괄 결과로 독립 기제 불명확,REMAP,G_SOC_POWER,,,LOW,L3_MASTER,사회 정의·분배·격차가 중심이나 정의 범위가 넓음,NO,NO,YES,YES,ACTION_DISAGREEMENT|TARGET_DISAGREEMENT|AGENT2_USER_DECISION,,,,,PENDING
HR2-0247,General,SRC-G-0168,원자력 및 핵심 인프라에 대한 AI 제어 오류,,중복: RAI4-0552(안전 필수 인프라 AI 운영 사고)와 핵심 인프라 제어 실패,MERGE,P_SYS_CONTROL,SRC-G-0168,,MEDIUM,E/M/C,핵심 인프라 제어 실패 대표로 통합하고 Physical control로 이동,MERGE,P_SYS_STATE,SRC-G-0168,,HIGH,SOURCE_DUPLICATE|L3_MASTER,HR2-0496을 흡수하고 센서 상태 오인식을 지배 기제로 유지,YES,NO,YES,YES,TARGET_DISAGREEMENT,,,,,PENDING
HR2-0249,General,SRC-G-0487,특정 집단 대상 체계적 편향에 의한 배제·폭력,,,SPLIT,G_INT_ALLOC|G_INT_SEX,,2,MEDIUM,S/L,집단 배제와 딥페이크 성착취 피해를 분리,SPLIT,G_INT_ALLOC|G_INT_REPR|G_INT_SEX,,3,MEDIUM,L3_MASTER,배제·차별 표상·성적 딥페이크 피해를 분리,YES,NO,YES,YES,TARGET_DISAGREEMENT|AGENT2_USER_DECISION,,,,,PENDING
HR2-0250,General,SRC-G-0417,고도 AI에 의한 실존적·재앙적,,,MERGE,A_SYS_AUTH,SRC-G-0417,,MEDIUM,M/L/C,실존위험 중복군을 대표 카드로 통합하고 과도한 자율성 기제로 한정,MERGE,A_SYS_GOAL,SRC-G-0417,,MEDIUM,SOURCE_DUPLICATE|L3_MASTER,실존 위험군 대표로 0251·0264·0293을 흡수하고 목표 불일치로 한정,YES,NO,YES,YES,TARGET_DISAGREEMENT|AGENT2_USER_DECISION,,,,,PENDING
HR2-0251,General,SRC-G-0422,비정렬 AGI 실존적 재난,,. 중복: RAI4-0942(고도 AI에 의한 실존적·재앙적 위험),MERGE,A_SYS_AUTH,SRC-G-0417,,MEDIUM,E/M/L,명시 중복을 고도 AI 통제 상실 대표 카드에 통합,MERGE,A_SYS_GOAL,SRC-G-0417,,MEDIUM,SOURCE_DUPLICATE|L3_MASTER,명시된 실존 위험 중복을 대표 카드에 흡수,YES,NO,YES,YES,TARGET_DISAGREEMENT|AGENT2_USER_DECISION,,,,,PENDING
HR2-0255,General,SRC-P-0008,학습 단계의 치명적 실수,,General 영역으로 이동하여 적합한 L3에 매핑할 것,REWRITE_KEEP,G_SYS_EVAL,,,LOW,E/R/C,성능 L3 부재로 학습 안전 탐색의 평가 실패로 좁히거나 삭제 필요,REMAP,G_SYS_EVAL,,,LOW,HUMAN_REVIEW|L3_MASTER,학습 안전 탐색의 검증 실패로 재작성 필요,NO,YES,YES,YES,ACTION_DISAGREEMENT|AGENT1_LOW_CONFIDENCE|AGENT2_USER_DECISION,,,,,PENDING
HR2-0260,General,SRC-G-0170,과장된 역량 주장과 제품 기능 실패에 따른 피해,,,SPLIT,G_SYS_TRANS|G_SYS_EVAL,,2,HIGH,S/L,역량 과장과 제품 기능 검증 실패를 분리,SPLIT,G_SYS_TRANS|G_SYS_OEXT,,2,HIGH,L3_MASTER,과장된 역량 주장과 실제 기능 실패를 분리,YES,NO,YES,YES,TARGET_DISAGREEMENT,,,,,PENDING
HR2-0264,General,SRC-G-0397,인간 멸종,,기존 리스크 작성 톤으로 L4 description 수정 + L4 description에서 AI 내용을 AI로 변경하며 수정,MERGE,A_SYS_AUTH,SRC-G-0417,,MEDIUM,M/L/C,인류 멸종은 실존위험 중복군의 결과이므로 대표 카드에 통합,MERGE,A_SYS_GOAL,SRC-G-0417,,MEDIUM,L3_MASTER,인간 멸종 결과를 실존 위험 대표의 목표 불일치 기제에 흡수,YES,NO,YES,YES,TARGET_DISAGREEMENT|AGENT2_USER_DECISION,,,,,PENDING
HR2-0268,General,SRC-G-0181,운영설계영역(ODD) 명세 미흡,,,REWRITE_KEEP,G_SYS_EVAL,,,MEDIUM,R/L,ODD 적합성·분포 외 조건 검증 실패로 좁혀 유지,REMAP,G_SYS_EVAL,,,MEDIUM,L3_MASTER,ODD 명세와 분포외 시험·보증 실패,NO,YES,YES,YES,ACTION_DISAGREEMENT|AGENT2_USER_DECISION,,,,,PENDING
HR2-0269,General,SRC-G-0142,AI 상호작용에서의 이해·동의 부족,,,SPLIT,G_SYS_TRANS|G_INT_PRIV,,2,MEDIUM,S/L,시스템 작동 이해 부족과 데이터 동의 침해를 분리,REMAP,G_SYS_TRANS,,,MEDIUM,L3_MASTER,AI 역할·데이터 사용·조건의 이해와 동의 부족,NO,NO,YES,YES,ACTION_DISAGREEMENT|TARGET_DISAGREEMENT,,,,,PENDING
HR2-0275,General,SRC-G-0024,가중되는 노동 부담,,,REMAP,G_INT_ALLOC,,,HIGH,L,특정 집단에 추가 노동 부담을 배분하는 불리한 물질 결과,REMAP,G_SOC_ECON,,,HIGH,L3_MASTER,특정 집단에 전가되는 추가 노동 부담,YES,NO,YES,YES,TARGET_DISAGREEMENT,,,,,PENDING
HR2-0283,General,SRC-G-0183,개발 과정 문서화와 데이터 이해의 부족,(jay) [이관] Performance and Reliability Failure,,REWRITE_KEEP,G_SYS_EVAL,,,MEDIUM,E/R/C,개발 문서·데이터 이해 결함을 목적 적합성 검증 실패로 좁혀 유지,REMAP,G_SYS_EVAL,,,HIGH,HUMAN_REVIEW|L3_MASTER,문서화·데이터 이해 부족으로 검증과 목적 적합성 저해,NO,YES,YES,YES,ACTION_DISAGREEMENT,,,,,PENDING
HR2-0284,General,SRC-G-0186,학습 데이터의 대표성 부족,(jay) [이관] Performance and Reliability Failure,Title: 학습 데이터의 대표성 부족,REWRITE_KEEP,G_SYS_EVAL,,,MEDIUM,E/R/C,대표성 부족을 하위집단·희귀조건 평가 범위 실패로 정식화,REMAP,G_SYS_EVAL,,,HIGH,HUMAN_REVIEW|L3_MASTER,학습 데이터 대표성 부족에 따른 성능 검증 실패,NO,YES,YES,YES,ACTION_DISAGREEMENT,,,,,PENDING
HR2-0285,General,SRC-G-0172,복잡한 신경망 모델의 내재적 견고성 취약성,(jay) [이관] Performance and Reliability Failure,,REWRITE_KEEP,G_SYS_SECADV,,,MEDIUM,E/R,악의적 간섭과 이상 입력에서의 견고성 실패로 범위를 한정,REMAP,G_SYS_SECADV,,,HIGH,HUMAN_REVIEW|L3_MASTER,악의적 간섭·비정상 환경에서의 견고성 실패,NO,YES,YES,YES,ACTION_DISAGREEMENT,,,,,PENDING
HR2-0286,General,SRC-G-0205,되돌릴 수 없는 변화,,,DELETE,,,,HIGH,D,사회·문화·관계의 비가역 변화라는 포괄 결과로 독립 기제 없음,DELETE,,,,MEDIUM,L3_MASTER|RISK_CARD_SCOPE,사회·문화·관계의 되돌릴 수 없는 변화라는 총괄 결과,YES,YES,YES,YES,AGENT2_USER_DECISION,,,,,PENDING
HR2-0293,General,SRC-G-0471,장기 실존적 피해 경로,,,MERGE,A_SYS_AUTH,SRC-G-0417,,MEDIUM,M/L/C,장기 실존적 피해 경로를 고도 AI 통제 상실 대표 카드에 통합,MERGE,A_SYS_GOAL,SRC-G-0417,,MEDIUM,L3_MASTER,장기 실존 피해 경로를 실존 위험 대표에 흡수,YES,NO,YES,YES,TARGET_DISAGREEMENT|AGENT2_USER_DECISION,,,,,PENDING
HR2-0299,General,SRC-G-0255,도용 및 착취,,,SPLIT,G_INT_COPY|G_INT_PRIV,,2,MEDIUM,S/L,콘텐츠 전유와 개인·공동체 데이터 침해를 분리,REMAP,G_INT_COPY,,,MEDIUM,L3_MASTER,동의·보상 없는 콘텐츠·데이터 전유,NO,NO,YES,YES,ACTION_DISAGREEMENT|TARGET_DISAGREEMENT|AGENT2_USER_DECISION,,,,,PENDING
HR2-0300,General,SRC-G-0160,AI 인터페이스와 인적 요소의 불일치,,,REWRITE_KEEP,G_SYS_TRANS,,,MEDIUM,R/L,인터페이스가 실제 신뢰성·권위·공감을 오인시키는 투명성 실패로 한정,REMAP,G_SYS_TRANS,,,MEDIUM,L3_MASTER,인터페이스 단서가 실제 신뢰성·권위를 오표상,NO,YES,YES,YES,ACTION_DISAGREEMENT,,,,,PENDING
HR2-0302,General,SRC-G-0104,조직 간 데이터 문서화 부재,,,REMAP,G_SOC_GOV,,,HIGH,L,조직 간 데이터 문서화 부재가 계보·감사·책임 확보를 방해,REMAP,G_SYS_EVAL,,,HIGH,L3_MASTER,조직 간 데이터 문서화 부재로 하류 검증 실패,YES,NO,YES,YES,TARGET_DISAGREEMENT,,,,,PENDING
HR2-0304,General,SRC-G-0057,사회적 가치·윤리 규범과 상충하는 모델 출력,,,REMAP,G_SYS_CONTEXT,,,MEDIUM,L,적용되는 사회·윤리 규범을 반영하지 못하는 맥락 인식 실패,REMAP,G_INT_VALUE,,,HIGH,L3_MASTER,사회 가치·윤리 규범과 상충하는 출력,YES,NO,YES,YES,TARGET_DISAGREEMENT,,,,,PENDING
HR2-0308,General,SRC-G-0366,학대적 판타지 대상화,,기존 리스크 작성 톤으로 L4 description 수정 + L4 description에서 AI 내용을 AI로 변경하며 수정,REWRITE_KEEP,G_INT_VIOL,,,LOW,R/C,학대적·정서적 위해 기제로 좁혀야 하며 성적 맥락이면 재분류 필요,REMAP,G_INT_SEX,,,LOW,L3_MASTER,학대적 판타지·대상화를 성적 위해로 해석하나 정의가 모호함,NO,NO,YES,YES,ACTION_DISAGREEMENT|TARGET_DISAGREEMENT|AGENT1_LOW_CONFIDENCE|AGENT2_USER_DECISION,,,,,PENDING
HR2-0313,General,SRC-G-0053,언어·인구 집단 간 성능 격차,,중복: RAI4-0716(집단 속성에 따른 배분적 불의) 및 0699/1046/1107(인구편향)과 중첩,MERGE,G_INT_ALLOC,SRC-G-0445,,MEDIUM,E/M/C,언어·인구 집단 성능 격차를 저자원 언어 접근 배제 대표 child에 통합,MERGE,G_INT_ALLOC,SRC-G-0054,,HIGH,SOURCE_DUPLICATE|L3_MASTER,언어·인구 집단 서비스 성능 격차를 배분 대표에 흡수,YES,YES,NO,YES,MERGE_REPRESENTATIVE_DISAGREEMENT,,,,,PENDING
HR2-0319,General,SRC-G-0113,대리 보상 오명세·명세 게이밍 및 보상 변조,,"RAI4-0468, RAI4-1131, RAI4-1531, RAI4-1236을 통합하여 하나의 리스크로 생성할 것. 통합된 ID는 가장 낮은 ID인 RAI4-0468을 상속받을 것. 단, 하나의 통합된 학술적으로 유의미한 리스크 명칭을 부여할 것. Description을 통합하여 통합된 하나의 완결된 리스크 정의서로 만들것. || RAI4-0468, RAI4-1131, RAI4-1531, RAI4-1236을 통합하여 하나의 리스크로 생성할 것. 통합된 ID는 가장 낮은 ID인 RAI4-0468을 상속받을 것. 단, 하나의 통합된 학술적으로 유의미한 리스크 명칭을 부여할 것. Description을 통합하여 통합된 하나의 완결된 리스크 정의서로 만들것. || RAI4-0468, RAI4-1131, RAI4-1531, RAI4-1236을 통합하여 하나의 리스크로 생성할 것. 통합된 ID는 가장 낮은 ID인 RAI4-0468을 상속받을 것. 단, 하나의 통합된 학술적으로 유의미한 리스크 명칭을 부여할 것. Description을 통합하여 통합된 하나의 완결된 리스크 정의서로 만들것. || RAI4-0468, RAI4-1131, RAI4-1531, RAI4-1236을 통합하여 하나의 리스크로 생성할 것. 통합된 ID는 가장 낮은 ID인 RAI4-0468을 상속받을 것. 단, 하나의 통합된 학술적으로 유의미한 리스크 명칭을 부여할 것. Description을 통합하여 통합된 하나의 완결된 리스크 정의서로 만들것.",REMAP,A_SYS_GOAL,,,HIGH,E/L,대리보상 오명세와 명세 게이밍이 목표 불일치에 직접 부합,MERGE,A_SYS_GOAL,SRC-G-0113,,MEDIUM,HUMAN_REVIEW|SOURCE_MERGE|L3_MASTER,기존 4개 원천 통합 계보를 유지하고 목표 최적화 실패로 이동,NO,YES,NO,YES,ACTION_DISAGREEMENT|MERGE_REPRESENTATIVE_DISAGREEMENT|AGENT2_USER_DECISION,,,,,PENDING
HR2-0321,General,SRC-G-0488,맞춤형 표적화에 의한 개인 대상 공격 정교화,,,REMAP,G_INT_ILLEGAL,,,HIGH,L,개인화된 표적 공격의 계획·최적화가 불법 행위 지원에 부합,REMAP,G_INT_UNETH,,,HIGH,L3_MASTER,개인화 표적화를 통한 공격 정교화,YES,NO,YES,YES,TARGET_DISAGREEMENT,,,,,PENDING
HR2-0327,General,SRC-G-0460,네트워크 상호 연결로 인한,,,REWRITE_KEEP,A_INT_CASCADE,,,LOW,R/C,상호연결 AI를 다중 에이전트 피드백 네트워크로 한정할 때만 유지 가능,REMAP,A_INT_CASCADE,,,HIGH,L3_MASTER,AI 네트워크 상호연결성에 따른 연쇄 전파,NO,YES,YES,YES,ACTION_DISAGREEMENT|AGENT1_LOW_CONFIDENCE,,,,,PENDING
HR2-0329,General,SRC-G-0211,유해·범죄 조장·기만적 콘텐츠의 대규모 생성,,,DELETE,,,,HIGH,D,폭력·성·자해·사기·허위정보를 열거한 포괄 묶음으로 기존 범주와 중복,SPLIT,G_INT_VIOL|G_INT_SEX|G_INT_SELF|G_INT_ILLEGAL|G_SYS_MISINFO,,5,MEDIUM,L3_MASTER,폭력·성적 위해·자해·범죄·허위정보를 원자화,NO,NO,YES,YES,ACTION_DISAGREEMENT|TARGET_DISAGREEMENT|AGENT2_USER_DECISION,,,,,PENDING
HR2-0333,General,SRC-G-0357,기술 이용에 따른 사회적 고립과 자기소외,,"L3의 명칭이 Lack of Accountability & Liability 으로 되어 있는 경우, Governance and Accountability Void 또는 Evaluation and Assurance Failure 중 적절한 내용으로 수정할 것",REMAP,G_INT_REL,,,MEDIUM,L,AI 상호작용이 인간관계·소속감을 대체하여 고립과 자기소외 유발,REMAP,G_INT_REL,,,MEDIUM,L3_MASTER,AI 사용에 따른 사회적 고립과 자기 소외,YES,YES,YES,YES,AGENT2_USER_DECISION,,,,,PENDING
HR2-0336,General,SRC-G-0056,맥락 일관성 추구에 의한 아첨과 환각 증폭,,,REWRITE_KEEP,G_SYS_MISINFO,,,MEDIUM,R/L,허위 전제의 반복·증폭과 환각 생성 기제로 문안을 좁혀 유지,SPLIT,G_INT_UNETH|G_SYS_MISINFO,,2,HIGH,L3_MASTER,아첨성 영합과 허위정보·환각 증폭을 분리,NO,NO,YES,YES,ACTION_DISAGREEMENT|TARGET_DISAGREEMENT,,,,,PENDING
HR2-0337,General,SRC-G-0358,사용자 영합적 응답(아첨),,기존 리스크 작성 톤으로 L4 description 수정 + L4 description에서 AI 내용을 AI로 변경하며 수정,REMAP,G_SYS_MISINFO,,,HIGH,L,사용자 오해를 교정하지 않고 사실과 다른 정보를 재확인,REMAP,G_INT_UNETH,,,HIGH,L3_MASTER,사용자 오해에 영합해 자율적 판단을 왜곡,YES,NO,YES,YES,TARGET_DISAGREEMENT,,,,,PENDING
HR2-0340,General,SRC-G-0125,배포 후 잔존 결함으로 인한 오작동,(jay) [이관] Performance and Reliability Failure,,DELETE,,,,HIGH,D,버그·목표·입력 오해를 한데 묶은 잔존 결함 포괄 결과,REMAP,G_SYS_EVAL,,,MEDIUM,HUMAN_REVIEW|L3_MASTER,배포 전 미탐지 결함과 목적 적합성 검증 실패,NO,NO,YES,YES,ACTION_DISAGREEMENT|TARGET_DISAGREEMENT,,,,,PENDING
HR2-0341,General,SRC-G-0164,고속 AI 운영에서의 오류 미탐지,,,REWRITE_KEEP,G_SYS_EVAL,,,MEDIUM,R/C,고속 운영의 오류 미탐지를 런타임 평가·감사 실패로 좁혀 유지,REMAP,G_SYS_EVAL,,,HIGH,L3_MASTER,고속 운영에서 오류를 적시에 탐지·검증하지 못함,NO,YES,YES,YES,ACTION_DISAGREEMENT,,,,,PENDING
HR2-0391,General,SRC-G-0184,하드웨어 연산·전력 요구사항 누락,,,REWRITE_KEEP,G_SYS_EVAL,,,MEDIUM,R/C,연산·전력 요구사항의 적합성 평가 누락으로 좁혀 유지,REMAP,G_SYS_EVAL,,,MEDIUM,L3_MASTER,연산·전력 요구사항의 명세·용량 보증 실패,NO,YES,YES,YES,ACTION_DISAGREEMENT|AGENT2_USER_DECISION,,,,,PENDING
HR2-0392,General,SRC-G-0288,생태계 과부하,,,REWRITE_KEEP,G_SOC_CULT,,,MEDIUM,R/L,AI 생성물 대량 유입에 따른 정보·지원 생태계 품질 저하로 재작성,REMAP,G_SOC_GOV,,,MEDIUM,L3_MASTER,대량 AI 생성물로 제도적 심사·지원 채널이 마비,NO,NO,YES,YES,ACTION_DISAGREEMENT|TARGET_DISAGREEMENT,,,,,PENDING
HR2-0443,General,SRC-G-0041,저자원 언어 가치 손실,"(jay) [분할] 복합적. Cultural and Epistemic Erosion, Evaluation and Assurance Failure + 부족한 성능 및 역량에 대한 부분이 혼재되어 해당 L4를 분해 필요 | (jay) [신규 L3] 부족한 성능이나 역량은 ""신규 L3 생성"" 또는 ""Input Comprehension Failure 개념의 확대 (Input Processing and Comprehension Failure)""",,SPLIT,G_SOC_CULT|G_SYS_INPUT|G_SYS_EVAL,,3,MEDIUM,E/S/C,언어 가치 침식·입력 이해 성능·평가 범위 실패를 분리,SPLIT,G_SOC_CULT|G_SYS_INPUT|G_SYS_EVAL,,3,MEDIUM,HUMAN_REVIEW|L3_MASTER,문화 침식·언어 입력 처리·안전성 평가를 분리하고 HR2-0004와 공유 계보 유지,YES,YES,YES,YES,AGENT2_USER_DECISION,,,,,PENDING
HR2-0485,General,SRC-G-0119,모델 오설정과 정량화되지 않은 예측 불확실 성,(jay) [이관] Performance and Reliability Failure,,SPLIT,G_SYS_EVAL|G_SYS_OVERCONF,,2,MEDIUM,E/S/C,모델 명세 검증 실패와 불확실성 미표시·과신을 분리,SPLIT,G_SYS_EVAL|G_SYS_OVERCONF,,2,MEDIUM,HUMAN_REVIEW|L3_MASTER,모델 오설정·검증과 불확실성 미정량화를 분리,YES,YES,YES,YES,AGENT2_USER_DECISION,,,,,PENDING
HR2-0489,General,SRC-G-0349,체계적 학습 오류 편향,(jay) [이관] Performance and Reliability Failure,,DELETE,,,,HIGH,E/D/C,체계적 학습 오류라는 성능 진술에 피해 대상·현행 L3 기제가 없음,REMAP,G_SYS_EVAL,,,MEDIUM,HUMAN_REVIEW|L3_MASTER,특정 집단 피해가 없는 체계적 학습 오류의 검증 실패,NO,NO,YES,YES,ACTION_DISAGREEMENT|TARGET_DISAGREEMENT,,,,,PENDING
HR2-0490,General,SRC-P-0009,지속 튜닝의 파국적 망각,(jay) [이관] Performance and Reliability Failure,General 영역으로 이동하여 적합한 L3에 매핑할 것,REWRITE_KEEP,G_SYS_EVAL,,,MEDIUM,E/R/C,파국적 망각을 지속 미세조정 후 역량 유지 평가 실패로 좁혀 유지,REMAP,G_SYS_EVAL,,,HIGH,HUMAN_REVIEW|L3_MASTER,지속 미세조정 후 능력 보존 검증 실패,NO,YES,YES,YES,ACTION_DISAGREEMENT,,,,,PENDING
HR2-0496,General,SRC-G-0166,안전 필수 인프라 AI 운영 사고,(jay) [재검토] 다양한 원인 기재 및 불명확한 피해 기재. 명확한 리스크 분류 불가,"중복: RAI4-0608(원자력·핵심 인프라 AI 제어 오류)와 ""안전필수 인프라 AI 실패→연쇄 재난""",MERGE,P_SYS_CONTROL,SRC-G-0168,,MEDIUM,E/M/C,핵심 인프라 운영사고를 구체적 제어 실패 대표에 흡수,MERGE,P_SYS_STATE,SRC-G-0168,,HIGH,SOURCE_DUPLICATE|L3_MASTER,안전 필수 인프라 사고를 센서 상태 오인식 대표에 흡수,YES,NO,YES,YES,TARGET_DISAGREEMENT,,,,,PENDING
HR2-0497,General,SRC-G-0188,코너 케이스에서의 신뢰성 저하,(jay) [이관] Performance and Reliability Failure,Title: 코너 케이스에서의 신뢰성 저하,REWRITE_KEEP,G_SYS_EVAL,,,HIGH,E/R,코너 케이스 평가 범위·신뢰성 검증 실패로 정식화,REMAP,G_SYS_EVAL,,,HIGH,HUMAN_REVIEW|L3_MASTER,코너 케이스의 신뢰성·안전성 검증 실패,NO,YES,YES,YES,ACTION_DISAGREEMENT,,,,,PENDING
HR2-0509,General,SRC-G-0027-S1,개인 대상 허위정보,(jay) [분할] 복합적. Misinformation + illegal conduct 혼재되어 해당 L4를 분해 필요,리스크 분리 할 것. 분리 기준: '개인 대상 허위정보'와 '위험·민감 정보의 보안 위협 확산',REWRITE_KEEP,G_SYS_MISINFO,,,HIGH,E/L,분리는 S1·S2로 이미 구현됐으며 본 child는 개인 대상 허위정보로 유지,SPLIT,G_SYS_MISINFO|G_SYS_SECADV,,2,HIGH,HUMAN_REVIEW|L3_MASTER,HR2-0238과 한 split 그룹으로 개인 허위정보와 보안 위협을 분리,NO,NO,YES,YES,ACTION_DISAGREEMENT|TARGET_DISAGREEMENT,,,,,PENDING
HR2-0530,General,SRC-G-0485,무제한 접근을 통한 범용 AI 고영향 오용,,,REMAP,G_INT_ILLEGAL,,,MEDIUM,L,범용 AI 역량의 고영향 악의적 오용을 불법 행위 지원으로 배치,REMAP,G_SYS_SECADV,,,HIGH,L3_MASTER,무제한 접근·통제 부재를 통한 고영향 오용,YES,NO,YES,YES,TARGET_DISAGREEMENT,,,,,PENDING
HR2-0532,General,SRC-G-0196,샌드박스 우회에 의한 격리 통제 상실,(jay) [분할] 복합적. Security and Adversarial Robustness Failure + Deception and Scheming이 혼재되어 해당 L4를 분해 필요,,SPLIT,G_SYS_SECADV|A_SYS_DECEPT,,2,HIGH,E/S/L,샌드박스 우회와 전략적 은폐·책략을 분리,SPLIT,G_SYS_SECADV|A_SYS_DECEPT,,2,MEDIUM,HUMAN_REVIEW|L3_MASTER,격리 우회와 감독 회피형 전략 은폐를 분리하되 두 번째 기제의 원문 근거가 약함,YES,YES,YES,YES,AGENT2_USER_DECISION,,,,,PENDING
HR2-0533,General,SRC-G-0187,과적합 및 과소적합,(jay) [이관] Performance and Reliability Failure,,REWRITE_KEEP,G_SYS_EVAL,,,HIGH,E/R,과적합·과소적합을 일반화 성능 평가 실패로 정식화,REMAP,G_SYS_EVAL,,,HIGH,HUMAN_REVIEW|L3_MASTER,과적합·과소적합에 따른 운용 신뢰성 검증 실패,NO,YES,YES,YES,ACTION_DISAGREEMENT,,,,,PENDING
HR2-0571,General,SRC-G-0423,이상 조건에서의 성능·견고성·복원력 실패,(jay) [이관] Performance and Reliability Failure,,REWRITE_KEEP,G_SYS_SECADV,,,MEDIUM,E/R/C,악의적 공격·오염·이상 입력에서의 견고성 실패로 범위를 한정,REMAP,G_SYS_SECADV,,,HIGH,HUMAN_REVIEW|L3_MASTER,공격·오염·환경 잡음에 대한 견고성 실패,NO,YES,YES,YES,ACTION_DISAGREEMENT,,,,,PENDING
HR2-0627,Agentic,SRC-P-0012,학습 중 탐색 행동에 의한 회복 불가 피해,General AI - Overconfidence로 이관,Agentic AI 도메인(L1)로 이동하여 적합한 L3에 매팽할 것,REMAP,A_SYS_AUTH,,,MEDIUM,E/L/C,승인 없는 탐색으로 회복 불가 행동을 수행하는 과도한 자율성,REMAP,A_SYS_AUTH,,,MEDIUM,HUMAN_REVIEW_CONFLICT|L3_MASTER,Agentic 이동 지시와 무승인 회복불가 탐색행동이 A_SYS_AUTH에 부합,YES,YES,YES,YES,AGENT2_USER_DECISION,,,,,PENDING
HR2-0628,Agentic,SRC-P-0196,악의적 사용과 무감독 에이전트 방출,General AI의 Illegal or Unethical Conduct로 이관,"에이전트 영역으로 이동 — 정보전에서의 기만적 콘텐츠 생성, 감독 없는 에이전트의 명령 기계적 수행은 에이전트 일반의 리스크로 물리 AI 한정 아님",SPLIT,G_INT_ILLEGAL|A_SYS_AUTH,,2,MEDIUM,E/S/C,악의적 사용과 무감독 에이전트 방출을 분리,REMAP,A_SYS_AUTH,,,MEDIUM,HUMAN_REVIEW_CONFLICT|L3_MASTER,무감독 에이전트의 도구행동은 권한·감독 기제가 지배적,NO,NO,YES,YES,ACTION_DISAGREEMENT|TARGET_DISAGREEMENT|AGENT2_USER_DECISION,,,,,PENDING
HR2-0630,Agentic,SRC-A-0013,NPC 의도 조작,Agentic AI - Deception and Scheming로 이관,,REMAP,G_SYS_SECADV,,,LOW,E/L/C,외부 NPC가 에이전트를 조작하므로 에이전트의 기만보다 적대 입력에 부합,REMAP,G_SYS_SECADV,,,LOW,HUMAN_REVIEW_CONFLICT|L3_MASTER,NPC 의도가 에이전트를 조작하는 공격은 에이전트 자신의 기만이 아님,YES,YES,YES,YES,AGENT1_LOW_CONFIDENCE|AGENT2_USER_DECISION,,,,,PENDING
HR2-0637,Agentic,SRC-G-0096,광범위 배포 비서의 안전하지 않은 탐색,General AI - Overconfidence로 이관,"Agentic AI의 하위로 분류하고, L3 카드와 매핑을 시킬 것",REMAP,A_SYS_AUTH,,,MEDIUM,E/L/C,사전 검증·승인 없는 탐색 행동이 과도한 자율성에 더 직접 부합,REMAP,A_SYS_AUTH,,,MEDIUM,HUMAN_REVIEW_CONFLICT|L3_MASTER,광범위 배포 비서의 무승인 탐색행동,YES,YES,YES,YES,AGENT2_USER_DECISION,,,,,PENDING
HR2-0668,Agentic,SRC-G-0120,목표 드리프트,L3 Goal Misalignment 정의와 유사하여 제거,중복: RAI4-0366(최적화 하의 가치 드리프트)와 목표 드리프트 주제 중복,DELETE,,,,HIGH,E/M/D,Goal Misalignment L3 정의와 중복되는 일반 목표 드리프트 카드 삭제,MERGE,A_SYS_GOAL,SRC-G-0111,,MEDIUM,HUMAN_REVIEW|SOURCE_DUPLICATE|L3_MASTER,목표 드리프트를 최적화 하의 가치 드리프트 대표에 흡수하고 대표도 목표 불일치로 이동 검토,NO,NO,NO,YES,ACTION_DISAGREEMENT|TARGET_DISAGREEMENT|MERGE_REPRESENTATIVE_DISAGREEMENT|AGENT2_USER_DECISION,,,,,PENDING
HR2-0698,Physical,SRC-G-0013,위험 지시 거부 실패,(유지),Physical AI의 하위로 L4 리스크 카드를 분류하고 L3와 재매핑을 시킬것,REWRITE_KEEP,P_SYS_CONTROL,,,MEDIUM,E/R/C,위험 지시를 물리 행동으로 실행하는 제어 실패로 좁혀 유지,REMAP,P_SYS_CONTROL,,,HIGH,HUMAN_REVIEW|L3_MASTER,위험 지시를 거부하지 못해 안전하지 않은 물리행동 실행,NO,YES,YES,YES,ACTION_DISAGREEMENT,,,,,PENDING
HR2-0700,Physical,SRC-P-0152,장면 변화 시 인간 행동 모방 실패,"(유지) (jw) 너무 지엽적인 리스크로, 삭제 제안",,REWRITE_KEEP,P_SYS_CONTROL,,,LOW,E/L/C,유지와 삭제 제안 충돌이나 장면 변화에도 동작을 반복하는 제어 실패는 유효,REMAP,P_INT_SAFETY,,,MEDIUM,HUMAN_REVIEW_CONFLICT|L3_MASTER,장면 변화에서 인간 행동 모방이 부적절한 접촉을 유발,NO,NO,YES,YES,ACTION_DISAGREEMENT|TARGET_DISAGREEMENT|AGENT1_LOW_CONFIDENCE|AGENT2_USER_DECISION|KEEP_VS_DELETE,,,,,PENDING
HR2-0702,Physical,SRC-P-0016,배포 전 물리적 안전 시험 미흡,"(유지) (jw) 너무 지엽적인 리스크로, 삭제 제안",,REWRITE_KEEP,G_SYS_EVAL,,,LOW,E/L/C,유지와 삭제 제안 충돌이나 배포 전 물리 안전 시험은 평가 실패에 직접 부합,REWRITE_KEEP,G_SYS_EVAL,,,MEDIUM,HUMAN_REVIEW_CONFLICT|L3_MASTER,배포 전 물리 안전시험 미흡은 평가·보증 실패에 직접 부합,YES,YES,YES,YES,AGENT1_LOW_CONFIDENCE|AGENT2_USER_DECISION|KEEP_VS_DELETE,,,,,PENDING
HR2-0704,Physical,SRC-P-0123,런타임 안전 모니터 실패,"(유지) (jw) l3와 무관하며 너무 지엽적인 리스크로, 삭제 제안",,REWRITE_KEEP,P_SYS_CONTROL,,,LOW,E/L/C,유지와 삭제 제안 충돌이나 런타임 안전 제약 집행 실패는 제어 범위에 부합,REMAP,P_SYS_CONTROL,,,MEDIUM,HUMAN_REVIEW_CONFLICT|L3_MASTER,런타임 제약 감지·집행 실패는 제어 안전계층 기제,NO,YES,YES,YES,ACTION_DISAGREEMENT|AGENT1_LOW_CONFIDENCE|AGENT2_USER_DECISION|KEEP_VS_DELETE,,,,,PENDING
HR2-0705,Physical,SRC-G-0014,안전-성능 균형 실패,"(유지) (jw) l3와 무관하며, general에 해당해보임",Physical AI의 하위로 L4 리스크 카드를 분류하고 L3와 재매핑을 시킬것,REWRITE_KEEP,P_SYS_CONTROL,,,MEDIUM,E/R/C,성능 최적화가 물리 안전 제약을 희생하는 제어 정책 실패로 좁혀 유지,REMAP,P_SYS_CONTROL,,,MEDIUM,HUMAN_REVIEW_CONFLICT|L3_MASTER,조작 정책이 안전제약을 희생하는 제어 실패,NO,YES,YES,YES,ACTION_DISAGREEMENT|AGENT2_USER_DECISION,,,,,PENDING
HR2-0710,Physical,SRC-P-0104,피지컬 AI의 파괴·학대 행동,(유지) (jw) 사람이 아닌 물리적 대상에 대한 내용이라는 것이 title에 나타나야할 것 같습니다.,,REMAP,G_INT_ILLEGAL,,,MEDIUM,E/L/C,피지컬 AI의 외부 자산 파괴는 시스템에 대한 tamper가 아니라 불법 행위 수행,REMAP,G_INT_WEAP,,,LOW,HUMAN_REVIEW|L3_MASTER,외부 물리자산 파괴는 P_INT_TAMPER의 공격 방향과 반대,YES,NO,YES,YES,TARGET_DISAGREEMENT|AGENT2_USER_DECISION,,,,,PENDING
HR2-0711,Physical,SRC-P-0103,불법·유해 물리 요청의 수용·실행,(유지),,REMAP,G_INT_ILLEGAL,,,HIGH,E/L,불법 물리 요청의 실행·지원이 불법 행위 정의에 직접 부합,REMAP,G_INT_ILLEGAL,,,LOW,HUMAN_REVIEW|L3_MASTER,불법 물리 요청 수행으로 한정하고 폭력·무기 중복을 제거할 필요,YES,YES,YES,YES,AGENT2_USER_DECISION,,,,,PENDING
HR2-0725,Physical,SRC-P-0059,설계 단계 명세 오류,L4 리스크명 수정했음 (피지컬AI 시스템 용어 추가),,REWRITE_KEEP,G_SYS_EVAL,,,MEDIUM,E/R/C,설계 명세 오류를 배포 전 설계·목적함수 검증 실패로 좁혀 유지,REMAP,P_SYS_CONTROL,,,HIGH,HUMAN_REVIEW|L3_MASTER,설계 명세 오류가 의도하지 않은 물리행동으로 발현,NO,NO,YES,YES,ACTION_DISAGREEMENT|TARGET_DISAGREEMENT,,,,,PENDING
HR2-0770,Physical,SRC-P-0031,인지·추론 지연 급증,"General 영역으로 이동, 적합한 L3와 매핑할 것",,REWRITE_KEEP,G_SYS_EVAL,,,LOW,E/R/C,성능 L3 부재로 안전 시간 한계·지연 평가 실패로 좁히거나 삭제 필요,REMAP,G_SYS_EVAL,,,LOW,HUMAN_REVIEW|L3_MASTER,General 이동 지시는 명확하나 실제 지연 자체의 정확한 L3가 없음,NO,YES,YES,YES,ACTION_DISAGREEMENT|AGENT1_LOW_CONFIDENCE|AGENT2_USER_DECISION,,,,,PENDING
HR2-0794,Physical,SRC-P-0044,온디바이스 연산·메모리 고갈,(유지),,REWRITE_KEEP,P_SYS_CONTROL,,,MEDIUM,E/R/C,연산·메모리 고갈로 안전 제어 기능이 중단되는 물리 제어 실패로 한정,REMAP,P_SYS_CONTROL,,,LOW,HUMAN_REVIEW|L3_MASTER,연산·메모리 고갈로 안전 관련 제어 기능이 중단,NO,YES,YES,YES,ACTION_DISAGREEMENT|AGENT2_USER_DECISION,,,,,PENDING
HR2-0795,Physical,SRC-P-0049,무해 미세조정에 의한 안전성 열화,(유지),,REWRITE_KEEP,G_SYS_EVAL,,,MEDIUM,E/R/C,미세조정 후 안전성 회귀 평가 실패로 좁혀 유지,REMAP,G_SYS_SECADV,,,MEDIUM,HUMAN_REVIEW|L3_MASTER,미세조정에 따른 안전장치 열화와 유해 출력 증가,NO,NO,YES,YES,ACTION_DISAGREEMENT|TARGET_DISAGREEMENT|AGENT2_USER_DECISION,,,,,PENDING
