Register_ID,Action,Status,Output_Keys
HR2-0226,DELETE,APPLIED,
HR2-0230,DELETE,APPLIED,
HR2-0232,DELETE,APPLIED,
HR2-0235,DELETE,APPLIED,
HR2-0246,DELETE,APPLIED,
HR2-0280,DELETE,APPLIED,
HR2-0286,DELETE,APPLIED,
HR2-0310,DELETE,APPLIED,
HR2-0329,DELETE,APPLIED,
HR2-0340,DELETE,APPLIED,
HR2-0342,DELETE,APPLIED,
HR2-0380,DELETE,APPLIED,
HR2-0382,DELETE,APPLIED,
HR2-0668,DELETE,ALREADY_DELETED,
HR2-0005,MERGE,APPLIED,K0545|K0546
HR2-0247,MERGE,APPLIED,K0207MP_SYS_CONTROL
HR2-0250,MERGE,APPLIED,K0210MA_SYS_GOAL
HR2-0251,MERGE,APPLIED,K0210MA_SYS_GOAL
HR2-0264,MERGE,APPLIED,K0210MA_SYS_GOAL
HR2-0273,MERGE,APPLIED,K0591MG_SYS_EVAL
HR2-0293,MERGE,APPLIED,K0210MA_SYS_GOAL
HR2-0313,MERGE,APPLIED,K0569
HR2-0317,MERGE,APPLIED,K0405
HR2-0459,MERGE,APPLIED,K0591MG_SYS_EVAL
HR2-0496,MERGE,APPLIED,K0207MP_SYS_CONTROL
HR2-0608,MERGE,APPLIED,K0702
HR2-0609,MERGE,APPLIED,K0702
HR2-0635,MERGE,APPLIED,K0659
HR2-0004,SPLIT,APPLIED,K0569|K0569SG_SOC_CULT|K0569SG_SYS_INPUT
HR2-0009,REMAP,APPLIED,K0005
HR2-0012,REMAP,APPLIED,K0007
HR2-0016,REMAP,APPLIED,K0011
HR2-0017,REMAP,APPLIED,K0012
HR2-0021,SPLIT,APPLIED,K0549|K0550|K0551|K0552
HR2-0027,SPLIT,APPLIED,K0022|K0553
HR2-0070,SPLIT,APPLIED,K0550|K0558
HR2-0082,SPLIT,APPLIED,K0575SG_INT_REPR|K0575SG_INT_ALLOC
HR2-0130,REMAP,APPLIED,K0633
HR2-0133,REMAP,APPLIED,K0102
HR2-0142,REMAP,APPLIED,K0111
HR2-0143,REWRITE_KEEP,APPLIED,K0577
HR2-0151,SPLIT,APPLIED,K0579|K0579SG_INT_REPR|K0579SG_INT_UNETH
HR2-0200,REMAP,APPLIED,K0162
HR2-0202,REMAP,APPLIED,K0164
HR2-0203,REMAP,APPLIED,K0165
HR2-0204,REWRITE_KEEP,APPLIED,K0166
HR2-0205,REWRITE_KEEP,APPLIED,K0167
HR2-0206,REMAP,APPLIED,K0168
HR2-0208,REMAP,APPLIED,K0170
HR2-0209,REWRITE_KEEP,APPLIED,K0171
HR2-0211,SPLIT,APPLIED,K0173SG_INT_REPR|K0173SG_SOC_CULT
HR2-0212,REMAP,APPLIED,K0174
HR2-0215,REMAP,APPLIED,K0177
HR2-0216,REMAP,APPLIED,K0178
HR2-0217,REWRITE_KEEP,APPLIED,K0179
HR2-0219,REMAP,APPLIED,K0181
HR2-0220,REWRITE_KEEP,APPLIED,K0182
HR2-0225,REWRITE_KEEP,APPLIED,K0580
HR2-0227,REWRITE_KEEP,APPLIED,K0188
HR2-0229,REMAP,APPLIED,K0581
HR2-0233,REMAP,APPLIED,K0193
HR2-0237,REMAP,APPLIED,K0197
HR2-0238,REMAP,APPLIED,K0198
HR2-0239,REMAP,APPLIED,K0199
HR2-0242,REMAP,APPLIED,K0202
HR2-0243,REMAP,APPLIED,K0203
HR2-0244,REWRITE_KEEP,APPLIED,K0204
HR2-0245,REMAP,APPLIED,K0205
HR2-0248,REMAP,APPLIED,K0208
HR2-0249,SPLIT,APPLIED,K0209SG_INT_ALLOC|K0209SG_INT_SEX
HR2-0253,REMAP,APPLIED,K0213
HR2-0254,REMAP,APPLIED,K0214
HR2-0255,REWRITE_KEEP,APPLIED,K0215
HR2-0258,REMAP,APPLIED,K0218
HR2-0260,SPLIT,APPLIED,K0220SG_SYS_TRANS|K0220SG_SYS_OEXT
HR2-0263,REMAP,APPLIED,K0223
HR2-0265,SPLIT,APPLIED,K0225SG_INT_PRIV|K0225SG_SOC_DEMOC
HR2-0266,REMAP,APPLIED,K0226
HR2-0268,REWRITE_KEEP,APPLIED,K0228
HR2-0269,SPLIT,APPLIED,K0229SG_SYS_TRANS|K0229SG_INT_PRIV
HR2-0271,REMAP,APPLIED,K0231
HR2-0272,REMAP,APPLIED,K0232
HR2-0274,REMAP,APPLIED,K0233
HR2-0275,REMAP,APPLIED,K0234
HR2-0276,REMAP,APPLIED,K0235
HR2-0278,REMAP,APPLIED,K0236
HR2-0279,REMAP,APPLIED,K0237
HR2-0281,REMAP,APPLIED,K0239
HR2-0283,REWRITE_KEEP,APPLIED,K0583
HR2-0284,REWRITE_KEEP,APPLIED,K0584
HR2-0285,REWRITE_KEEP,APPLIED,K0585
HR2-0288,REMAP,APPLIED,K0243
HR2-0291,REMAP,APPLIED,K0246
HR2-0292,REMAP,APPLIED,K0247
HR2-0294,REMAP,APPLIED,K0249
HR2-0296,REMAP,APPLIED,K0251
HR2-0299,SPLIT,APPLIED,K0254SG_INT_COPY|K0254SG_INT_PRIV
HR2-0300,REWRITE_KEEP,APPLIED,K0255
HR2-0302,REMAP,APPLIED,K0257
HR2-0304,REMAP,APPLIED,K0259
HR2-0308,REWRITE_KEEP,APPLIED,K0262
HR2-0309,REMAP,APPLIED,K0263
HR2-0312,REMAP,APPLIED,K0266
HR2-0315,REMAP,APPLIED,K0269
HR2-0319,REMAP,APPLIED,K0272
HR2-0320,REMAP,APPLIED,K0273
HR2-0321,REMAP,APPLIED,K0274
HR2-0322,REMAP,APPLIED,K0275
HR2-0326,REMAP,APPLIED,K0279
HR2-0327,REWRITE_KEEP,APPLIED,K0280
HR2-0330,REMAP,APPLIED,K0283
HR2-0332,REMAP,APPLIED,K0285
HR2-0333,REMAP,APPLIED,K0286
HR2-0335,REMAP,APPLIED,K0288
HR2-0336,SPLIT,APPLIED,K0289SG_INT_UNETH|K0289SG_SYS_MISINFO
HR2-0337,REMAP,APPLIED,K0290
HR2-0338,REMAP,APPLIED,K0291
HR2-0339,REMAP,APPLIED,K0292
HR2-0341,REWRITE_KEEP,APPLIED,K0293
HR2-0346,REMAP,APPLIED,K0298
HR2-0391,REWRITE_KEEP,APPLIED,K0340
HR2-0392,REWRITE_KEEP,APPLIED,K0341
HR2-0434,REMAP,APPLIED,K0383
HR2-0436,REMAP,APPLIED,K0385
HR2-0443,SPLIT,APPLIED,K0569SG_SOC_CULT|K0569SG_SYS_INPUT|K0590
HR2-0485,SPLIT,APPLIED,K0594SG_SYS_EVAL|K0594SG_SYS_OVERCONF
HR2-0488,REMAP,APPLIED,K0432
HR2-0489,REWRITE_KEEP,APPLIED,K0595
HR2-0490,REWRITE_KEEP,APPLIED,K0596
HR2-0493,SPLIT,APPLIED,K0564|K0791
HR2-0497,REWRITE_KEEP,APPLIED,K0599
HR2-0498,REMAP,APPLIED,K0600
HR2-0503,REMAP,APPLIED,K0634
HR2-0509,REWRITE_KEEP,APPLIED,K0603
HR2-0530,REMAP,APPLIED,K0461
HR2-0532,SPLIT,APPLIED,K0604|K0604SA_SYS_DECEPT
HR2-0533,REWRITE_KEEP,APPLIED,K0605
HR2-0541,REMAP,APPLIED,K0468
HR2-0542,REMAP,APPLIED,K0469
HR2-0571,REWRITE_KEEP,APPLIED,K0606
HR2-0600,REWRITE_KEEP,APPLIED,K0636
HR2-0601,REWRITE_KEEP,APPLIED,K0637
HR2-0602,REWRITE_KEEP,APPLIED,K0638
HR2-0611,REMAP,APPLIED,K0527
HR2-0621,REMAP,APPLIED,K0650
HR2-0627,REMAP,APPLIED,K0630
HR2-0628,SPLIT,APPLIED,K0631SG_INT_ILLEGAL|K0631SA_SYS_AUTH
HR2-0630,REMAP,APPLIED,K0655
HR2-0632,REMAP,APPLIED,K0531
HR2-0634,REMAP,APPLIED,K0658
HR2-0637,REMAP,APPLIED,K0632
HR2-0681,REMAP,APPLIED,K0538
HR2-0684,REMAP,APPLIED,K0698
HR2-0698,REWRITE_KEEP,APPLIED,K0713
HR2-0700,REWRITE_KEEP,APPLIED,K0792
HR2-0702,REWRITE_KEEP,APPLIED,K0627
HR2-0704,REWRITE_KEEP,APPLIED,K0793
HR2-0705,REWRITE_KEEP,APPLIED,K0794
HR2-0710,REMAP,APPLIED,K0795
HR2-0711,REMAP,APPLIED,K0717
HR2-0717,REWRITE_KEEP,APPLIED,K0629
HR2-0725,REWRITE_KEEP,APPLIED,K0722
HR2-0770,REWRITE_KEEP,APPLIED,K0543
HR2-0794,REWRITE_KEEP,APPLIED,K0781
HR2-0795,REWRITE_KEEP,APPLIED,K0625
HR2-0357,SPLIT,APPLIED,K0562|K0562SG_INT_REPR
