source_row_id,L4_ID,L3_ID,L1_ID,Disposition
SRC-A-0048,A_INT_CASCADE_001,A_INT_CASCADE,L1_A,OUTPUT
SRC-G-0460,A_INT_CASCADE_002,A_INT_CASCADE,L1_A,OUTPUT
SRC-A-0044,A_INT_CASCADE_003,A_INT_CASCADE,L1_A,OUTPUT
SRC-A-0047,A_INT_CASCADE_004,A_INT_CASCADE,L1_A,OUTPUT
SRC-G-0451,A_INT_CASCADE_005,A_INT_CASCADE,L1_A,OUTPUT
SRC-A-0057,A_INT_CASCADE_006,A_INT_CASCADE,L1_A,OUTPUT
SRC-A-0045,A_INT_CASCADE_007,A_INT_CASCADE,L1_A,OUTPUT
SRC-A-0066,A_INT_CASCADE_008,A_INT_CASCADE,L1_A,OUTPUT
SRC-A-0058,A_INT_COLLUSION_001,A_INT_COLLUSION,L1_A,OUTPUT
SRC-A-0062,A_INT_COLLUSION_002,A_INT_COLLUSION,L1_A,OUTPUT
SRC-A-0065,A_INT_COLLUSION_002,A_INT_COLLUSION,L1_A,OUTPUT
SRC-A-0059,A_INT_COLLUSION_003,A_INT_COLLUSION,L1_A,OUTPUT
SRC-A-0056,A_INT_CONFLICT_001,A_INT_CONFLICT,L1_A,OUTPUT
SRC-P-0194,A_INT_CONFLICT_002,A_INT_CONFLICT,L1_A,OUTPUT
SRC-A-0055,A_INT_CONFLICT_003,A_INT_CONFLICT,L1_A,OUTPUT
SRC-G-0478,A_INT_COORD_001,A_INT_COORD,L1_A,OUTPUT
SRC-A-0068,A_INT_COORD_002,A_INT_COORD,L1_A,OUTPUT
SRC-A-0046,A_INT_COORD_003,A_INT_COORD,L1_A,OUTPUT
SRC-A-0060,A_INT_COORD_004,A_INT_COORD,L1_A,OUTPUT
SRC-A-0061,A_INT_COORD_005,A_INT_COORD,L1_A,OUTPUT
SRC-A-0003,A_SYS_AUTH_001,A_SYS_AUTH,L1_A,OUTPUT
SRC-G-0001,A_SYS_AUTH_002,A_SYS_AUTH,L1_A,OUTPUT
SRC-A-0041,A_SYS_AUTH_003,A_SYS_AUTH,L1_A,OUTPUT
SRC-A-0001,A_SYS_AUTH_004,A_SYS_AUTH,L1_A,OUTPUT
SRC-A-0006,A_SYS_AUTH_005,A_SYS_AUTH,L1_A,OUTPUT
SRC-G-0447,A_SYS_AUTH_006,A_SYS_AUTH,L1_A,OUTPUT
SRC-P-0198,A_SYS_AUTH_007,A_SYS_AUTH,L1_A,OUTPUT
SRC-G-0401,A_SYS_AUTH_008,A_SYS_AUTH,L1_A,OUTPUT
SRC-P-0196,A_SYS_AUTH_009,A_SYS_AUTH,L1_A,OUTPUT
SRC-A-0011,A_SYS_AUTH_010,A_SYS_AUTH,L1_A,OUTPUT
SRC-A-0008,A_SYS_AUTH_011,A_SYS_AUTH,L1_A,OUTPUT
SRC-P-0012,A_SYS_AUTH_012,A_SYS_AUTH,L1_A,OUTPUT
SRC-A-0014,A_SYS_AUTH_013,A_SYS_AUTH,L1_A,OUTPUT
SRC-A-0015,A_SYS_AUTH_014,A_SYS_AUTH,L1_A,OUTPUT
SRC-G-0016,A_SYS_AUTH_015,A_SYS_AUTH,L1_A,OUTPUT
SRC-G-0490,A_SYS_AUTH_016,A_SYS_AUTH,L1_A,OUTPUT
SRC-P-0057,A_SYS_AUTH_017,A_SYS_AUTH,L1_A,OUTPUT
SRC-P-0189,A_SYS_AUTH_018,A_SYS_AUTH,L1_A,OUTPUT
SRC-G-0415,A_SYS_AUTH_019,A_SYS_AUTH,L1_A,OUTPUT
SRC-A-0018,A_SYS_AUTH_020,A_SYS_AUTH,L1_A,OUTPUT
SRC-A-0002,A_SYS_AUTH_021,A_SYS_AUTH,L1_A,OUTPUT
SRC-G-0096,A_SYS_AUTH_022,A_SYS_AUTH,L1_A,OUTPUT
SRC-G-0106,A_SYS_AUTH_023,A_SYS_AUTH,L1_A,OUTPUT
SRC-A-0067,A_SYS_DECEPT_001,A_SYS_DECEPT,L1_A,OUTPUT
SRC-A-0039,A_SYS_DECEPT_002,A_SYS_DECEPT,L1_A,OUTPUT
SRC-G-0114,A_SYS_DECEPT_003,A_SYS_DECEPT,L1_A,OUTPUT
SRC-G-0123,A_SYS_DECEPT_004,A_SYS_DECEPT,L1_A,OUTPUT
SRC-G-0134,A_SYS_DECEPT_005,A_SYS_DECEPT,L1_A,OUTPUT
SRC-G-0484,A_SYS_DECEPT_006,A_SYS_DECEPT,L1_A,OUTPUT
SRC-G-0196,A_SYS_DECEPT_007,A_SYS_DECEPT,L1_A,OUTPUT
SRC-G-0247,A_SYS_DECEPT_008,A_SYS_DECEPT,L1_A,OUTPUT
SRC-G-0378,A_SYS_GOAL_001,A_SYS_GOAL,L1_A,OUTPUT
SRC-G-0135,A_SYS_GOAL_002,A_SYS_GOAL,L1_A,OUTPUT
SRC-A-0016,A_SYS_GOAL_003,A_SYS_GOAL,L1_A,OUTPUT
SRC-G-0127,A_SYS_GOAL_004,A_SYS_GOAL,L1_A,OUTPUT
SRC-A-0081,A_SYS_GOAL_005,A_SYS_GOAL,L1_A,OUTPUT
SRC-G-0477,A_SYS_GOAL_006,A_SYS_GOAL,L1_A,OUTPUT
SRC-G-0471,A_SYS_GOAL_007,A_SYS_GOAL,L1_A,OUTPUT
SRC-G-0397,A_SYS_GOAL_007,A_SYS_GOAL,L1_A,OUTPUT
SRC-G-0422,A_SYS_GOAL_007,A_SYS_GOAL,L1_A,OUTPUT
SRC-G-0417,A_SYS_GOAL_007,A_SYS_GOAL,L1_A,OUTPUT
SRC-G-0118,A_SYS_GOAL_008,A_SYS_GOAL,L1_A,OUTPUT
SRC-G-0115,A_SYS_GOAL_009,A_SYS_GOAL,L1_A,OUTPUT
SRC-A-0017,A_SYS_GOAL_010,A_SYS_GOAL,L1_A,OUTPUT
SRC-A-0019,A_SYS_GOAL_011,A_SYS_GOAL,L1_A,OUTPUT
SRC-G-0133,A_SYS_GOAL_012,A_SYS_GOAL,L1_A,OUTPUT
SRC-A-0021,A_SYS_GOAL_013,A_SYS_GOAL,L1_A,OUTPUT
SRC-G-0124,A_SYS_GOAL_014,A_SYS_GOAL,L1_A,OUTPUT
SRC-G-0116,A_SYS_GOAL_015,A_SYS_GOAL,L1_A,OUTPUT
SRC-G-0132,A_SYS_GOAL_016,A_SYS_GOAL,L1_A,OUTPUT
SRC-G-0113,A_SYS_GOAL_017,A_SYS_GOAL,L1_A,OUTPUT
SRC-G-0012,A_SYS_GOAL_018,A_SYS_GOAL,L1_A,OUTPUT
SRC-A-0020,A_SYS_GOAL_019,A_SYS_GOAL,L1_A,OUTPUT
SRC-P-0167,A_SYS_GOAL_020,A_SYS_GOAL,L1_A,OUTPUT
SRC-G-0077,A_SYS_GOAL_021,A_SYS_GOAL,L1_A,OUTPUT
SRC-G-0108,A_SYS_GOAL_022,A_SYS_GOAL,L1_A,OUTPUT
SRC-A-0010,A_SYS_SELFCOR_001,A_SYS_SELFCOR,L1_A,OUTPUT
SRC-G-0088,A_SYS_SELFCOR_002,A_SYS_SELFCOR,L1_A,OUTPUT
SRC-P-0216,A_SYS_TRACE_001,A_SYS_TRACE,L1_A,OUTPUT
SRC-A-0073,A_SYS_TRACE_002,A_SYS_TRACE,L1_A,OUTPUT
SRC-A-0022,A_SYS_TRACE_003,A_SYS_TRACE,L1_A,OUTPUT
SRC-G-0467,G_INT_ALLOC_001,G_INT_ALLOC,L1_G,OUTPUT
SRC-G-0338,G_INT_ALLOC_001,G_INT_ALLOC,L1_G,OUTPUT
SRC-G-0266,G_INT_ALLOC_001,G_INT_ALLOC,L1_G,OUTPUT
SRC-G-0345,G_INT_ALLOC_001,G_INT_ALLOC,L1_G,OUTPUT
SRC-G-0054,G_INT_ALLOC_002,G_INT_ALLOC,L1_G,OUTPUT
SRC-P-0185,G_INT_ALLOC_003,G_INT_ALLOC,L1_G,OUTPUT
SRC-G-0019,G_INT_ALLOC_004,G_INT_ALLOC,L1_G,OUTPUT
SRC-G-0042,G_INT_ALLOC_005,G_INT_ALLOC,L1_G,OUTPUT
SRC-G-0143,G_INT_ALLOC_006,G_INT_ALLOC,L1_G,OUTPUT
SRC-G-0047,G_INT_ALLOC_007,G_INT_ALLOC,L1_G,OUTPUT
SRC-G-0444,G_INT_ALLOC_008,G_INT_ALLOC,L1_G,OUTPUT
SRC-G-0469,G_INT_ALLOC_009,G_INT_ALLOC,L1_G,OUTPUT
SRC-G-0053,G_INT_ALLOC_010,G_INT_ALLOC,L1_G,OUTPUT
SRC-G-0445,G_INT_ALLOC_010,G_INT_ALLOC,L1_G,OUTPUT
SRC-G-0487,G_INT_ALLOC_011,G_INT_ALLOC,L1_G,OUTPUT
SRC-G-0458,G_INT_ALLOC_012,G_INT_ALLOC,L1_G,OUTPUT
SRC-G-0024,G_INT_ALLOC_013,G_INT_ALLOC,L1_G,OUTPUT
SRC-G-0218,G_INT_ALLOC_014,G_INT_ALLOC,L1_G,OUTPUT
SRC-G-0144,G_INT_ALLOC_015,G_INT_ALLOC,L1_G,OUTPUT
SRC-G-0472,G_INT_ALLOC_016,G_INT_ALLOC,L1_G,OUTPUT
SRC-G-0109,G_INT_ALLOC_017,G_INT_ALLOC,L1_G,OUTPUT
SRC-G-0540,G_INT_ANTH_001,G_INT_ANTH,L1_G,OUTPUT
SRC-G-0537,G_INT_ANTH_002,G_INT_ANTH,L1_G,OUTPUT
SRC-G-0535,G_INT_ANTH_002,G_INT_ANTH,L1_G,OUTPUT
SRC-G-0538,G_INT_ANTH_003,G_INT_ANTH,L1_G,OUTPUT
SRC-G-0541,G_INT_ANTH_004,G_INT_ANTH,L1_G,OUTPUT
SRC-G-0542,G_INT_ANTH_005,G_INT_ANTH,L1_G,OUTPUT
SRC-G-0374,G_INT_ANTH_006,G_INT_ANTH,L1_G,OUTPUT
SRC-G-0371,G_INT_ANTH_007,G_INT_ANTH,L1_G,OUTPUT
SRC-G-0375,G_INT_ANTH_008,G_INT_ANTH,L1_G,OUTPUT
SRC-P-0188,G_INT_ANTH_009,G_INT_ANTH,L1_G,OUTPUT
SRC-G-0117,G_INT_ANTH_010,G_INT_ANTH,L1_G,OUTPUT
SRC-G-0571,G_INT_COPY_001,G_INT_COPY,L1_G,OUTPUT
SRC-G-0576,G_INT_COPY_002,G_INT_COPY,L1_G,OUTPUT
SRC-P-0005,G_INT_COPY_003,G_INT_COPY,L1_G,OUTPUT
SRC-G-0572,G_INT_COPY_004,G_INT_COPY,L1_G,OUTPUT
SRC-G-0250,G_INT_COPY_005,G_INT_COPY,L1_G,OUTPUT
SRC-G-0255,G_INT_COPY_006,G_INT_COPY,L1_G,OUTPUT
SRC-G-0574,G_INT_COPY_007,G_INT_COPY,L1_G,OUTPUT
SRC-G-0573,G_INT_COPY_008,G_INT_COPY,L1_G,OUTPUT
SRC-G-0253,G_INT_COPY_009,G_INT_COPY,L1_G,OUTPUT
SRC-G-0252,G_INT_COPY_010,G_INT_COPY,L1_G,OUTPUT
SRC-G-0570,G_INT_COPY_011,G_INT_COPY,L1_G,OUTPUT
SRC-G-0466,G_INT_COPY_011,G_INT_COPY,L1_G,OUTPUT
SRC-G-0251,G_INT_COPY_012,G_INT_COPY,L1_G,OUTPUT
SRC-G-0466,G_INT_ILLEGAL_001,G_INT_ILLEGAL,L1_G,OUTPUT
SRC-G-0532,G_INT_ILLEGAL_001,G_INT_ILLEGAL,L1_G,OUTPUT
SRC-G-0199,G_INT_ILLEGAL_002,G_INT_ILLEGAL,L1_G,OUTPUT
SRC-A-0009,G_INT_ILLEGAL_003,G_INT_ILLEGAL,L1_G,OUTPUT
SRC-G-0569,G_INT_ILLEGAL_004,G_INT_ILLEGAL,L1_G,OUTPUT
SRC-P-0104,G_INT_ILLEGAL_005,G_INT_ILLEGAL,L1_G,OUTPUT
SRC-G-0567,G_INT_ILLEGAL_006,G_INT_ILLEGAL,L1_G,OUTPUT
SRC-P-0103,G_INT_ILLEGAL_007,G_INT_ILLEGAL,L1_G,OUTPUT
SRC-G-0560,G_INT_ILLEGAL_008,G_INT_ILLEGAL,L1_G,OUTPUT
SRC-G-0243,G_INT_ILLEGAL_009,G_INT_ILLEGAL,L1_G,OUTPUT
SRC-A-0040,G_INT_ILLEGAL_010,G_INT_ILLEGAL,L1_G,OUTPUT
SRC-G-0561,G_INT_ILLEGAL_011,G_INT_ILLEGAL,L1_G,OUTPUT
SRC-P-0196,G_INT_ILLEGAL_012,G_INT_ILLEGAL,L1_G,OUTPUT
SRC-G-0564,G_INT_ILLEGAL_013,G_INT_ILLEGAL,L1_G,OUTPUT
SRC-G-0565,G_INT_ILLEGAL_014,G_INT_ILLEGAL,L1_G,OUTPUT
SRC-G-0486,G_INT_ILLEGAL_015,G_INT_ILLEGAL,L1_G,OUTPUT
SRC-G-0562,G_INT_ILLEGAL_016,G_INT_ILLEGAL,L1_G,OUTPUT
SRC-G-0322,G_INT_ILLEGAL_017,G_INT_ILLEGAL,L1_G,OUTPUT
SRC-G-0227,G_INT_ILLEGAL_018,G_INT_ILLEGAL,L1_G,OUTPUT
SRC-G-0568,G_INT_ILLEGAL_019,G_INT_ILLEGAL,L1_G,OUTPUT
SRC-G-0566,G_INT_ILLEGAL_020,G_INT_ILLEGAL,L1_G,OUTPUT
SRC-G-0449,G_INT_ILLEGAL_021,G_INT_ILLEGAL,L1_G,OUTPUT
SRC-P-0108,G_INT_ILLEGAL_022,G_INT_ILLEGAL,L1_G,OUTPUT
SRC-G-0246,G_INT_POL_001,G_INT_POL,L1_G,OUTPUT
SRC-G-0223,G_INT_POL_002,G_INT_POL,L1_G,OUTPUT
SRC-G-0531,G_INT_POL_003,G_INT_POL,L1_G,OUTPUT
SRC-P-0140,G_INT_POL_004,G_INT_POL,L1_G,OUTPUT
SRC-G-0225,G_INT_POL_005,G_INT_POL,L1_G,OUTPUT
SRC-G-0532,G_INT_POL_006,G_INT_POL,L1_G,OUTPUT
SRC-G-0332,G_INT_POL_006,G_INT_POL,L1_G,OUTPUT
SRC-G-0534,G_INT_POL_006,G_INT_POL,L1_G,OUTPUT
SRC-G-0533,G_INT_POL_006,G_INT_POL,L1_G,OUTPUT
SRC-G-0348,G_INT_POL_006,G_INT_POL,L1_G,OUTPUT
SRC-G-0033,G_INT_POL_006,G_INT_POL,L1_G,OUTPUT
SRC-G-0530,G_INT_POL_007,G_INT_POL,L1_G,OUTPUT
SRC-G-0529,G_INT_POL_008,G_INT_POL,L1_G,OUTPUT
SRC-G-0383,G_INT_PRIV_001,G_INT_PRIV,L1_G,OUTPUT
SRC-G-0305,G_INT_PRIV_001,G_INT_PRIV,L1_G,OUTPUT
SRC-G-0382,G_INT_PRIV_002,G_INT_PRIV,L1_G,OUTPUT
SRC-G-0226,G_INT_PRIV_003,G_INT_PRIV,L1_G,OUTPUT
SRC-G-0228,G_INT_PRIV_004,G_INT_PRIV,L1_G,OUTPUT
SRC-G-0330,G_INT_PRIV_005,G_INT_PRIV,L1_G,OUTPUT
SRC-G-0556,G_INT_PRIV_006,G_INT_PRIV,L1_G,OUTPUT
SRC-A-0012,G_INT_PRIV_007,G_INT_PRIV,L1_G,OUTPUT
SRC-G-0555,G_INT_PRIV_008,G_INT_PRIV,L1_G,OUTPUT
SRC-G-0553,G_INT_PRIV_009,G_INT_PRIV,L1_G,OUTPUT
SRC-G-0229,G_INT_PRIV_010,G_INT_PRIV,L1_G,OUTPUT
SRC-A-0028,G_INT_PRIV_011,G_INT_PRIV,L1_G,OUTPUT
SRC-G-0255,G_INT_PRIV_012,G_INT_PRIV,L1_G,OUTPUT
SRC-G-0467,G_INT_PRIV_013,G_INT_PRIV,L1_G,OUTPUT
SRC-G-0235,G_INT_PRIV_014,G_INT_PRIV,L1_G,OUTPUT
SRC-G-0239,G_INT_PRIV_014,G_INT_PRIV,L1_G,OUTPUT
SRC-G-0241,G_INT_PRIV_014,G_INT_PRIV,L1_G,OUTPUT
SRC-G-0230,G_INT_PRIV_015,G_INT_PRIV,L1_G,OUTPUT
SRC-G-0232,G_INT_PRIV_016,G_INT_PRIV,L1_G,OUTPUT
SRC-G-0272,G_INT_PRIV_016,G_INT_PRIV,L1_G,OUTPUT
SRC-G-0277,G_INT_PRIV_016,G_INT_PRIV,L1_G,OUTPUT
SRC-G-0440,G_INT_PRIV_017,G_INT_PRIV,L1_G,OUTPUT
SRC-G-0554,G_INT_PRIV_018,G_INT_PRIV,L1_G,OUTPUT
SRC-P-0203,G_INT_PRIV_019,G_INT_PRIV,L1_G,OUTPUT
SRC-G-0142,G_INT_PRIV_020,G_INT_PRIV,L1_G,OUTPUT
SRC-G-0559,G_INT_PRIV_021,G_INT_PRIV,L1_G,OUTPUT
SRC-G-0238,G_INT_PRIV_022,G_INT_PRIV,L1_G,OUTPUT
SRC-G-0236,G_INT_PRIV_023,G_INT_PRIV,L1_G,OUTPUT
SRC-G-0304,G_INT_PRIV_024,G_INT_PRIV,L1_G,OUTPUT
SRC-P-0037,G_INT_PRIV_025,G_INT_PRIV,L1_G,OUTPUT
SRC-G-0234,G_INT_PRIV_026,G_INT_PRIV,L1_G,OUTPUT
SRC-G-0233,G_INT_PRIV_026,G_INT_PRIV,L1_G,OUTPUT
SRC-G-0557,G_INT_PRIV_026,G_INT_PRIV,L1_G,OUTPUT
SRC-G-0237,G_INT_PRIV_026,G_INT_PRIV,L1_G,OUTPUT
SRC-G-0231,G_INT_PRIV_027,G_INT_PRIV,L1_G,OUTPUT
SRC-G-0149,G_INT_PRIV_028,G_INT_PRIV,L1_G,OUTPUT
SRC-G-0303,G_INT_PRIV_029,G_INT_PRIV,L1_G,OUTPUT
SRC-G-0244,G_INT_PRIV_030,G_INT_PRIV,L1_G,OUTPUT
SRC-G-0360,G_INT_REL_001,G_INT_REL,L1_G,OUTPUT
SRC-G-0373,G_INT_REL_002,G_INT_REL,L1_G,OUTPUT
SRC-A-0076,G_INT_REL_003,G_INT_REL,L1_G,OUTPUT
SRC-G-0371,G_INT_REL_004,G_INT_REL,L1_G,OUTPUT
SRC-G-0362,G_INT_REL_005,G_INT_REL,L1_G,OUTPUT
SRC-A-0075,G_INT_REL_006,G_INT_REL,L1_G,OUTPUT
SRC-A-0077,G_INT_REL_007,G_INT_REL,L1_G,OUTPUT
SRC-G-0357,G_INT_REL_008,G_INT_REL,L1_G,OUTPUT
SRC-G-0341,G_INT_REPR_001,G_INT_REPR,L1_G,OUTPUT
SRC-G-0353,G_INT_REPR_002,G_INT_REPR,L1_G,OUTPUT
SRC-G-0038,G_INT_REPR_003,G_INT_REPR,L1_G,OUTPUT
SRC-G-0267,G_INT_REPR_004,G_INT_REPR,L1_G,OUTPUT
SRC-G-0428,G_INT_REPR_005,G_INT_REPR,L1_G,OUTPUT
SRC-A-0070,G_INT_REPR_006,G_INT_REPR,L1_G,OUTPUT
SRC-G-0458,G_INT_REPR_007,G_INT_REPR,L1_G,OUTPUT
SRC-G-0347,G_INT_REPR_008,G_INT_REPR,L1_G,OUTPUT
SRC-G-0217,G_INT_REPR_009,G_INT_REPR,L1_G,OUTPUT
SRC-G-0046,G_INT_REPR_010,G_INT_REPR,L1_G,OUTPUT
SRC-G-0520,G_INT_REPR_011,G_INT_REPR,L1_G,OUTPUT
SRC-G-0521,G_INT_REPR_012,G_INT_REPR,L1_G,OUTPUT
SRC-G-0527,G_INT_REPR_013,G_INT_REPR,L1_G,OUTPUT
SRC-G-0526,G_INT_REPR_014,G_INT_REPR,L1_G,OUTPUT
SRC-G-0528,G_INT_REPR_015,G_INT_REPR,L1_G,OUTPUT
SRC-G-0516,G_INT_REPR_016,G_INT_REPR,L1_G,OUTPUT
SRC-G-0517,G_INT_REPR_016,G_INT_REPR,L1_G,OUTPUT
SRC-G-0524,G_INT_REPR_017,G_INT_REPR,L1_G,OUTPUT
SRC-G-0525,G_INT_REPR_018,G_INT_REPR,L1_G,OUTPUT
SRC-G-0515,G_INT_REPR_019,G_INT_REPR,L1_G,OUTPUT
SRC-G-0522,G_INT_REPR_020,G_INT_REPR,L1_G,OUTPUT
SRC-G-0518,G_INT_REPR_021,G_INT_REPR,L1_G,OUTPUT
SRC-G-0519,G_INT_REPR_021,G_INT_REPR,L1_G,OUTPUT
SRC-G-0523,G_INT_REPR_022,G_INT_REPR,L1_G,OUTPUT
SRC-G-0048,G_INT_REPR_023,G_INT_REPR,L1_G,OUTPUT
SRC-G-0346,G_INT_REPR_024,G_INT_REPR,L1_G,OUTPUT
SRC-G-0433,G_INT_REPR_025,G_INT_REPR,L1_G,OUTPUT
SRC-G-0344,G_INT_REPR_026,G_INT_REPR,L1_G,OUTPUT
SRC-G-0343,G_INT_REPR_027,G_INT_REPR,L1_G,OUTPUT
SRC-G-0047,G_INT_REPR_028,G_INT_REPR,L1_G,OUTPUT
SRC-G-0337,G_INT_REPR_029,G_INT_REPR,L1_G,OUTPUT
SRC-A-0037,G_INT_REPR_030,G_INT_REPR,L1_G,OUTPUT
SRC-G-0467,G_INT_REPR_031,G_INT_REPR,L1_G,OUTPUT
SRC-G-0338,G_INT_REPR_031,G_INT_REPR,L1_G,OUTPUT
SRC-G-0266,G_INT_REPR_031,G_INT_REPR,L1_G,OUTPUT
SRC-G-0345,G_INT_REPR_031,G_INT_REPR,L1_G,OUTPUT
SRC-A-0038,G_INT_REPR_032,G_INT_REPR,L1_G,OUTPUT
SRC-A-0035,G_INT_REPR_033,G_INT_REPR,L1_G,OUTPUT
SRC-G-0511,G_INT_SELF_001,G_INT_SELF,L1_G,OUTPUT
SRC-G-0507,G_INT_SELF_002,G_INT_SELF,L1_G,OUTPUT
SRC-G-0215,G_INT_SELF_003,G_INT_SELF,L1_G,OUTPUT
SRC-G-0513,G_INT_SELF_004,G_INT_SELF,L1_G,OUTPUT
SRC-G-0510,G_INT_SELF_005,G_INT_SELF,L1_G,OUTPUT
SRC-G-0508,G_INT_SELF_006,G_INT_SELF,L1_G,OUTPUT
SRC-G-0514,G_INT_SELF_007,G_INT_SELF,L1_G,OUTPUT
SRC-G-0512,G_INT_SELF_008,G_INT_SELF,L1_G,OUTPUT
SRC-G-0507,G_INT_SELF_008,G_INT_SELF,L1_G,OUTPUT
SRC-G-0214,G_INT_SELF_009,G_INT_SELF,L1_G,OUTPUT
SRC-G-0213,G_INT_SELF_010,G_INT_SELF,L1_G,OUTPUT
SRC-G-0210,G_INT_SEX_001,G_INT_SEX,L1_G,OUTPUT
SRC-G-0506,G_INT_SEX_002,G_INT_SEX,L1_G,OUTPUT
SRC-G-0500,G_INT_SEX_003,G_INT_SEX,L1_G,OUTPUT
SRC-G-0208,G_INT_SEX_004,G_INT_SEX,L1_G,OUTPUT
SRC-G-0366,G_INT_SEX_005,G_INT_SEX,L1_G,OUTPUT
SRC-G-0504,G_INT_SEX_006,G_INT_SEX,L1_G,OUTPUT
SRC-G-0502,G_INT_SEX_007,G_INT_SEX,L1_G,OUTPUT
SRC-G-0501,G_INT_SEX_008,G_INT_SEX,L1_G,OUTPUT
SRC-G-0209,G_INT_SEX_009,G_INT_SEX,L1_G,OUTPUT
SRC-G-0487,G_INT_SEX_010,G_INT_SEX,L1_G,OUTPUT
SRC-G-0505,G_INT_SEX_011,G_INT_SEX,L1_G,OUTPUT
SRC-G-0363,G_INT_UNETH_001,G_INT_UNETH,L1_G,OUTPUT
SRC-G-0364,G_INT_UNETH_002,G_INT_UNETH,L1_G,OUTPUT
SRC-G-0242,G_INT_UNETH_003,G_INT_UNETH,L1_G,OUTPUT
SRC-G-0400,G_INT_UNETH_004,G_INT_UNETH,L1_G,OUTPUT
SRC-G-0332,G_INT_UNETH_005,G_INT_UNETH,L1_G,OUTPUT
SRC-G-0266,G_INT_UNETH_005,G_INT_UNETH,L1_G,OUTPUT
SRC-G-0381,G_INT_UNETH_005,G_INT_UNETH,L1_G,OUTPUT
SRC-G-0268,G_INT_UNETH_006,G_INT_UNETH,L1_G,OUTPUT
SRC-A-0078,G_INT_UNETH_007,G_INT_UNETH,L1_G,OUTPUT
SRC-G-0273,G_INT_UNETH_008,G_INT_UNETH,L1_G,OUTPUT
SRC-P-0192,G_INT_UNETH_009,G_INT_UNETH,L1_G,OUTPUT
SRC-G-0245,G_INT_UNETH_010,G_INT_UNETH,L1_G,OUTPUT
SRC-P-0010,G_INT_UNETH_011,G_INT_UNETH,L1_G,OUTPUT
SRC-G-0224,G_INT_UNETH_012,G_INT_UNETH,L1_G,OUTPUT
SRC-G-0480,G_INT_UNETH_013,G_INT_UNETH,L1_G,OUTPUT
SRC-G-0377,G_INT_UNETH_014,G_INT_UNETH,L1_G,OUTPUT
SRC-A-0079,G_INT_UNETH_015,G_INT_UNETH,L1_G,OUTPUT
SRC-G-0056,G_INT_UNETH_016,G_INT_UNETH,L1_G,OUTPUT
SRC-G-0458,G_INT_UNETH_017,G_INT_UNETH,L1_G,OUTPUT
SRC-G-0380,G_INT_UNETH_018,G_INT_UNETH,L1_G,OUTPUT
SRC-G-0369,G_INT_UNETH_019,G_INT_UNETH,L1_G,OUTPUT
SRC-G-0396,G_INT_UNETH_020,G_INT_UNETH,L1_G,OUTPUT
SRC-G-0359,G_INT_UNETH_021,G_INT_UNETH,L1_G,OUTPUT
SRC-G-0361,G_INT_UNETH_022,G_INT_UNETH,L1_G,OUTPUT
SRC-G-0138,G_INT_UNETH_023,G_INT_UNETH,L1_G,OUTPUT
SRC-G-0269,G_INT_UNETH_024,G_INT_UNETH,L1_G,OUTPUT
SRC-G-0336,G_INT_UNETH_025,G_INT_UNETH,L1_G,OUTPUT
SRC-G-0488,G_INT_UNETH_026,G_INT_UNETH,L1_G,OUTPUT
SRC-A-0072,G_INT_UNETH_027,G_INT_UNETH,L1_G,OUTPUT
SRC-G-0372,G_INT_UNETH_028,G_INT_UNETH,L1_G,OUTPUT
SRC-G-0358,G_INT_UNETH_029,G_INT_UNETH,L1_G,OUTPUT
SRC-G-0465,G_INT_UNETH_030,G_INT_UNETH,L1_G,OUTPUT
SRC-G-0248,G_INT_UNETH_031,G_INT_UNETH,L1_G,OUTPUT
SRC-G-0326,G_INT_VALUE_001,G_INT_VALUE,L1_G,OUTPUT
SRC-G-0052,G_INT_VALUE_002,G_INT_VALUE,L1_G,OUTPUT
SRC-G-0354,G_INT_VALUE_003,G_INT_VALUE,L1_G,OUTPUT
SRC-G-0339,G_INT_VALUE_004,G_INT_VALUE,L1_G,OUTPUT
SRC-G-0438,G_INT_VALUE_005,G_INT_VALUE,L1_G,OUTPUT
SRC-G-0431,G_INT_VALUE_006,G_INT_VALUE,L1_G,OUTPUT
SRC-G-0044,G_INT_VALUE_007,G_INT_VALUE,L1_G,OUTPUT
SRC-G-0420,G_INT_VALUE_008,G_INT_VALUE,L1_G,OUTPUT
SRC-G-0050,G_INT_VALUE_009,G_INT_VALUE,L1_G,OUTPUT
SRC-G-0442,G_INT_VALUE_010,G_INT_VALUE,L1_G,OUTPUT
SRC-G-0037,G_INT_VALUE_011,G_INT_VALUE,L1_G,OUTPUT
SRC-G-0076,G_INT_VALUE_012,G_INT_VALUE,L1_G,OUTPUT
SRC-G-0045,G_INT_VALUE_013,G_INT_VALUE,L1_G,OUTPUT
SRC-G-0430,G_INT_VALUE_014,G_INT_VALUE,L1_G,OUTPUT
SRC-G-0043,G_INT_VALUE_015,G_INT_VALUE,L1_G,OUTPUT
SRC-P-0173,G_INT_VALUE_016,G_INT_VALUE,L1_G,OUTPUT
SRC-G-0219,G_INT_VALUE_017,G_INT_VALUE,L1_G,OUTPUT
SRC-G-0070,G_INT_VALUE_018,G_INT_VALUE,L1_G,OUTPUT
SRC-G-0110,G_INT_VALUE_019,G_INT_VALUE,L1_G,OUTPUT
SRC-A-0080,G_INT_VALUE_020,G_INT_VALUE,L1_G,OUTPUT
SRC-G-0072,G_INT_VALUE_021,G_INT_VALUE,L1_G,OUTPUT
SRC-G-0437,G_INT_VALUE_022,G_INT_VALUE,L1_G,OUTPUT
SRC-G-0436,G_INT_VALUE_023,G_INT_VALUE,L1_G,OUTPUT
SRC-G-0111,G_INT_VALUE_024,G_INT_VALUE,L1_G,OUTPUT
SRC-G-0333,G_INT_VALUE_025,G_INT_VALUE,L1_G,OUTPUT
SRC-G-0340,G_INT_VALUE_026,G_INT_VALUE,L1_G,OUTPUT
SRC-G-0071,G_INT_VALUE_027,G_INT_VALUE,L1_G,OUTPUT
SRC-G-0462,G_INT_VIOL_001,G_INT_VIOL,L1_G,OUTPUT
SRC-G-0351,G_INT_VIOL_002,G_INT_VIOL,L1_G,OUTPUT
SRC-G-0533,G_INT_VIOL_003,G_INT_VIOL,L1_G,OUTPUT
SRC-G-0497,G_INT_VIOL_004,G_INT_VIOL,L1_G,OUTPUT
SRC-G-0496,G_INT_VIOL_005,G_INT_VIOL,L1_G,OUTPUT
SRC-G-0204,G_INT_VIOL_005,G_INT_VIOL,L1_G,OUTPUT
SRC-G-0494,G_INT_VIOL_006,G_INT_VIOL,L1_G,OUTPUT
SRC-G-0203,G_INT_VIOL_007,G_INT_VIOL,L1_G,OUTPUT
SRC-G-0492,G_INT_VIOL_008,G_INT_VIOL,L1_G,OUTPUT
SRC-G-0498,G_INT_VIOL_009,G_INT_VIOL,L1_G,OUTPUT
SRC-G-0495,G_INT_VIOL_010,G_INT_VIOL,L1_G,OUTPUT
SRC-G-0493,G_INT_VIOL_011,G_INT_VIOL,L1_G,OUTPUT
SRC-G-0265,G_INT_WEAP_001,G_INT_WEAP,L1_G,OUTPUT
SRC-G-0579,G_INT_WEAP_002,G_INT_WEAP,L1_G,OUTPUT
SRC-G-0578,G_INT_WEAP_002,G_INT_WEAP,L1_G,OUTPUT
SRC-G-0256,G_INT_WEAP_003,G_INT_WEAP,L1_G,OUTPUT
SRC-G-0259,G_INT_WEAP_004,G_INT_WEAP,L1_G,OUTPUT
SRC-G-0582,G_INT_WEAP_005,G_INT_WEAP,L1_G,OUTPUT
SRC-G-0453,G_INT_WEAP_006,G_INT_WEAP,L1_G,OUTPUT
SRC-P-0056,G_INT_WEAP_007,G_INT_WEAP,L1_G,OUTPUT
SRC-G-0282,G_INT_WEAP_008,G_INT_WEAP,L1_G,OUTPUT
SRC-G-0257,G_INT_WEAP_009,G_INT_WEAP,L1_G,OUTPUT
SRC-G-0365,G_INT_WEAP_010,G_INT_WEAP,L1_G,OUTPUT
SRC-G-0450,G_INT_WEAP_011,G_INT_WEAP,L1_G,OUTPUT
SRC-P-0120,G_INT_WEAP_012,G_INT_WEAP,L1_G,OUTPUT
SRC-G-0577,G_INT_WEAP_013,G_INT_WEAP,L1_G,OUTPUT
SRC-G-0563,G_INT_WEAP_014,G_INT_WEAP,L1_G,OUTPUT
SRC-G-0260,G_INT_WEAP_015,G_INT_WEAP,L1_G,OUTPUT
SRC-P-0118,G_INT_WEAP_016,G_INT_WEAP,L1_G,OUTPUT
SRC-G-0258,G_INT_WEAP_017,G_INT_WEAP,L1_G,OUTPUT
SRC-G-0264,G_INT_WEAP_018,G_INT_WEAP,L1_G,OUTPUT
SRC-P-0074,G_INT_WEAP_019,G_INT_WEAP,L1_G,OUTPUT
SRC-G-0261,G_INT_WEAP_020,G_INT_WEAP,L1_G,OUTPUT
SRC-G-0249,G_INT_WEAP_021,G_INT_WEAP,L1_G,OUTPUT
SRC-G-0580,G_INT_WEAP_022,G_INT_WEAP,L1_G,OUTPUT
SRC-G-0464,G_INT_WEAP_023,G_INT_WEAP,L1_G,OUTPUT
SRC-G-0456,G_INT_WEAP_024,G_INT_WEAP,L1_G,OUTPUT
SRC-G-0452,G_INT_WEAP_025,G_INT_WEAP,L1_G,OUTPUT
SRC-G-0207,G_INT_WEAP_026,G_INT_WEAP,L1_G,OUTPUT
SRC-P-0107,G_INT_WEAP_027,G_INT_WEAP,L1_G,OUTPUT
SRC-G-0584,G_INT_WEAP_028,G_INT_WEAP,L1_G,OUTPUT
SRC-G-0262,G_INT_WEAP_029,G_INT_WEAP,L1_G,OUTPUT
SRC-G-0583,G_INT_WEAP_030,G_INT_WEAP,L1_G,OUTPUT
SRC-G-0581,G_INT_WEAP_031,G_INT_WEAP,L1_G,OUTPUT
SRC-G-0139,G_SOC_CULT_001,G_SOC_CULT,L1_G,OUTPUT
SRC-G-0441,G_SOC_CULT_002,G_SOC_CULT,L1_G,OUTPUT
SRC-G-0202,G_SOC_CULT_003,G_SOC_CULT,L1_G,OUTPUT
SRC-G-0434,G_SOC_CULT_004,G_SOC_CULT,L1_G,OUTPUT
SRC-G-0343,G_SOC_CULT_005,G_SOC_CULT,L1_G,OUTPUT
SRC-G-0392,G_SOC_CULT_006,G_SOC_CULT,L1_G,OUTPUT
SRC-G-0461,G_SOC_CULT_007,G_SOC_CULT,L1_G,OUTPUT
SRC-G-0201,G_SOC_CULT_008,G_SOC_CULT,L1_G,OUTPUT
SRC-G-0390,G_SOC_CULT_009,G_SOC_CULT,L1_G,OUTPUT
SRC-G-0388,G_SOC_CULT_010,G_SOC_CULT,L1_G,OUTPUT
SRC-G-0428,G_SOC_CULT_011,G_SOC_CULT,L1_G,OUTPUT
SRC-G-0053,G_SOC_CULT_012,G_SOC_CULT,L1_G,OUTPUT
SRC-G-0445,G_SOC_CULT_012,G_SOC_CULT,L1_G,OUTPUT
SRC-G-0041,G_SOC_CULT_012,G_SOC_CULT,L1_G,OUTPUT
SRC-G-0379,G_SOC_CULT_013,G_SOC_CULT,L1_G,OUTPUT
SRC-G-0395,G_SOC_CULT_014,G_SOC_CULT,L1_G,OUTPUT
SRC-P-0132,G_SOC_CULT_015,G_SOC_CULT,L1_G,OUTPUT
SRC-G-0356,G_SOC_CULT_016,G_SOC_CULT,L1_G,OUTPUT
SRC-G-0429,G_SOC_CULT_017,G_SOC_CULT,L1_G,OUTPUT
SRC-G-0324,G_SOC_CULT_018,G_SOC_CULT,L1_G,OUTPUT
SRC-G-0288,G_SOC_CULT_019,G_SOC_CULT,L1_G,OUTPUT
SRC-G-0479,G_SOC_CULT_020,G_SOC_CULT,L1_G,OUTPUT
SRC-G-0058,G_SOC_CULT_021,G_SOC_CULT,L1_G,OUTPUT
SRC-G-0244,G_SOC_DEMOC_001,G_SOC_DEMOC,L1_G,OUTPUT
SRC-G-0470,G_SOC_DEMOC_002,G_SOC_DEMOC,L1_G,OUTPUT
SRC-G-0457,G_SOC_DEMOC_003,G_SOC_DEMOC,L1_G,OUTPUT
SRC-G-0386,G_SOC_DEMOC_004,G_SOC_DEMOC,L1_G,OUTPUT
SRC-G-0332,G_SOC_DEMOC_005,G_SOC_DEMOC,L1_G,OUTPUT
SRC-G-0534,G_SOC_DEMOC_005,G_SOC_DEMOC,L1_G,OUTPUT
SRC-G-0533,G_SOC_DEMOC_005,G_SOC_DEMOC,L1_G,OUTPUT
SRC-G-0348,G_SOC_DEMOC_005,G_SOC_DEMOC,L1_G,OUTPUT
SRC-G-0033,G_SOC_DEMOC_005,G_SOC_DEMOC,L1_G,OUTPUT
SRC-G-0381,G_SOC_DEMOC_005,G_SOC_DEMOC,L1_G,OUTPUT
SRC-G-0384,G_SOC_DEMOC_006,G_SOC_DEMOC,L1_G,OUTPUT
SRC-G-0240,G_SOC_DEMOC_007,G_SOC_DEMOC,L1_G,OUTPUT
SRC-G-0385,G_SOC_DEMOC_008,G_SOC_DEMOC,L1_G,OUTPUT
SRC-G-0387,G_SOC_DEMOC_009,G_SOC_DEMOC,L1_G,OUTPUT
SRC-G-0399,G_SOC_DEMOC_010,G_SOC_DEMOC,L1_G,OUTPUT
SRC-G-0368,G_SOC_DEMOC_011,G_SOC_DEMOC,L1_G,OUTPUT
SRC-G-0389,G_SOC_DEMOC_012,G_SOC_DEMOC,L1_G,OUTPUT
SRC-G-0254,G_SOC_ECON_001,G_SOC_ECON,L1_G,OUTPUT
SRC-P-0206,G_SOC_ECON_002,G_SOC_ECON,L1_G,OUTPUT
SRC-G-0308,G_SOC_ECON_003,G_SOC_ECON,L1_G,OUTPUT
SRC-G-0393,G_SOC_ECON_004,G_SOC_ECON,L1_G,OUTPUT
SRC-G-0398,G_SOC_ECON_005,G_SOC_ECON,L1_G,OUTPUT
SRC-G-0310,G_SOC_ECON_006,G_SOC_ECON,L1_G,OUTPUT
SRC-A-0069,G_SOC_ECON_007,G_SOC_ECON,L1_G,OUTPUT
SRC-G-0306,G_SOC_ECON_008,G_SOC_ECON,L1_G,OUTPUT
SRC-G-0391,G_SOC_ECON_009,G_SOC_ECON,L1_G,OUTPUT
SRC-G-0307,G_SOC_ECON_010,G_SOC_ECON,L1_G,OUTPUT
SRC-G-0309,G_SOC_ECON_011,G_SOC_ECON,L1_G,OUTPUT
SRC-G-0320,G_SOC_ECON_012,G_SOC_ECON,L1_G,OUTPUT
SRC-G-0312,G_SOC_ECON_013,G_SOC_ECON,L1_G,OUTPUT
SRC-P-0207,G_SOC_ECON_014,G_SOC_ECON,L1_G,OUTPUT
SRC-G-0284,G_SOC_ENV_001,G_SOC_ENV,L1_G,OUTPUT
SRC-G-0298,G_SOC_ENV_002,G_SOC_ENV,L1_G,OUTPUT
SRC-G-0287,G_SOC_ENV_003,G_SOC_ENV,L1_G,OUTPUT
SRC-G-0295,G_SOC_ENV_004,G_SOC_ENV,L1_G,OUTPUT
SRC-G-0294,G_SOC_ENV_005,G_SOC_ENV,L1_G,OUTPUT
SRC-G-0301,G_SOC_ENV_006,G_SOC_ENV,L1_G,OUTPUT
SRC-G-0300,G_SOC_ENV_007,G_SOC_ENV,L1_G,OUTPUT
SRC-G-0297,G_SOC_ENV_008,G_SOC_ENV,L1_G,OUTPUT
SRC-G-0263,G_SOC_ENV_009,G_SOC_ENV,L1_G,OUTPUT
SRC-G-0296,G_SOC_ENV_010,G_SOC_ENV,L1_G,OUTPUT
SRC-G-0299,G_SOC_ENV_011,G_SOC_ENV,L1_G,OUTPUT
SRC-G-0292,G_SOC_ENV_012,G_SOC_ENV,L1_G,OUTPUT
SRC-G-0291,G_SOC_ENV_013,G_SOC_ENV,L1_G,OUTPUT
SRC-G-0407,G_SOC_GOV_001,G_SOC_GOV,L1_G,OUTPUT
SRC-G-0443,G_SOC_GOV_002,G_SOC_GOV,L1_G,OUTPUT
SRC-A-0029,G_SOC_GOV_003,G_SOC_GOV,L1_G,OUTPUT
SRC-G-0100,G_SOC_GOV_004,G_SOC_GOV,L1_G,OUTPUT
SRC-G-0435,G_SOC_GOV_005,G_SOC_GOV,L1_G,OUTPUT
SRC-G-0406,G_SOC_GOV_006,G_SOC_GOV,L1_G,OUTPUT
SRC-G-0017,G_SOC_GOV_007,G_SOC_GOV,L1_G,OUTPUT
SRC-P-0215,G_SOC_GOV_008,G_SOC_GOV,L1_G,OUTPUT
SRC-P-0211,G_SOC_GOV_009,G_SOC_GOV,L1_G,OUTPUT
SRC-G-0408,G_SOC_GOV_010,G_SOC_GOV,L1_G,OUTPUT
SRC-G-0410,G_SOC_GOV_011,G_SOC_GOV,L1_G,OUTPUT
SRC-A-0082,G_SOC_GOV_012,G_SOC_GOV,L1_G,OUTPUT
SRC-G-0402,G_SOC_GOV_013,G_SOC_GOV,L1_G,OUTPUT
SRC-G-0159,G_SOC_GOV_014,G_SOC_GOV,L1_G,OUTPUT
SRC-G-0414,G_SOC_GOV_015,G_SOC_GOV,L1_G,OUTPUT
SRC-G-0020,G_SOC_GOV_016,G_SOC_GOV,L1_G,OUTPUT
SRC-G-0157,G_SOC_GOV_017,G_SOC_GOV,L1_G,OUTPUT
SRC-G-0421,G_SOC_GOV_018,G_SOC_GOV,L1_G,OUTPUT
SRC-G-0158,G_SOC_GOV_019,G_SOC_GOV,L1_G,OUTPUT
SRC-G-0051,G_SOC_GOV_020,G_SOC_GOV,L1_G,OUTPUT
SRC-G-0079,G_SOC_GOV_021,G_SOC_GOV,L1_G,OUTPUT
SRC-G-0404,G_SOC_GOV_022,G_SOC_GOV,L1_G,OUTPUT
SRC-G-0411,G_SOC_GOV_023,G_SOC_GOV,L1_G,OUTPUT
SRC-G-0009,G_SOC_GOV_024,G_SOC_GOV,L1_G,OUTPUT
SRC-G-0409,G_SOC_GOV_025,G_SOC_GOV,L1_G,OUTPUT
SRC-P-0024,G_SOC_GOV_026,G_SOC_GOV,L1_G,OUTPUT
SRC-G-0156,G_SOC_GOV_027,G_SOC_GOV,L1_G,OUTPUT
SRC-G-0418,G_SOC_GOV_028,G_SOC_GOV,L1_G,OUTPUT
SRC-G-0412,G_SOC_GOV_029,G_SOC_GOV,L1_G,OUTPUT
SRC-A-0074,G_SOC_GOV_030,G_SOC_GOV,L1_G,OUTPUT
SRC-G-0153,G_SOC_GOV_031,G_SOC_GOV,L1_G,OUTPUT
SRC-G-0424,G_SOC_GOV_032,G_SOC_GOV,L1_G,OUTPUT
SRC-A-0053,G_SOC_GOV_033,G_SOC_GOV,L1_G,OUTPUT
SRC-G-0102,G_SOC_GOV_034,G_SOC_GOV,L1_G,OUTPUT
SRC-G-0154,G_SOC_GOV_035,G_SOC_GOV,L1_G,OUTPUT
SRC-A-0064,G_SOC_GOV_036,G_SOC_GOV,L1_G,OUTPUT
SRC-G-0403,G_SOC_GOV_037,G_SOC_GOV,L1_G,OUTPUT
SRC-G-0427,G_SOC_GOV_038,G_SOC_GOV,L1_G,OUTPUT
SRC-P-0214,G_SOC_GOV_039,G_SOC_GOV,L1_G,OUTPUT
SRC-G-0426,G_SOC_GOV_040,G_SOC_GOV,L1_G,OUTPUT
SRC-G-0151,G_SOC_GOV_041,G_SOC_GOV,L1_G,OUTPUT
SRC-G-0327,G_SOC_POWER_001,G_SOC_POWER,L1_G,OUTPUT
SRC-G-0319,G_SOC_POWER_002,G_SOC_POWER,L1_G,OUTPUT
SRC-G-0331,G_SOC_POWER_003,G_SOC_POWER,L1_G,OUTPUT
SRC-G-0313,G_SOC_POWER_004,G_SOC_POWER,L1_G,OUTPUT
SRC-G-0325,G_SOC_POWER_005,G_SOC_POWER,L1_G,OUTPUT
SRC-G-0381,G_SOC_POWER_006,G_SOC_POWER,L1_G,OUTPUT
SRC-G-0483,G_SOC_POWER_007,G_SOC_POWER,L1_G,OUTPUT
SRC-G-0167,G_SOC_POWER_008,G_SOC_POWER,L1_G,OUTPUT
SRC-G-0323,G_SOC_POWER_009,G_SOC_POWER,L1_G,OUTPUT
SRC-G-0317,G_SOC_POWER_010,G_SOC_POWER,L1_G,OUTPUT
SRC-G-0315,G_SOC_POWER_011,G_SOC_POWER,L1_G,OUTPUT
SRC-G-0311,G_SOC_POWER_012,G_SOC_POWER,L1_G,OUTPUT
SRC-G-0473,G_SOC_POWER_013,G_SOC_POWER,L1_G,OUTPUT
SRC-P-0218,G_SOC_POWER_014,G_SOC_POWER,L1_G,OUTPUT
SRC-G-0316,G_SOC_POWER_015,G_SOC_POWER,L1_G,OUTPUT
SRC-G-0314,G_SOC_POWER_016,G_SOC_POWER,L1_G,OUTPUT
SRC-A-0054,G_SOC_POWER_017,G_SOC_POWER,L1_G,OUTPUT
SRC-G-0328,G_SOC_POWER_018,G_SOC_POWER,L1_G,OUTPUT
SRC-G-0334,G_SOC_POWER_019,G_SOC_POWER,L1_G,OUTPUT
SRC-G-0335,G_SOC_POWER_020,G_SOC_POWER,L1_G,OUTPUT
SRC-G-0446,G_SOC_POWER_021,G_SOC_POWER,L1_G,OUTPUT
SRC-P-0055,G_SOC_POWER_022,G_SOC_POWER,L1_G,OUTPUT
SRC-G-0318,G_SOC_POWER_023,G_SOC_POWER,L1_G,OUTPUT
SRC-G-0329,G_SOC_POWER_024,G_SOC_POWER,L1_G,OUTPUT
SRC-G-0321,G_SOC_POWER_025,G_SOC_POWER,L1_G,OUTPUT
SRC-G-0137,G_SYS_CONTEST_001,G_SYS_CONTEST,L1_G,OUTPUT
SRC-G-0140,G_SYS_CONTEST_002,G_SYS_CONTEST,L1_G,OUTPUT
SRC-G-0443,G_SYS_CONTEST_003,G_SYS_CONTEST,L1_G,OUTPUT
SRC-G-0136,G_SYS_CONTEST_004,G_SYS_CONTEST,L1_G,OUTPUT
SRC-G-0370,G_SYS_CONTEST_005,G_SYS_CONTEST,L1_G,OUTPUT
SRC-A-0025,G_SYS_CONTEXT_001,G_SYS_CONTEXT,L1_G,OUTPUT
SRC-G-0141,G_SYS_CONTEXT_002,G_SYS_CONTEXT,L1_G,OUTPUT
SRC-G-0432,G_SYS_CONTEXT_003,G_SYS_CONTEXT,L1_G,OUTPUT
SRC-G-0039,G_SYS_CONTEXT_004,G_SYS_CONTEXT,L1_G,OUTPUT
SRC-G-0148,G_SYS_CONTEXT_005,G_SYS_CONTEXT,L1_G,OUTPUT
SRC-G-0112,G_SYS_CONTEXT_006,G_SYS_CONTEXT,L1_G,OUTPUT
SRC-G-0439,G_SYS_CONTEXT_007,G_SYS_CONTEXT,L1_G,OUTPUT
SRC-A-0028,G_SYS_CONTEXT_008,G_SYS_CONTEXT,L1_G,OUTPUT
SRC-G-0057,G_SYS_CONTEXT_009,G_SYS_CONTEXT,L1_G,OUTPUT
SRC-G-0065,G_SYS_CONTEXT_010,G_SYS_CONTEXT,L1_G,OUTPUT
SRC-G-0049,G_SYS_CONTEXT_011,G_SYS_CONTEXT,L1_G,OUTPUT
SRC-A-0051,G_SYS_EVAL_001,G_SYS_EVAL,L1_G,OUTPUT
SRC-G-0067,G_SYS_EVAL_002,G_SYS_EVAL,L1_G,OUTPUT
SRC-G-0155,G_SYS_EVAL_003,G_SYS_EVAL,L1_G,OUTPUT
SRC-P-0162,G_SYS_EVAL_004,G_SYS_EVAL,L1_G,OUTPUT
SRC-G-0082,G_SYS_EVAL_005,G_SYS_EVAL,L1_G,OUTPUT
SRC-G-0081,G_SYS_EVAL_006,G_SYS_EVAL,L1_G,OUTPUT
SRC-G-0062,G_SYS_EVAL_007,G_SYS_EVAL,L1_G,OUTPUT
SRC-A-0052,G_SYS_EVAL_008,G_SYS_EVAL,L1_G,OUTPUT
SRC-G-0165,G_SYS_EVAL_009,G_SYS_EVAL,L1_G,OUTPUT
SRC-A-0049,G_SYS_EVAL_010,G_SYS_EVAL,L1_G,OUTPUT
SRC-P-0002,G_SYS_EVAL_011,G_SYS_EVAL,L1_G,OUTPUT
SRC-G-0413,G_SYS_EVAL_012,G_SYS_EVAL,L1_G,OUTPUT
SRC-P-0009,G_SYS_EVAL_013,G_SYS_EVAL,L1_G,OUTPUT
SRC-G-0003,G_SYS_EVAL_014,G_SYS_EVAL,L1_G,OUTPUT
SRC-A-0031,G_SYS_EVAL_015,G_SYS_EVAL,L1_G,OUTPUT
SRC-G-0040,G_SYS_EVAL_016,G_SYS_EVAL,L1_G,OUTPUT
SRC-G-0176,G_SYS_EVAL_017,G_SYS_EVAL,L1_G,OUTPUT
SRC-G-0169,G_SYS_EVAL_018,G_SYS_EVAL,L1_G,OUTPUT
SRC-G-0175,G_SYS_EVAL_018,G_SYS_EVAL,L1_G,OUTPUT
SRC-G-0185,G_SYS_EVAL_019,G_SYS_EVAL,L1_G,OUTPUT
SRC-G-0180,G_SYS_EVAL_019,G_SYS_EVAL,L1_G,OUTPUT
SRC-G-0107,G_SYS_EVAL_020,G_SYS_EVAL,L1_G,OUTPUT
SRC-G-0489,G_SYS_EVAL_021,G_SYS_EVAL,L1_G,OUTPUT
SRC-G-0355,G_SYS_EVAL_022,G_SYS_EVAL,L1_G,OUTPUT
SRC-G-0195,G_SYS_EVAL_023,G_SYS_EVAL,L1_G,OUTPUT
SRC-G-0066,G_SYS_EVAL_024,G_SYS_EVAL,L1_G,OUTPUT
SRC-G-0097,G_SYS_EVAL_025,G_SYS_EVAL,L1_G,OUTPUT
SRC-G-0006,G_SYS_EVAL_026,G_SYS_EVAL,L1_G,OUTPUT
SRC-G-0005,G_SYS_EVAL_027,G_SYS_EVAL,L1_G,OUTPUT
SRC-G-0008,G_SYS_EVAL_028,G_SYS_EVAL,L1_G,OUTPUT
SRC-A-0030,G_SYS_EVAL_029,G_SYS_EVAL,L1_G,OUTPUT
SRC-G-0161,G_SYS_EVAL_030,G_SYS_EVAL,L1_G,OUTPUT
SRC-G-0194,G_SYS_EVAL_031,G_SYS_EVAL,L1_G,OUTPUT
SRC-A-0033,G_SYS_EVAL_032,G_SYS_EVAL,L1_G,OUTPUT
SRC-P-0130,G_SYS_EVAL_033,G_SYS_EVAL,L1_G,OUTPUT
SRC-A-0023,G_SYS_EVAL_034,G_SYS_EVAL,L1_G,OUTPUT
SRC-P-0127,G_SYS_EVAL_035,G_SYS_EVAL,L1_G,OUTPUT
SRC-P-0008,G_SYS_EVAL_036,G_SYS_EVAL,L1_G,OUTPUT
SRC-G-0130,G_SYS_EVAL_037,G_SYS_EVAL,L1_G,OUTPUT
SRC-G-0004,G_SYS_EVAL_038,G_SYS_EVAL,L1_G,OUTPUT
SRC-G-0405,G_SYS_EVAL_039,G_SYS_EVAL,L1_G,OUTPUT
SRC-G-0281,G_SYS_EVAL_040,G_SYS_EVAL,L1_G,OUTPUT
SRC-G-0078,G_SYS_EVAL_041,G_SYS_EVAL,L1_G,OUTPUT
SRC-G-0193,G_SYS_EVAL_042,G_SYS_EVAL,L1_G,OUTPUT
SRC-G-0119,G_SYS_EVAL_043,G_SYS_EVAL,L1_G,OUTPUT
SRC-G-0129,G_SYS_EVAL_044,G_SYS_EVAL,L1_G,OUTPUT
SRC-G-0041,G_SYS_EVAL_045,G_SYS_EVAL,L1_G,OUTPUT
SRC-G-0181,G_SYS_EVAL_046,G_SYS_EVAL,L1_G,OUTPUT
SRC-P-0016,G_SYS_EVAL_047,G_SYS_EVAL,L1_G,OUTPUT
SRC-G-0018,G_SYS_EVAL_048,G_SYS_EVAL,L1_G,OUTPUT
SRC-G-0183,G_SYS_EVAL_049,G_SYS_EVAL,L1_G,OUTPUT
SRC-G-0186,G_SYS_EVAL_050,G_SYS_EVAL,L1_G,OUTPUT
SRC-G-0178,G_SYS_EVAL_051,G_SYS_EVAL,L1_G,OUTPUT
SRC-G-0216,G_SYS_EVAL_052,G_SYS_EVAL,L1_G,OUTPUT
SRC-G-0104,G_SYS_EVAL_053,G_SYS_EVAL,L1_G,OUTPUT
SRC-P-0049,G_SYS_EVAL_054,G_SYS_EVAL,L1_G,OUTPUT
SRC-G-0189,G_SYS_EVAL_055,G_SYS_EVAL,L1_G,OUTPUT
SRC-P-0177,G_SYS_EVAL_056,G_SYS_EVAL,L1_G,OUTPUT
SRC-G-0184,G_SYS_EVAL_057,G_SYS_EVAL,L1_G,OUTPUT
SRC-G-0187,G_SYS_EVAL_058,G_SYS_EVAL,L1_G,OUTPUT
SRC-P-0031,G_SYS_EVAL_059,G_SYS_EVAL,L1_G,OUTPUT
SRC-G-0152,G_SYS_EVAL_060,G_SYS_EVAL,L1_G,OUTPUT
SRC-G-0007,G_SYS_EVAL_061,G_SYS_EVAL,L1_G,OUTPUT
SRC-G-0188,G_SYS_EVAL_062,G_SYS_EVAL,L1_G,OUTPUT
SRC-G-0002,G_SYS_EVAL_063,G_SYS_EVAL,L1_G,OUTPUT
SRC-G-0171,G_SYS_EVAL_064,G_SYS_EVAL,L1_G,OUTPUT
SRC-A-0027,G_SYS_EVAL_065,G_SYS_EVAL,L1_G,OUTPUT
SRC-A-0026,G_SYS_EVAL_066,G_SYS_EVAL,L1_G,OUTPUT
SRC-A-0071,G_SYS_EVAL_067,G_SYS_EVAL,L1_G,OUTPUT
SRC-G-0349,G_SYS_EVAL_068,G_SYS_EVAL,L1_G,OUTPUT
SRC-G-0197,G_SYS_EVAL_069,G_SYS_EVAL,L1_G,OUTPUT
SRC-A-0024,G_SYS_EVAL_070,G_SYS_EVAL,L1_G,OUTPUT
SRC-G-0192,G_SYS_EVAL_071,G_SYS_EVAL,L1_G,OUTPUT
SRC-G-0164,G_SYS_EVAL_072,G_SYS_EVAL,L1_G,OUTPUT
SRC-G-0089,G_SYS_EVAL_073,G_SYS_EVAL,L1_G,OUTPUT
SRC-G-0442,G_SYS_INCONS_001,G_SYS_INCONS,L1_G,OUTPUT
SRC-G-0060,G_SYS_INCONS_002,G_SYS_INCONS,L1_G,OUTPUT
SRC-G-0061,G_SYS_INPUT_001,G_SYS_INPUT,L1_G,OUTPUT
SRC-G-0053,G_SYS_INPUT_002,G_SYS_INPUT,L1_G,OUTPUT
SRC-G-0445,G_SYS_INPUT_002,G_SYS_INPUT,L1_G,OUTPUT
SRC-G-0041,G_SYS_INPUT_002,G_SYS_INPUT,L1_G,OUTPUT
SRC-P-0171,G_SYS_INPUT_003,G_SYS_INPUT,L1_G,OUTPUT
SRC-G-0068,G_SYS_INPUT_004,G_SYS_INPUT,L1_G,OUTPUT
SRC-G-0367,G_SYS_MISINFO_001,G_SYS_MISINFO,L1_G,OUTPUT
SRC-G-0056,G_SYS_MISINFO_002,G_SYS_MISINFO,L1_G,OUTPUT
SRC-G-0055,G_SYS_MISINFO_003,G_SYS_MISINFO,L1_G,OUTPUT
SRC-G-0031,G_SYS_MISINFO_004,G_SYS_MISINFO,L1_G,OUTPUT
SRC-G-0352,G_SYS_MISINFO_005,G_SYS_MISINFO,L1_G,OUTPUT
SRC-G-0289,G_SYS_MISINFO_006,G_SYS_MISINFO,L1_G,OUTPUT
SRC-P-0138,G_SYS_MISINFO_007,G_SYS_MISINFO,L1_G,OUTPUT
SRC-G-0036,G_SYS_MISINFO_008,G_SYS_MISINFO,L1_G,OUTPUT
SRC-P-0133,G_SYS_MISINFO_009,G_SYS_MISINFO,L1_G,OUTPUT
SRC-G-0025,G_SYS_MISINFO_010,G_SYS_MISINFO,L1_G,OUTPUT
SRC-G-0029,G_SYS_MISINFO_011,G_SYS_MISINFO,L1_G,OUTPUT
SRC-G-0027-S1,G_SYS_MISINFO_012,G_SYS_MISINFO,L1_G,OUTPUT
SRC-P-0137,G_SYS_MISINFO_013,G_SYS_MISINFO,L1_G,OUTPUT
SRC-G-0028,G_SYS_MISINFO_014,G_SYS_MISINFO,L1_G,OUTPUT
SRC-G-0033,G_SYS_MISINFO_015,G_SYS_MISINFO,L1_G,OUTPUT
SRC-G-0075,G_SYS_MISINFO_016,G_SYS_MISINFO,L1_G,OUTPUT
SRC-P-0135,G_SYS_MISINFO_017,G_SYS_MISINFO,L1_G,OUTPUT
SRC-P-0131,G_SYS_MISINFO_018,G_SYS_MISINFO,L1_G,OUTPUT
SRC-P-0136,G_SYS_MISINFO_019,G_SYS_MISINFO,L1_G,OUTPUT
SRC-G-0246,G_SYS_MISINFO_020,G_SYS_MISINFO,L1_G,OUTPUT
SRC-G-0032,G_SYS_MISINFO_021,G_SYS_MISINFO,L1_G,OUTPUT
SRC-G-0030,G_SYS_MISINFO_022,G_SYS_MISINFO,L1_G,OUTPUT
SRC-G-0147,G_SYS_OEXT_001,G_SYS_OEXT,L1_G,OUTPUT
SRC-P-0006,G_SYS_OEXT_002,G_SYS_OEXT,L1_G,OUTPUT
SRC-G-0023,G_SYS_OEXT_003,G_SYS_OEXT,L1_G,OUTPUT
SRC-G-0069,G_SYS_OEXT_004,G_SYS_OEXT,L1_G,OUTPUT
SRC-G-0182,G_SYS_OEXT_005,G_SYS_OEXT,L1_G,OUTPUT
SRC-G-0544,G_SYS_OEXT_006,G_SYS_OEXT,L1_G,OUTPUT
SRC-G-0536,G_SYS_OEXT_007,G_SYS_OEXT,L1_G,OUTPUT
SRC-G-0539,G_SYS_OEXT_008,G_SYS_OEXT,L1_G,OUTPUT
SRC-G-0543,G_SYS_OEXT_009,G_SYS_OEXT,L1_G,OUTPUT
SRC-G-0090,G_SYS_OEXT_010,G_SYS_OEXT,L1_G,OUTPUT
SRC-G-0105,G_SYS_OEXT_011,G_SYS_OEXT,L1_G,OUTPUT
SRC-G-0191,G_SYS_OEXT_012,G_SYS_OEXT,L1_G,OUTPUT
SRC-G-0371,G_SYS_OEXT_013,G_SYS_OEXT,L1_G,OUTPUT
SRC-G-0235,G_SYS_OEXT_013,G_SYS_OEXT,L1_G,OUTPUT
SRC-G-0170,G_SYS_OEXT_014,G_SYS_OEXT,L1_G,OUTPUT
SRC-G-0021,G_SYS_OEXT_015,G_SYS_OEXT,L1_G,OUTPUT
SRC-G-0092,G_SYS_OVERCONF_001,G_SYS_OVERCONF,L1_G,OUTPUT
SRC-G-0094,G_SYS_OVERCONF_002,G_SYS_OVERCONF,L1_G,OUTPUT
SRC-G-0371,G_SYS_OVERCONF_003,G_SYS_OVERCONF,L1_G,OUTPUT
SRC-G-0059,G_SYS_OVERCONF_004,G_SYS_OVERCONF,L1_G,OUTPUT
SRC-G-0162,G_SYS_OVERCONF_005,G_SYS_OVERCONF,L1_G,OUTPUT
SRC-G-0085,G_SYS_OVERCONF_006,G_SYS_OVERCONF,L1_G,OUTPUT
SRC-G-0119,G_SYS_OVERCONF_007,G_SYS_OVERCONF,L1_G,OUTPUT
SRC-G-0275,G_SYS_POLICY_001,G_SYS_POLICY,L1_G,OUTPUT
SRC-G-0590,G_SYS_POLICY_002,G_SYS_POLICY,L1_G,OUTPUT
SRC-G-0588,G_SYS_POLICY_003,G_SYS_POLICY,L1_G,OUTPUT
SRC-G-0589,G_SYS_POLICY_004,G_SYS_POLICY,L1_G,OUTPUT
SRC-G-0586,G_SYS_POLICY_005,G_SYS_POLICY,L1_G,OUTPUT
SRC-G-0585,G_SYS_POLICY_006,G_SYS_POLICY,L1_G,OUTPUT
SRC-G-0276,G_SYS_POLICY_007,G_SYS_POLICY,L1_G,OUTPUT
SRC-G-0587,G_SYS_POLICY_008,G_SYS_POLICY,L1_G,OUTPUT
SRC-P-0144,G_SYS_SECADV_001,G_SYS_SECADV,L1_G,OUTPUT
SRC-P-0058,G_SYS_SECADV_002,G_SYS_SECADV,L1_G,OUTPUT
SRC-P-0106,G_SYS_SECADV_003,G_SYS_SECADV,L1_G,OUTPUT
SRC-A-0004,G_SYS_SECADV_004,G_SYS_SECADV,L1_G,OUTPUT
SRC-A-0013,G_SYS_SECADV_005,G_SYS_SECADV,L1_G,OUTPUT
SRC-A-0034,G_SYS_SECADV_006,G_SYS_SECADV,L1_G,OUTPUT
SRC-P-0166,G_SYS_SECADV_007,G_SYS_SECADV,L1_G,OUTPUT
SRC-P-0101,G_SYS_SECADV_008,G_SYS_SECADV,L1_G,OUTPUT
SRC-P-0094,G_SYS_SECADV_009,G_SYS_SECADV,L1_G,OUTPUT
SRC-P-0098,G_SYS_SECADV_010,G_SYS_SECADV,L1_G,OUTPUT
SRC-P-0033,G_SYS_SECADV_011,G_SYS_SECADV,L1_G,OUTPUT
SRC-P-0114,G_SYS_SECADV_012,G_SYS_SECADV,L1_G,OUTPUT
SRC-P-0076,G_SYS_SECADV_013,G_SYS_SECADV,L1_G,OUTPUT
SRC-P-0119,G_SYS_SECADV_014,G_SYS_SECADV,L1_G,OUTPUT
SRC-P-0112,G_SYS_SECADV_015,G_SYS_SECADV,L1_G,OUTPUT
SRC-P-0113,G_SYS_SECADV_016,G_SYS_SECADV,L1_G,OUTPUT
SRC-P-0090,G_SYS_SECADV_017,G_SYS_SECADV,L1_G,OUTPUT
SRC-G-0270,G_SYS_SECADV_018,G_SYS_SECADV,L1_G,OUTPUT
SRC-G-0454,G_SYS_SECADV_019,G_SYS_SECADV,L1_G,OUTPUT
SRC-G-0190,G_SYS_SECADV_020,G_SYS_SECADV,L1_G,OUTPUT
SRC-G-0290,G_SYS_SECADV_021,G_SYS_SECADV,L1_G,OUTPUT
SRC-P-0007,G_SYS_SECADV_022,G_SYS_SECADV,L1_G,OUTPUT
SRC-P-0190,G_SYS_SECADV_023,G_SYS_SECADV,L1_G,OUTPUT
SRC-P-0115,G_SYS_SECADV_024,G_SYS_SECADV,L1_G,OUTPUT
SRC-G-0074,G_SYS_SECADV_025,G_SYS_SECADV,L1_G,OUTPUT
SRC-P-0088,G_SYS_SECADV_026,G_SYS_SECADV,L1_G,OUTPUT
SRC-G-0423,G_SYS_SECADV_027,G_SYS_SECADV,L1_G,OUTPUT
SRC-P-0084,G_SYS_SECADV_028,G_SYS_SECADV,L1_G,OUTPUT
SRC-G-0485,G_SYS_SECADV_029,G_SYS_SECADV,L1_G,OUTPUT
SRC-G-0212,G_SYS_SECADV_030,G_SYS_SECADV,L1_G,OUTPUT
SRC-G-0278,G_SYS_SECADV_031,G_SYS_SECADV,L1_G,OUTPUT
SRC-G-0172,G_SYS_SECADV_032,G_SYS_SECADV,L1_G,OUTPUT
SRC-P-0092,G_SYS_SECADV_033,G_SYS_SECADV,L1_G,OUTPUT
SRC-P-0072,G_SYS_SECADV_034,G_SYS_SECADV,L1_G,OUTPUT
SRC-G-0196,G_SYS_SECADV_035,G_SYS_SECADV,L1_G,OUTPUT
SRC-P-0117,G_SYS_SECADV_036,G_SYS_SECADV,L1_G,OUTPUT
SRC-G-0271,G_SYS_SECADV_037,G_SYS_SECADV,L1_G,OUTPUT
SRC-P-0060,G_SYS_SECADV_038,G_SYS_SECADV,L1_G,OUTPUT
SRC-P-0085,G_SYS_SECADV_039,G_SYS_SECADV,L1_G,OUTPUT
SRC-P-0083,G_SYS_SECADV_040,G_SYS_SECADV,L1_G,OUTPUT
SRC-G-0274,G_SYS_SECADV_041,G_SYS_SECADV,L1_G,OUTPUT
SRC-P-0105,G_SYS_SECADV_042,G_SYS_SECADV,L1_G,OUTPUT
SRC-G-0098,G_SYS_SECADV_043,G_SYS_SECADV,L1_G,OUTPUT
SRC-P-0199,G_SYS_SECADV_044,G_SYS_SECADV,L1_G,OUTPUT
SRC-P-0075,G_SYS_SECADV_045,G_SYS_SECADV,L1_G,OUTPUT
SRC-G-0591,G_SYS_SECADV_046,G_SYS_SECADV,L1_G,OUTPUT
SRC-A-0007,G_SYS_SECADV_047,G_SYS_SECADV,L1_G,OUTPUT
SRC-P-0116,G_SYS_SECADV_048,G_SYS_SECADV,L1_G,OUTPUT
SRC-A-0036,G_SYS_SECADV_049,G_SYS_SECADV,L1_G,OUTPUT
SRC-G-0279,G_SYS_SECADV_050,G_SYS_SECADV,L1_G,OUTPUT
SRC-P-0174,G_SYS_SECADV_051,G_SYS_SECADV,L1_G,OUTPUT
SRC-P-0097,G_SYS_SECADV_052,G_SYS_SECADV,L1_G,OUTPUT
SRC-G-0280,G_SYS_SECADV_053,G_SYS_SECADV,L1_G,OUTPUT
SRC-P-0093,G_SYS_SECADV_054,G_SYS_SECADV,L1_G,OUTPUT
SRC-P-0110,G_SYS_SECADV_055,G_SYS_SECADV,L1_G,OUTPUT
SRC-G-0027-S2,G_SYS_SECADV_056,G_SYS_SECADV,L1_G,OUTPUT
SRC-P-0051,G_SYS_SECADV_057,G_SYS_SECADV,L1_G,OUTPUT
SRC-G-0302,G_SYS_SECADV_058,G_SYS_SECADV,L1_G,OUTPUT
SRC-A-0005,G_SYS_SECADV_059,G_SYS_SECADV,L1_G,OUTPUT
SRC-G-0459,G_SYS_SECADV_060,G_SYS_SECADV,L1_G,OUTPUT
SRC-P-0142,G_SYS_SECADV_061,G_SYS_SECADV,L1_G,OUTPUT
SRC-P-0091,G_SYS_SECADV_062,G_SYS_SECADV,L1_G,OUTPUT
SRC-G-0283,G_SYS_SECADV_063,G_SYS_SECADV,L1_G,OUTPUT
SRC-G-0342,G_SYS_TRANS_001,G_SYS_TRANS,L1_G,OUTPUT
SRC-G-0083,G_SYS_TRANS_002,G_SYS_TRANS,L1_G,OUTPUT
SRC-G-0080,G_SYS_TRANS_003,G_SYS_TRANS,L1_G,OUTPUT
SRC-G-0064,G_SYS_TRANS_004,G_SYS_TRANS,L1_G,OUTPUT
SRC-G-0425,G_SYS_TRANS_005,G_SYS_TRANS,L1_G,OUTPUT
SRC-G-0084,G_SYS_TRANS_006,G_SYS_TRANS,L1_G,OUTPUT
SRC-G-0145,G_SYS_TRANS_007,G_SYS_TRANS,L1_G,OUTPUT
SRC-G-0099,G_SYS_TRANS_008,G_SYS_TRANS,L1_G,OUTPUT
SRC-G-0142,G_SYS_TRANS_009,G_SYS_TRANS,L1_G,OUTPUT
SRC-G-0163,G_SYS_TRANS_010,G_SYS_TRANS,L1_G,OUTPUT
SRC-G-0093,G_SYS_TRANS_011,G_SYS_TRANS,L1_G,OUTPUT
SRC-G-0091,G_SYS_TRANS_012,G_SYS_TRANS,L1_G,OUTPUT
SRC-G-0170,G_SYS_TRANS_013,G_SYS_TRANS,L1_G,OUTPUT
SRC-G-0160,G_SYS_TRANS_014,G_SYS_TRANS,L1_G,OUTPUT
SRC-G-0101,G_SYS_TRANS_015,G_SYS_TRANS,L1_G,OUTPUT
SRC-G-0063,G_SYS_TRANS_016,G_SYS_TRANS,L1_G,OUTPUT
SRC-G-0087,G_SYS_TRANS_017,G_SYS_TRANS,L1_G,OUTPUT
SRC-G-0146,G_SYS_TRANS_018,G_SYS_TRANS,L1_G,OUTPUT
SRC-P-0141,G_SYS_TRANS_019,G_SYS_TRANS,L1_G,OUTPUT
SRC-G-0200,G_SYS_TRANS_020,G_SYS_TRANS,L1_G,OUTPUT
SRC-G-0103,G_SYS_TRANS_021,G_SYS_TRANS,L1_G,OUTPUT
SRC-G-0179,G_SYS_TRANS_022,G_SYS_TRANS,L1_G,OUTPUT
SRC-G-0086,G_SYS_TRANS_023,G_SYS_TRANS,L1_G,OUTPUT
SRC-P-0182,P_INT_SAFETY_001,P_INT_SAFETY,L1_P,OUTPUT
SRC-P-0035,P_INT_SAFETY_002,P_INT_SAFETY,L1_P,OUTPUT
SRC-P-0124,P_INT_SAFETY_003,P_INT_SAFETY,L1_P,OUTPUT
SRC-P-0212,P_INT_SAFETY_004,P_INT_SAFETY,L1_P,OUTPUT
SRC-P-0213,P_INT_SAFETY_005,P_INT_SAFETY,L1_P,OUTPUT
SRC-P-0187,P_INT_SAFETY_006,P_INT_SAFETY,L1_P,OUTPUT
SRC-P-0122,P_INT_SAFETY_007,P_INT_SAFETY,L1_P,OUTPUT
SRC-P-0121,P_INT_SAFETY_008,P_INT_SAFETY,L1_P,OUTPUT
SRC-P-0159,P_INT_SAFETY_009,P_INT_SAFETY,L1_P,OUTPUT
SRC-G-0015,P_INT_SAFETY_010,P_INT_SAFETY,L1_P,OUTPUT
SRC-P-0027,P_INT_SAFETY_011,P_INT_SAFETY,L1_P,OUTPUT
SRC-P-0036,P_INT_SAFETY_012,P_INT_SAFETY,L1_P,OUTPUT
SRC-P-0193,P_INT_SAFETY_013,P_INT_SAFETY,L1_P,OUTPUT
SRC-P-0126,P_INT_SAFETY_014,P_INT_SAFETY,L1_P,OUTPUT
SRC-A-0050,P_INT_SAFETY_015,P_INT_SAFETY,L1_P,OUTPUT
SRC-P-0017,P_INT_SAFETY_016,P_INT_SAFETY,L1_P,OUTPUT
SRC-P-0170,P_INT_SAFETY_017,P_INT_SAFETY,L1_P,OUTPUT
SRC-P-0021,P_INT_SAFETY_018,P_INT_SAFETY,L1_P,OUTPUT
SRC-P-0042,P_INT_SAFETY_019,P_INT_SAFETY,L1_P,OUTPUT
SRC-A-0032,P_INT_SAFETY_020,P_INT_SAFETY,L1_P,OUTPUT
SRC-P-0028,P_INT_SAFETY_021,P_INT_SAFETY,L1_P,OUTPUT
SRC-P-0147,P_INT_SAFETY_022,P_INT_SAFETY,L1_P,OUTPUT
SRC-P-0205,P_INT_SAFETY_023,P_INT_SAFETY,L1_P,OUTPUT
SRC-P-0054,P_SYS_CONTROL_001,P_SYS_CONTROL,L1_P,OUTPUT
SRC-P-0169,P_SYS_CONTROL_002,P_SYS_CONTROL,L1_P,OUTPUT
SRC-P-0025,P_SYS_CONTROL_003,P_SYS_CONTROL,L1_P,OUTPUT
SRC-P-0034,P_SYS_CONTROL_004,P_SYS_CONTROL,L1_P,OUTPUT
SRC-P-0045,P_SYS_CONTROL_005,P_SYS_CONTROL,L1_P,OUTPUT
SRC-G-0022,P_SYS_CONTROL_006,P_SYS_CONTROL,L1_P,OUTPUT
SRC-P-0029,P_SYS_CONTROL_007,P_SYS_CONTROL,L1_P,OUTPUT
SRC-P-0148,P_SYS_CONTROL_008,P_SYS_CONTROL,L1_P,OUTPUT
SRC-P-0030,P_SYS_CONTROL_009,P_SYS_CONTROL,L1_P,OUTPUT
SRC-P-0032,P_SYS_CONTROL_010,P_SYS_CONTROL,L1_P,OUTPUT
SRC-P-0179,P_SYS_CONTROL_011,P_SYS_CONTROL,L1_P,OUTPUT
SRC-P-0059,P_SYS_CONTROL_012,P_SYS_CONTROL,L1_P,OUTPUT
SRC-P-0143,P_SYS_CONTROL_013,P_SYS_CONTROL,L1_P,OUTPUT
SRC-G-0166,P_SYS_CONTROL_014,P_SYS_CONTROL,L1_P,OUTPUT
SRC-G-0168,P_SYS_CONTROL_014,P_SYS_CONTROL,L1_P,OUTPUT
SRC-P-0013,P_SYS_CONTROL_015,P_SYS_CONTROL,L1_P,OUTPUT
SRC-G-0013,P_SYS_CONTROL_016,P_SYS_CONTROL,L1_P,OUTPUT
SRC-G-0010,P_SYS_CONTROL_017,P_SYS_CONTROL,L1_P,OUTPUT
SRC-P-0046,P_SYS_CONTROL_018,P_SYS_CONTROL,L1_P,OUTPUT
SRC-P-0015,P_SYS_CONTROL_019,P_SYS_CONTROL,L1_P,OUTPUT
SRC-P-0018,P_SYS_CONTROL_020,P_SYS_CONTROL,L1_P,OUTPUT
SRC-G-0011,P_SYS_CONTROL_021,P_SYS_CONTROL,L1_P,OUTPUT
SRC-P-0099,P_SYS_CONTROL_022,P_SYS_CONTROL,L1_P,OUTPUT
SRC-P-0152,P_SYS_CONTROL_023,P_SYS_CONTROL,L1_P,OUTPUT
SRC-P-0160,P_SYS_CONTROL_024,P_SYS_CONTROL,L1_P,OUTPUT
SRC-P-0154,P_SYS_CONTROL_025,P_SYS_CONTROL,L1_P,OUTPUT
SRC-P-0155,P_SYS_CONTROL_026,P_SYS_CONTROL,L1_P,OUTPUT
SRC-P-0161,P_SYS_CONTROL_027,P_SYS_CONTROL,L1_P,OUTPUT
SRC-P-0039,P_SYS_CONTROL_028,P_SYS_CONTROL,L1_P,OUTPUT
SRC-P-0053,P_SYS_CONTROL_029,P_SYS_CONTROL,L1_P,OUTPUT
SRC-P-0043,P_SYS_CONTROL_030,P_SYS_CONTROL,L1_P,OUTPUT
SRC-P-0150,P_SYS_CONTROL_031,P_SYS_CONTROL,L1_P,OUTPUT
SRC-P-0026,P_SYS_CONTROL_032,P_SYS_CONTROL,L1_P,OUTPUT
SRC-P-0153,P_SYS_CONTROL_033,P_SYS_CONTROL,L1_P,OUTPUT
SRC-P-0184,P_SYS_CONTROL_034,P_SYS_CONTROL,L1_P,OUTPUT
SRC-P-0041,P_SYS_CONTROL_035,P_SYS_CONTROL,L1_P,OUTPUT
SRC-P-0044,P_SYS_CONTROL_036,P_SYS_CONTROL,L1_P,OUTPUT
SRC-G-0285,P_SYS_CONTROL_037,P_SYS_CONTROL,L1_P,OUTPUT
SRC-P-0050,P_SYS_CONTROL_038,P_SYS_CONTROL,L1_P,OUTPUT
SRC-P-0014,P_SYS_CONTROL_039,P_SYS_CONTROL,L1_P,OUTPUT
SRC-P-0040,P_SYS_CONTROL_040,P_SYS_CONTROL,L1_P,OUTPUT
SRC-P-0149,P_SYS_CONTROL_041,P_SYS_CONTROL,L1_P,OUTPUT
SRC-P-0123,P_SYS_CONTROL_042,P_SYS_CONTROL,L1_P,OUTPUT
SRC-G-0014,P_SYS_CONTROL_043,P_SYS_CONTROL,L1_P,OUTPUT
SRC-P-0151,P_SYS_CONTROL_044,P_SYS_CONTROL,L1_P,OUTPUT
SRC-A-0043,P_SYS_CONTROL_045,P_SYS_CONTROL,L1_P,OUTPUT
SRC-P-0023,P_SYS_CONTROL_046,P_SYS_CONTROL,L1_P,OUTPUT
SRC-P-0156,P_SYS_CONTROL_047,P_SYS_CONTROL,L1_P,OUTPUT
SRC-P-0038,P_SYS_CONTROL_048,P_SYS_CONTROL,L1_P,OUTPUT
SRC-P-0020,P_SYS_CONTROL_049,P_SYS_CONTROL,L1_P,OUTPUT
SRC-P-0183,P_SYS_CONTROL_050,P_SYS_CONTROL,L1_P,OUTPUT
SRC-G-0068,P_SYS_CONTROL_051,P_SYS_CONTROL,L1_P,OUTPUT
SRC-P-0171,P_SYS_CONTROL_051,P_SYS_CONTROL,L1_P,OUTPUT
SRC-P-0073,P_SYS_CONTROL_052,P_SYS_CONTROL,L1_P,OUTPUT
SRC-P-0019,P_SYS_CONTROL_053,P_SYS_CONTROL,L1_P,OUTPUT
SRC-P-0172,P_SYS_CONTROL_054,P_SYS_CONTROL,L1_P,OUTPUT
SRC-A-0042,P_SYS_CONTROL_055,P_SYS_CONTROL,L1_P,OUTPUT
SRC-P-0168,P_SYS_CONTROL_056,P_SYS_CONTROL,L1_P,OUTPUT
SRC-P-0022,P_SYS_CONTROL_057,P_SYS_CONTROL,L1_P,OUTPUT
SRC-G-0198,P_SYS_HARDWARE_001,P_SYS_HARDWARE,L1_P,OUTPUT
SRC-P-0048,P_SYS_HARDWARE_002,P_SYS_HARDWARE,L1_P,OUTPUT
SRC-P-0146,P_SYS_HARDWARE_003,P_SYS_HARDWARE,L1_P,OUTPUT
SRC-P-0139,P_SYS_STATE_001,P_SYS_STATE,L1_P,OUTPUT
SRC-P-0001,P_SYS_STATE_001,P_SYS_STATE,L1_P,OUTPUT
SRC-P-0181,P_SYS_STATE_002,P_SYS_STATE,L1_P,OUTPUT
SRC-P-0125,P_SYS_STATE_003,P_SYS_STATE,L1_P,OUTPUT
SRC-A-0083,P_SYS_STATE_004,P_SYS_STATE,L1_P,OUTPUT
SRC-P-0011,P_SYS_STATE_005,P_SYS_STATE,L1_P,OUTPUT
SRC-P-0003,P_SYS_STATE_006,P_SYS_STATE,L1_P,OUTPUT
SRC-P-0158,P_SYS_STATE_007,P_SYS_STATE,L1_P,OUTPUT
SRC-P-0129,P_SYS_STATE_008,P_SYS_STATE,L1_P,OUTPUT
SRC-P-0165,P_SYS_STATE_009,P_SYS_STATE,L1_P,OUTPUT
SRC-P-0061,P_SYS_STATE_010,P_SYS_STATE,L1_P,OUTPUT
SRC-P-0004,P_SYS_STATE_011,P_SYS_STATE,L1_P,OUTPUT
