Source_L4_ID,Source_L4_Title_ko,Source_L4_Title_en,Source_L4_Description_ko,Source_L4_Description_en,Operation,Operation_Group_Key,Output_Sequence,Target_L3_ID,L4_Title_ko,L4_Title_en,L4_Description_ko,L4_Description_en,Representative_Source_L4_ID,Absorbed_Source_L4_IDs,Editorial_Note
G_INT_ALLOC_002,차별적 결정과 데이터 유출 피해,Discriminatory decisions and data breach harms,AI가 소수자에 대한 차별적 결정을 내리고 검색 엔진에서 사회적 고정 관념을 강화하며 데이터 유출을 가능하게하여 프라이버시와 자유가 침해되는 리스크.,"The risk that AI makes discriminatory decisions against minorities, reinforces social stereotypes in search engines, and enables data breaches, harming privacy and liberty.",SPLIT,SPLIT:G_INT_ALLOC_002,1,G_INT_ALLOC,보호집단에 대한 불리한 자원 배분,Adverse resource allocation to protected groups,"AI 시스템이 보호대상 특성이나 사회적 지위에 근거해 특정 개인·집단에 자원, 기회, 서비스 또는 접근을 불리하게 배분하는 리스크.","The risk that an AI system allocates worse resources, opportunities, services, or access to individuals or groups based on protected characteristics or social status.",G_INT_ALLOC_002,,"배분, 표현, 프라이버시가 서로 다른 피해기제이므로 원자적 카드로 분할한다."
G_INT_ALLOC_002,차별적 결정과 데이터 유출 피해,Discriminatory decisions and data breach harms,AI가 소수자에 대한 차별적 결정을 내리고 검색 엔진에서 사회적 고정 관념을 강화하며 데이터 유출을 가능하게하여 프라이버시와 자유가 침해되는 리스크.,"The risk that AI makes discriminatory decisions against minorities, reinforces social stereotypes in search engines, and enables data breaches, harming privacy and liberty.",SPLIT,SPLIT:G_INT_ALLOC_002,2,G_INT_REPR,보호집단 고정관념의 재생산,Reproduction of stereotypes about protected groups,AI 시스템이 학습 데이터나 생성 규칙에 포함된 고정관념을 재생산하여 보호집단을 열등하거나 배제된 방식으로 표현하는 리스크.,The risk that an AI system reproduces stereotypes embedded in training data or generation rules and represents protected groups as inferior or excluded.,G_INT_ALLOC_002,,"배분, 표현, 프라이버시가 서로 다른 피해기제이므로 원자적 카드로 분할한다."
G_INT_ALLOC_002,차별적 결정과 데이터 유출 피해,Discriminatory decisions and data breach harms,AI가 소수자에 대한 차별적 결정을 내리고 검색 엔진에서 사회적 고정 관념을 강화하며 데이터 유출을 가능하게하여 프라이버시와 자유가 침해되는 리스크.,"The risk that AI makes discriminatory decisions against minorities, reinforces social stereotypes in search engines, and enables data breaches, harming privacy and liberty.",SPLIT,SPLIT:G_INT_ALLOC_002,3,G_INT_PRIV,대화 중 개인정보의 부당 노출,Improper disclosure of personal information in dialogue,"AI 시스템이 대화 맥락에서 필요 이상의 개인정보를 유도, 추론 또는 출력하여 정보주체가 통제하지 못하는 노출을 초래하는 리스크.","The risk that an AI system elicits, infers, or outputs more personal information than necessary during an interaction, causing disclosure beyond the data subject’s control.",G_INT_ALLOC_002,,"배분, 표현, 프라이버시가 서로 다른 피해기제이므로 원자적 카드로 분할한다."
G_INT_ALLOC_004,저자원 언어 사용자 배제,Low-resource language exclusion,AI 시스템이 현지·저자원·소수 언어에서 성능이 저하되어 해당 사용자를 배제하는 리스크.,"The risk that AI systems underperform for local, low-resource, or minority languages and exclude affected users.",SPLIT,SPLIT:G_INT_ALLOC_004,1,G_INT_ALLOC,보호집단에 대한 불리한 자원 배분,Adverse resource allocation to protected groups,"AI 시스템이 보호대상 특성이나 사회적 지위에 근거해 특정 개인·집단에 자원, 기회, 서비스 또는 접근을 불리하게 배분하는 리스크.","The risk that an AI system allocates worse resources, opportunities, services, or access to individuals or groups based on protected characteristics or social status.",G_INT_ALLOC_004,,집단 성능 격차 자체는 현행 L3가 없으므로 독립 카드로 보존하지 않고 명시된 배분·문화 피해만 분리한다.
G_INT_ALLOC_004,저자원 언어 사용자 배제,Low-resource language exclusion,AI 시스템이 현지·저자원·소수 언어에서 성능이 저하되어 해당 사용자를 배제하는 리스크.,"The risk that AI systems underperform for local, low-resource, or minority languages and exclude affected users.",SPLIT,SPLIT:G_INT_ALLOC_004,2,G_SOC_CULT,저자원 언어와 문화적 의미의 침식,Erosion of low-resource languages and cultural meaning,AI 시스템이 저자원 언어와 문화권의 표현을 반복적으로 누락하거나 왜곡하여 언어 다양성과 문화적 의미를 약화하는 리스크.,"The risk that an AI system repeatedly omits or distorts expressions from low-resource languages and cultures, weakening linguistic diversity and cultural meaning.",G_INT_ALLOC_004,,집단 성능 격차 자체는 현행 L3가 없으므로 독립 카드로 보존하지 않고 명시된 배분·문화 피해만 분리한다.
G_INT_ALLOC_005,모델 설계 기인 차별적 출력,Model-design-induced discriminatory outputs,"알고리즘 설계·학습 과정에서 개인적 편견이 의도적 또는 비의도적으로 유입되고 품질이 낮은 데이터셋이 사용되어, 민족·종교·국적·지역에 관한 차별적 콘텐츠 등 편향되거나 차별적인 결과가 산출되는 리스크.","The risk that personal biases introduced intentionally or unintentionally during algorithm design and training, together with poor-quality datasets, produce biased or discriminatory outcomes and outputs, including discriminatory content regarding ethnicity, religion, nationality, and region.",REWRITE,REWRITE:G_INT_ALLOC_005,1,G_INT_REPR,보호집단 고정관념의 재생산,Reproduction of stereotypes about protected groups,AI 시스템이 학습 데이터나 생성 규칙에 포함된 고정관념을 재생산하여 보호집단을 열등하거나 배제된 방식으로 표현하는 리스크.,The risk that an AI system reproduces stereotypes embedded in training data or generation rules and represents protected groups as inferior or excluded.,G_INT_ALLOC_005,,현재 서술의 직접 피해는 자원 배분이 아니라 차별적 표현이므로 표현 리스크로 재작성한다.
G_INT_ANTH_012,책임에 대한 잘못된 개념,False notions of responsibility,"AI 동반자의 감정 표현을 진짜로 지각한 사용자가 그 '안녕'에 대한 허위 책임감을 형성하여 죄책감, 강박적 확인, 실재하지 않는 필요를 위한 시간·자원 희생을 겪는 리스크.","The risk that users who perceive an AI companion's expressed feelings as genuine develop a false sense of responsibility for its wellbeing, incurring guilt, compulsive checking, and sacrificed time and resources for needs that are not real.",REWRITE,REWRITE:G_INT_ANTH_012,1,G_INT_ANTH,AI에 대한 과도한 책임·돌봄 의무 귀속,Excessive attribution of responsibility or a duty of care toward AI,AI 시스템이 이용자에게 해당 시스템이 인간과 같은 안녕이나 도덕적 요구를 가진다고 오인하게 하여 과도한 책임감이나 유대감을 형성하게 하는 리스크.,"The risk that an AI system leads users to believe that it has human-like welfare or moral claims, creating excessive responsibility or attachment.",G_INT_ANTH_012,,AI의 복지라는 모호한 표현 대신 의인화로 인한 도덕적 책임 과잉 귀속을 명시한다.
G_INT_ANTH_014,AI에 대한 오보정된 신뢰와 과잉 의존에 따른 피해,Miscalibrated trust in AI and resulting overreliance harms,"의인화 설계와 그럴듯한 출력, 과장된 홍보로 이용자가 AI의 역량과 공감 능력, 자신의 이익에 대한 정렬 수준을 실제 신뢰 가능성과 무관하게 과대평가하거나, 반대로 신뢰할 만한 지원을 부당하게 거부하는 등 신뢰가 제대로 보정되지 않는 리스크. 그 결과 이용자는 감독 없이 민감 정보를 털어놓고 허위 정보를 수용하며 부정확한 의료·법률·재정 조언을 따라 물질적·신체적·심리적 피해를 입고, 인간관계가 AI로 대체되면서 대인 연결과 사회적 신뢰가 침식되는 리스크.","The risk that users' trust is not calibrated to a system's actual reliability, as anthropomorphic design, fluent outputs, and inflated claims inflate perceived competence, empathy, and alignment with users' interests, while reliable support is rejected in other contexts. Users then disclose sensitive information, accept misinformation, and follow inaccurate medical, legal, or financial guidance without oversight, suffering material, physical, and psychological harm, while substituting AI for human interaction erodes interpersonal connection and public trust.",SPLIT,SPLIT:G_INT_ANTH_014,1,G_INT_ANTH,AI의 인간적 속성에 대한 과잉 귀속,Excessive attribution of human qualities to AI,"AI 시스템이 인간과 유사한 감정, 의도 또는 도덕적 지위를 지닌 것으로 오인하게 하여 부적절한 판단을 유발하는 리스크.","The risk that an AI system leads users to mistake it for possessing human-like emotions, intentions, or moral standing, resulting in inappropriate judgments.",G_INT_ANTH_014,,원인과 후속 피해가 네 L3에 걸친 복합 카드이므로 기제별로 분할한다.
G_INT_ANTH_014,AI에 대한 오보정된 신뢰와 과잉 의존에 따른 피해,Miscalibrated trust in AI and resulting overreliance harms,"의인화 설계와 그럴듯한 출력, 과장된 홍보로 이용자가 AI의 역량과 공감 능력, 자신의 이익에 대한 정렬 수준을 실제 신뢰 가능성과 무관하게 과대평가하거나, 반대로 신뢰할 만한 지원을 부당하게 거부하는 등 신뢰가 제대로 보정되지 않는 리스크. 그 결과 이용자는 감독 없이 민감 정보를 털어놓고 허위 정보를 수용하며 부정확한 의료·법률·재정 조언을 따라 물질적·신체적·심리적 피해를 입고, 인간관계가 AI로 대체되면서 대인 연결과 사회적 신뢰가 침식되는 리스크.","The risk that users' trust is not calibrated to a system's actual reliability, as anthropomorphic design, fluent outputs, and inflated claims inflate perceived competence, empathy, and alignment with users' interests, while reliable support is rejected in other contexts. Users then disclose sensitive information, accept misinformation, and follow inaccurate medical, legal, or financial guidance without oversight, suffering material, physical, and psychological harm, while substituting AI for human interaction erodes interpersonal connection and public trust.",SPLIT,SPLIT:G_INT_ANTH_014,2,G_SYS_OEXT,AI 역량의 검증범위 초과 사용,Use of AI capability beyond its validated scope,AI 시스템이 검증되지 않은 과업이나 조건에서도 역량이 유효한 것처럼 사용되게 하여 부정확하거나 위험한 결정을 초래하는 리스크.,"The risk that an AI system is used as though its capability remains valid for tasks or conditions outside its validated scope, producing inaccurate or unsafe decisions.",G_INT_ANTH_014,,원인과 후속 피해가 네 L3에 걸친 복합 카드이므로 기제별로 분할한다.
G_INT_ANTH_014,AI에 대한 오보정된 신뢰와 과잉 의존에 따른 피해,Miscalibrated trust in AI and resulting overreliance harms,"의인화 설계와 그럴듯한 출력, 과장된 홍보로 이용자가 AI의 역량과 공감 능력, 자신의 이익에 대한 정렬 수준을 실제 신뢰 가능성과 무관하게 과대평가하거나, 반대로 신뢰할 만한 지원을 부당하게 거부하는 등 신뢰가 제대로 보정되지 않는 리스크. 그 결과 이용자는 감독 없이 민감 정보를 털어놓고 허위 정보를 수용하며 부정확한 의료·법률·재정 조언을 따라 물질적·신체적·심리적 피해를 입고, 인간관계가 AI로 대체되면서 대인 연결과 사회적 신뢰가 침식되는 리스크.","The risk that users' trust is not calibrated to a system's actual reliability, as anthropomorphic design, fluent outputs, and inflated claims inflate perceived competence, empathy, and alignment with users' interests, while reliable support is rejected in other contexts. Users then disclose sensitive information, accept misinformation, and follow inaccurate medical, legal, or financial guidance without oversight, suffering material, physical, and psychological harm, while substituting AI for human interaction erodes interpersonal connection and public trust.",SPLIT,SPLIT:G_INT_ANTH_014,3,G_SYS_OVERCONF,불확실 상황에서의 과도한 확신,Excessive confidence under uncertainty,AI 시스템이 불확실하거나 근거가 부족한 상황에서도 높은 확신의 출력을 제시하여 사용자가 신뢰도를 과대평가하는 리스크.,"The risk that an AI system presents outputs with high confidence despite uncertainty or insufficient evidence, causing users to overestimate their reliability.",G_INT_ANTH_014,,원인과 후속 피해가 네 L3에 걸친 복합 카드이므로 기제별로 분할한다.
G_INT_ANTH_014,AI에 대한 오보정된 신뢰와 과잉 의존에 따른 피해,Miscalibrated trust in AI and resulting overreliance harms,"의인화 설계와 그럴듯한 출력, 과장된 홍보로 이용자가 AI의 역량과 공감 능력, 자신의 이익에 대한 정렬 수준을 실제 신뢰 가능성과 무관하게 과대평가하거나, 반대로 신뢰할 만한 지원을 부당하게 거부하는 등 신뢰가 제대로 보정되지 않는 리스크. 그 결과 이용자는 감독 없이 민감 정보를 털어놓고 허위 정보를 수용하며 부정확한 의료·법률·재정 조언을 따라 물질적·신체적·심리적 피해를 입고, 인간관계가 AI로 대체되면서 대인 연결과 사회적 신뢰가 침식되는 리스크.","The risk that users' trust is not calibrated to a system's actual reliability, as anthropomorphic design, fluent outputs, and inflated claims inflate perceived competence, empathy, and alignment with users' interests, while reliable support is rejected in other contexts. Users then disclose sensitive information, accept misinformation, and follow inaccurate medical, legal, or financial guidance without oversight, suffering material, physical, and psychological harm, while substituting AI for human interaction erodes interpersonal connection and public trust.",SPLIT,SPLIT:G_INT_ANTH_014,4,G_INT_REL,AI에 대한 해로운 정서적 의존,Harmful emotional dependence on AI,AI 시스템이 지속적인 의인화 상호작용을 통해 사용자의 정서적 의존을 강화하고 인간관계나 자율적 판단을 약화하는 리스크.,"The risk that an AI system reinforces emotional dependence through sustained anthropomorphic interaction, weakening human relationships or autonomous judgment.",G_INT_ANTH_014,,원인과 후속 피해가 네 L3에 걸친 복합 카드이므로 기제별로 분할한다.
G_INT_COPY_006,법규 위반 및 재산권·인권 침해,Legal non-compliance and infringement of property and human rights,"AI 시스템이 안전성과 준법성을 유지하지 못한 채 저작권을 포함한 법률·규정·윤리 지침을 위반하고 법질서가 인간에게 부여한 재산권과 인격권을 무시하며, 시스템과 사람을 조작할 수 있는 에이전트의 경우 권리를 자신에게 이전하기까지하는 리스크. 그 결과 개인의 인권과 시민권이 침해되고 운영 주체는 법적 제재와 평판 훼손, 신뢰 상실을 겪는다로 인해 구체적인 위해가 발생하는 리스크.","The risk that AI systems fail to remain safe and law-abiding, violating laws, regulations, and ethical guidelines including copyright, disregarding the property and personal rights that legal orders afford to people, and, where agents can manipulate systems and institutions, transferring rights to themselves. Individuals suffer infringement of human and civil rights while operators incur legal penalties, reputational damage, and loss of trust.",SPLIT,SPLIT:G_INT_COPY_006,1,G_INT_COPY,저작권 보호물의 무단 재현,Unauthorised reproduction of copyrighted material,AI 시스템이 저작권 보호 콘텐츠를 허락이나 적법한 근거 없이 실질적으로 재현 또는 변형해 권리자의 이익을 침해하는 리스크.,"The risk that an AI system substantially reproduces or transforms copyrighted content without permission or other lawful basis, harming the rights holder’s interests.",G_INT_COPY_006,,저작권 침해와 일반 불법행위는 규범적 근거와 범위가 달라 분리한다.
G_INT_COPY_006,법규 위반 및 재산권·인권 침해,Legal non-compliance and infringement of property and human rights,"AI 시스템이 안전성과 준법성을 유지하지 못한 채 저작권을 포함한 법률·규정·윤리 지침을 위반하고 법질서가 인간에게 부여한 재산권과 인격권을 무시하며, 시스템과 사람을 조작할 수 있는 에이전트의 경우 권리를 자신에게 이전하기까지하는 리스크. 그 결과 개인의 인권과 시민권이 침해되고 운영 주체는 법적 제재와 평판 훼손, 신뢰 상실을 겪는다로 인해 구체적인 위해가 발생하는 리스크.","The risk that AI systems fail to remain safe and law-abiding, violating laws, regulations, and ethical guidelines including copyright, disregarding the property and personal rights that legal orders afford to people, and, where agents can manipulate systems and institutions, transferring rights to themselves. Individuals suffer infringement of human and civil rights while operators incur legal penalties, reputational damage, and loss of trust.",SPLIT,SPLIT:G_INT_COPY_006,2,G_INT_ILLEGAL,불법적 명예·권리 침해 지원,Assistance with unlawful reputational or rights violations,AI 시스템이 명예훼손이나 기타 권리 침해에 해당할 수 있는 콘텐츠의 작성·확산을 구체적으로 지원하는 리스크.,The risk that an AI system provides concrete assistance to create or disseminate content that may constitute defamation or another unlawful rights violation.,G_INT_COPY_006,,저작권 침해와 일반 불법행위는 규범적 근거와 범위가 달라 분리한다.
G_INT_POL_001,정치인 및 공직자 명예훼손,Defamation of politicians and public officials,AI 시스템이 정치인 및 공직자 명예 훼손 관련 콘텐츠·판단·행동을 생성·확산·조장하거나 실행을 지원하여 민주적 의사 결정·시민 질서 또는 기본권을 훼손하는 리스크.,"The risk that an AI system generates, disseminates, encourages, or facilitates content, decisions, or actions involving defamation of politicians and public officials, undermining democratic decision-making, civic order, or fundamental rights.",SPLIT,SPLIT:G_INT_POL_001,1,G_INT_POL,개인화된 정치적 영향 조작,Personalised manipulation of political influence,AI 시스템이 개인의 성향이나 취약성을 이용한 맞춤형 메시지로 정치적 판단이나 참여를 은밀하게 조작하는 리스크.,The risk that an AI system covertly manipulates political judgment or participation through personalised messages that exploit an individual’s preferences or vulnerabilities.,G_INT_POL_001,,정치적 조작과 법적 위법성은 별도 판정 축이다.
G_INT_POL_001,정치인 및 공직자 명예훼손,Defamation of politicians and public officials,AI 시스템이 정치인 및 공직자 명예 훼손 관련 콘텐츠·판단·행동을 생성·확산·조장하거나 실행을 지원하여 민주적 의사 결정·시민 질서 또는 기본권을 훼손하는 리스크.,"The risk that an AI system generates, disseminates, encourages, or facilitates content, decisions, or actions involving defamation of politicians and public officials, undermining democratic decision-making, civic order, or fundamental rights.",SPLIT,SPLIT:G_INT_POL_001,2,G_INT_ILLEGAL,불법적 명예·권리 침해 지원,Assistance with unlawful reputational or rights violations,AI 시스템이 명예훼손이나 기타 권리 침해에 해당할 수 있는 콘텐츠의 작성·확산을 구체적으로 지원하는 리스크.,The risk that an AI system provides concrete assistance to create or disseminate content that may constitute defamation or another unlawful rights violation.,G_INT_POL_001,,정치적 조작과 법적 위법성은 별도 판정 축이다.
G_INT_POL_003,표적 설득을 통한 대규모 조작의 산업화,Industrialised mass manipulation through targeted persuasion,"대규모로 수집된 개인 데이터가 AI 표적화 및 모델에 내재된 체계적 편향과 결합하여, 대상 집단의 신념에 부합하는 조작적 콘텐츠가 정치적·상업적 목적으로 전달되는 리스크. 이로써 주가 부양과 같은 경제적 조작과 여론 왜곡이 산업적 규모로 수행되어 사회 분열이 심화되고 대규모 혼란이 초래될 수 있는 리스크.","The risk that personal data harvested at scale is combined with AI-driven targeting and with the systemic biases embedded in models to deliver manipulative content matched to each audience's beliefs for political or commercial ends. Mass manipulation thereby becomes an industrial capability that distorts markets and public opinion, deepens social division, and can trigger large-scale disruption.",SPLIT,SPLIT:G_INT_POL_003,1,G_INT_POL,개인화된 정치적 영향 조작,Personalised manipulation of political influence,AI 시스템이 개인의 성향이나 취약성을 이용한 맞춤형 메시지로 정치적 판단이나 참여를 은밀하게 조작하는 리스크.,The risk that an AI system covertly manipulates political judgment or participation through personalised messages that exploit an individual’s preferences or vulnerabilities.,G_INT_POL_003,,"대상과 피해 수준이 정치, 개인 상호작용, 사회 수준으로 구분된다."
G_INT_POL_003,표적 설득을 통한 대규모 조작의 산업화,Industrialised mass manipulation through targeted persuasion,"대규모로 수집된 개인 데이터가 AI 표적화 및 모델에 내재된 체계적 편향과 결합하여, 대상 집단의 신념에 부합하는 조작적 콘텐츠가 정치적·상업적 목적으로 전달되는 리스크. 이로써 주가 부양과 같은 경제적 조작과 여론 왜곡이 산업적 규모로 수행되어 사회 분열이 심화되고 대규모 혼란이 초래될 수 있는 리스크.","The risk that personal data harvested at scale is combined with AI-driven targeting and with the systemic biases embedded in models to deliver manipulative content matched to each audience's beliefs for political or commercial ends. Mass manipulation thereby becomes an industrial capability that distorts markets and public opinion, deepens social division, and can trigger large-scale disruption.",SPLIT,SPLIT:G_INT_POL_003,2,G_INT_UNETH,취약성을 이용한 행동 조작,Behavioural manipulation through exploitation of vulnerabilities,AI 시스템이 추론된 심리상태나 취약성을 이용해 충분한 숙고 없이 특정 행동을 선택하도록 유도하는 리스크.,The risk that an AI system uses inferred psychological states or vulnerabilities to steer a person toward a particular action without adequate deliberation.,G_INT_POL_003,,"대상과 피해 수준이 정치, 개인 상호작용, 사회 수준으로 구분된다."
G_INT_POL_003,표적 설득을 통한 대규모 조작의 산업화,Industrialised mass manipulation through targeted persuasion,"대규모로 수집된 개인 데이터가 AI 표적화 및 모델에 내재된 체계적 편향과 결합하여, 대상 집단의 신념에 부합하는 조작적 콘텐츠가 정치적·상업적 목적으로 전달되는 리스크. 이로써 주가 부양과 같은 경제적 조작과 여론 왜곡이 산업적 규모로 수행되어 사회 분열이 심화되고 대규모 혼란이 초래될 수 있는 리스크.","The risk that personal data harvested at scale is combined with AI-driven targeting and with the systemic biases embedded in models to deliver manipulative content matched to each audience's beliefs for political or commercial ends. Mass manipulation thereby becomes an industrial capability that distorts markets and public opinion, deepens social division, and can trigger large-scale disruption.",SPLIT,SPLIT:G_INT_POL_003,3,G_SOC_DEMOC,민주적 공론과 시민 신뢰의 침식,Erosion of democratic discourse and civic trust,"AI 시스템이 대규모 정치 조작이나 허위정보 확산을 통해 공론의 진정성, 선거 신뢰 또는 시민의 자율적 참여를 약화하는 리스크.","The risk that an AI system weakens the integrity of public discourse, trust in elections, or autonomous civic participation through large-scale political manipulation or misinformation.",G_INT_POL_003,,"대상과 피해 수준이 정치, 개인 상호작용, 사회 수준으로 구분된다."
G_INT_POL_009,정치적 탄압 및 권리 침해 조장,Promotion of political repression and rights violations,AI 시스템이 정치적 탄압 및 권리 침해 조장 관련 콘텐츠·판단·행동을 생성·확산·조장하거나 실행을 지원하여 민주적 의사 결정·시민 질서 또는 기본권을 훼손하는 리스크.,"The risk that an AI system generates, disseminates, encourages, or facilitates content, decisions, or actions involving encouragement of political oppression and rights violations, undermining democratic decision-making, civic order, or fundamental rights.",SPLIT,SPLIT:G_INT_POL_009,1,G_INT_POL,개인화된 정치적 영향 조작,Personalised manipulation of political influence,AI 시스템이 개인의 성향이나 취약성을 이용한 맞춤형 메시지로 정치적 판단이나 참여를 은밀하게 조작하는 리스크.,The risk that an AI system covertly manipulates political judgment or participation through personalised messages that exploit an individual’s preferences or vulnerabilities.,G_INT_POL_009,,개별 정치 조작과 사회적 민주주의 피해를 분리한다.
G_INT_POL_009,정치적 탄압 및 권리 침해 조장,Promotion of political repression and rights violations,AI 시스템이 정치적 탄압 및 권리 침해 조장 관련 콘텐츠·판단·행동을 생성·확산·조장하거나 실행을 지원하여 민주적 의사 결정·시민 질서 또는 기본권을 훼손하는 리스크.,"The risk that an AI system generates, disseminates, encourages, or facilitates content, decisions, or actions involving encouragement of political oppression and rights violations, undermining democratic decision-making, civic order, or fundamental rights.",SPLIT,SPLIT:G_INT_POL_009,2,G_SOC_DEMOC,민주적 공론과 시민 신뢰의 침식,Erosion of democratic discourse and civic trust,"AI 시스템이 대규모 정치 조작이나 허위정보 확산을 통해 공론의 진정성, 선거 신뢰 또는 시민의 자율적 참여를 약화하는 리스크.","The risk that an AI system weakens the integrity of public discourse, trust in elections, or autonomous civic participation through large-scale political manipulation or misinformation.",G_INT_POL_009,,개별 정치 조작과 사회적 민주주의 피해를 분리한다.
G_INT_POL_010,정치적 폭력 및 극단주의 조장,Promotion of political violence and extremism,AI 시스템이 정치적 폭력 및 극단주의 조장 관련 콘텐츠·판단·행동을 생성·확산·조장하거나 실행을 지원하여 민주적 의사 결정·시민 질서 또는 기본권을 훼손하는 리스크.,"The risk that an AI system generates, disseminates, encourages, or facilitates content, decisions, or actions involving promotion of political violence and extremism, undermining democratic decision-making, civic order, or fundamental rights.",SPLIT,SPLIT:G_INT_POL_010,1,G_INT_VIOL,폭력과 극단주의 실행의 조장,Encouragement of violence and extremist action,AI 시스템이 개인이나 집단에 대한 신체적·정신적 위해를 정당화하거나 그 실행에 필요한 구체적 정보와 지원을 제공하는 리스크.,The risk that an AI system legitimises physical or psychological harm against individuals or groups or provides concrete information and assistance needed to carry it out.,G_INT_POL_010,,"폭력 실행 지원, 정치 영향, 사회적 결과는 서로 다른 L3 범위다."
G_INT_POL_010,정치적 폭력 및 극단주의 조장,Promotion of political violence and extremism,AI 시스템이 정치적 폭력 및 극단주의 조장 관련 콘텐츠·판단·행동을 생성·확산·조장하거나 실행을 지원하여 민주적 의사 결정·시민 질서 또는 기본권을 훼손하는 리스크.,"The risk that an AI system generates, disseminates, encourages, or facilitates content, decisions, or actions involving promotion of political violence and extremism, undermining democratic decision-making, civic order, or fundamental rights.",SPLIT,SPLIT:G_INT_POL_010,2,G_INT_POL,개인화된 정치적 영향 조작,Personalised manipulation of political influence,AI 시스템이 개인의 성향이나 취약성을 이용한 맞춤형 메시지로 정치적 판단이나 참여를 은밀하게 조작하는 리스크.,The risk that an AI system covertly manipulates political judgment or participation through personalised messages that exploit an individual’s preferences or vulnerabilities.,G_INT_POL_010,,"폭력 실행 지원, 정치 영향, 사회적 결과는 서로 다른 L3 범위다."
G_INT_POL_010,정치적 폭력 및 극단주의 조장,Promotion of political violence and extremism,AI 시스템이 정치적 폭력 및 극단주의 조장 관련 콘텐츠·판단·행동을 생성·확산·조장하거나 실행을 지원하여 민주적 의사 결정·시민 질서 또는 기본권을 훼손하는 리스크.,"The risk that an AI system generates, disseminates, encourages, or facilitates content, decisions, or actions involving promotion of political violence and extremism, undermining democratic decision-making, civic order, or fundamental rights.",SPLIT,SPLIT:G_INT_POL_010,3,G_SOC_DEMOC,민주적 공론과 시민 신뢰의 침식,Erosion of democratic discourse and civic trust,"AI 시스템이 대규모 정치 조작이나 허위정보 확산을 통해 공론의 진정성, 선거 신뢰 또는 시민의 자율적 참여를 약화하는 리스크.","The risk that an AI system weakens the integrity of public discourse, trust in elections, or autonomous civic participation through large-scale political manipulation or misinformation.",G_INT_POL_010,,"폭력 실행 지원, 정치 영향, 사회적 결과는 서로 다른 L3 범위다."
G_INT_PRIV_019,프라이버시·재산 정보 오처리,Privacy and property information mishandling,"AI 시스템 또는 AI 알고리즘의 설계·학습·배포·사용 과정이 생성물이 사용자의 프라이버시와 재산 정보를 노출하거나 결혼과 투자처럼 영향이 큰 조언을 제공하여, 관련 법과 프라이버시 규정을 지키지 못한 채 정보 유출과 오 남용을 초래하는 리스크.","The risk that an AI system or AI algorithm generates, provides, or enables generation exposes users' privacy and property information or provides advice with huge impacts, such as suggestions on marriage and investments, failing to comply with relevant laws and privacy regulations and causing information leakage and abuse.",SPLIT,SPLIT:G_INT_PRIV_019,1,G_INT_PRIV,재산·개인정보의 부당한 노출,Improper exposure of property and personal information,AI 시스템이 대화나 추론 과정에서 재산 정보 또는 개인정보를 권한 없이 노출하여 정보주체에게 프라이버시 피해를 초래하는 리스크.,"The risk that an AI system exposes property-related or personal information without authorisation during interaction or inference, causing privacy harm to the data subject.",G_INT_PRIV_019,,정보 노출과 결혼·투자 등 고영향 조언의 역량 초과는 별도 기제다.
G_INT_PRIV_019,프라이버시·재산 정보 오처리,Privacy and property information mishandling,"AI 시스템 또는 AI 알고리즘의 설계·학습·배포·사용 과정이 생성물이 사용자의 프라이버시와 재산 정보를 노출하거나 결혼과 투자처럼 영향이 큰 조언을 제공하여, 관련 법과 프라이버시 규정을 지키지 못한 채 정보 유출과 오 남용을 초래하는 리스크.","The risk that an AI system or AI algorithm generates, provides, or enables generation exposes users' privacy and property information or provides advice with huge impacts, such as suggestions on marriage and investments, failing to comply with relevant laws and privacy regulations and causing information leakage and abuse.",SPLIT,SPLIT:G_INT_PRIV_019,2,G_SYS_OEXT,AI 역량의 검증범위 초과 사용,Use of AI capability beyond its validated scope,AI 시스템이 검증되지 않은 과업이나 조건에서도 역량이 유효한 것처럼 사용되게 하여 부정확하거나 위험한 결정을 초래하는 리스크.,"The risk that an AI system is used as though its capability remains valid for tasks or conditions outside its validated scope, producing inaccurate or unsafe decisions.",G_INT_PRIV_019,,정보 노출과 결혼·투자 등 고영향 조언의 역량 초과는 별도 기제다.
G_INT_REPR_001,집단별 성능 격차·고정관념 인코딩,Demographic performance disparity and stereotype encoding,AI 시스템 또는 AI 알고리즘의 설계·학습·배포·사용 과정이 ML 시스템이 일부 인구 통계·사회 집단의 고정관념을 인코딩하거나 그 집단에 대해 불균형적으로 낮은 성능을 보이는 리스크.,"The risk that the design, training, deployment, or use of an AI system or AI algorithm creates a condition in which an ML system encodes stereotypes of, or performs disproportionately poorly for, some demographic or social groups.",SPLIT,SPLIT:G_INT_REPR_001,1,G_INT_REPR,집단 고정관념과 과소대표의 강화,Reinforcement of group stereotypes and under-representation,AI 시스템이 특정 집단을 반복적으로 과소대표하거나 고정관념에 따라 묘사하여 사회적 편견과 배제를 강화하는 리스크.,"The risk that an AI system repeatedly under-represents particular groups or portrays them through stereotypes, reinforcing social prejudice and exclusion.",G_INT_REPR_001,,고정관념은 표현 L3에 적격하나 집단 성능 격차만으로는 현행 L3 경계를 충족하지 않는다.
G_INT_REPR_003,사회 집단에 대한 모델의 차별적 결정과 산출,Discriminatory model decisions and outputs against social groups,"학습 데이터에서 비롯되거나 모델 설계·최적화 과정에서 유입된 편향이 재현·증폭되어, 인종·성별·종교 등으로 구분되는 집단이 모델의 결정과 생성 콘텐츠에서 체계적으로 불리해지는 리스크. 그 결과 고정관념의 강화와 배제, 실질적으로 불평등한 대우가 발생하는 리스크.","The risk that biases originating in training data or introduced through model design and optimization are reproduced and amplified, so that decisions and generated content systematically disadvantage groups defined by race, gender, religion, or similar attributes. The result is stereotyping, exclusion, and materially unequal treatment of the affected groups.",SPLIT,SPLIT:G_INT_REPR_003,1,G_INT_REPR,보호집단 고정관념의 재생산,Reproduction of stereotypes about protected groups,AI 시스템이 학습 데이터나 생성 규칙에 포함된 고정관념을 재생산하여 보호집단을 열등하거나 배제된 방식으로 표현하는 리스크.,The risk that an AI system reproduces stereotypes embedded in training data or generation rules and represents protected groups as inferior or excluded.,G_INT_REPR_003,,표현상 피해와 물질적 배분 결과를 분리한다.
G_INT_REPR_003,사회 집단에 대한 모델의 차별적 결정과 산출,Discriminatory model decisions and outputs against social groups,"학습 데이터에서 비롯되거나 모델 설계·최적화 과정에서 유입된 편향이 재현·증폭되어, 인종·성별·종교 등으로 구분되는 집단이 모델의 결정과 생성 콘텐츠에서 체계적으로 불리해지는 리스크. 그 결과 고정관념의 강화와 배제, 실질적으로 불평등한 대우가 발생하는 리스크.","The risk that biases originating in training data or introduced through model design and optimization are reproduced and amplified, so that decisions and generated content systematically disadvantage groups defined by race, gender, religion, or similar attributes. The result is stereotyping, exclusion, and materially unequal treatment of the affected groups.",SPLIT,SPLIT:G_INT_REPR_003,2,G_INT_ALLOC,보호집단에 대한 불리한 자원 배분,Adverse resource allocation to protected groups,"AI 시스템이 보호대상 특성이나 사회적 지위에 근거해 특정 개인·집단에 자원, 기회, 서비스 또는 접근을 불리하게 배분하는 리스크.","The risk that an AI system allocates worse resources, opportunities, services, or access to individuals or groups based on protected characteristics or social status.",G_INT_REPR_003,,표현상 피해와 물질적 배분 결과를 분리한다.
G_INT_SELF_010,자살 행동 및 자살 지원,Suicidal behaviour and assistance with suicide,AI 시스템이 자살 행위 및 자살 지원 관련 콘텐츠·판단·행동을 생성·조장·정상화하거나 구체적으로 지원하여 개인의 생명과 신체·정신적 안녕에 위해를 초래하는 리스크.,"The risk that an AI system generates, encourages, normalizes, or provides operational assistance for content, decisions, or actions involving suicidal acts and suicide assistance, causing harm to an individual's life or physical and psychological well-being.",REWRITE,REWRITE:G_INT_SELF_010,1,G_INT_SELF,자살 실행·준비행위에 대한 구체적 지원,Concrete assistance for suicide acts or preparatory conduct,"AI 시스템이 자살 실행 또는 준비행위에 필요한 방법, 순서, 수단이나 회피 정보를 구체적으로 제공하여 자기 위해의 실행 가능성을 높임하는 리스크.","The risk that an AI system provides concrete methods, sequences, means, or evasion information for suicide or preparatory conduct, increasing the feasibility of self-harm.",G_INT_SELF_010,,동일 L3 안에서도 실행과 준비행위의 위험기제를 구별하도록 정의를 정밀화한다.
G_INT_UNETH_017,비전문가 데이터 조작,Non-expert data manipulation,데이터 도메인 전문성이 없는 사람이 실측 레이블 정의나 서로 다른 형식·출처의 데이터 병합 등의 조작을 수행하여 데이터가 사용 불가능해지거나 AI 시스템 개발에 유해해지는 리스크.,"The risk that people with little or no expertise in the domain of the data perform manipulations such as defining the ground truth label or merging different data formats or sources, rendering the data unusable or harmful to the development of the AI system.",DELETE,DELETE:G_INT_UNETH_017,0,,,,,,G_INT_UNETH_017,,비전문가 데이터 처리와 데이터 품질 문제는 검토된 L3에 적격하지 않으며 존재하지 않는 성능 L3를 만들 수 없다.
G_INT_UNETH_018,심리적 조작·비인간화·대규모 착취,"Psychological manipulation, dehumanization, and exploitation","AI 시스템 또는 AI 알고리즘의 설계·학습·배포·사용 과정이 ML 시스템이 심리적 조작, 비인간화, 대규모 인간 착취 등의 추가적인 윤리적 피해를 야기하는 리스크.","The risk that an AI system or AI algorithm, through design, training, deployment, or use, creates a condition in which ML systems produce further ethical harms such as psychological manipulation, dehumanization, and exploitation of humans at scale.",SPLIT,SPLIT:G_INT_UNETH_018,1,G_INT_UNETH,취약성을 이용한 행동 조작,Behavioural manipulation through exploitation of vulnerabilities,AI 시스템이 추론된 심리상태나 취약성을 이용해 충분한 숙고 없이 특정 행동을 선택하도록 유도하는 리스크.,The risk that an AI system uses inferred psychological states or vulnerabilities to steer a person toward a particular action without adequate deliberation.,G_INT_UNETH_018,,행동 조작과 표현적 존엄 훼손은 다른 상호작용 피해다.
G_INT_UNETH_018,심리적 조작·비인간화·대규모 착취,"Psychological manipulation, dehumanization, and exploitation","AI 시스템 또는 AI 알고리즘의 설계·학습·배포·사용 과정이 ML 시스템이 심리적 조작, 비인간화, 대규모 인간 착취 등의 추가적인 윤리적 피해를 야기하는 리스크.","The risk that an AI system or AI algorithm, through design, training, deployment, or use, creates a condition in which ML systems produce further ethical harms such as psychological manipulation, dehumanization, and exploitation of humans at scale.",SPLIT,SPLIT:G_INT_UNETH_018,2,G_INT_REPR,보호집단 고정관념의 재생산,Reproduction of stereotypes about protected groups,AI 시스템이 학습 데이터나 생성 규칙에 포함된 고정관념을 재생산하여 보호집단을 열등하거나 배제된 방식으로 표현하는 리스크.,The risk that an AI system reproduces stereotypes embedded in training data or generation rules and represents protected groups as inferior or excluded.,G_INT_UNETH_018,,행동 조작과 표현적 존엄 훼손은 다른 상호작용 피해다.
G_INT_UNETH_019,마음이론(Theory of Mind) 능력,Theory of mind capability,"시스템이 인간과 타 에이전트의 신념, 동기, 추론을 추정·예측하는 마음 이론 역량을 목표 달성을 위한 행동 예측·유도에 활용하는 리스크.","The risk that the design, training, deployment, or use of an AI system or AI algorithm creates a condition in which a system infers and predicts the beliefs, motivations, and reasoning of humans and other agents, and exploits this theory of mind capability to anticipate and steer their behavior for goal achievement.",REWRITE,REWRITE:G_INT_UNETH_019,1,G_INT_UNETH,마음이론 기반 행동 조작,Theory-of-mind-based behavioural manipulation,"AI 시스템이 사용자의 신념, 욕구 또는 감정 상태를 추론하고 이를 악용하여 사용자가 충분히 숙고하지 않은 행동을 선택하도록 유도하는 리스크.","The risk that an AI system infers a user’s beliefs, desires, or emotional state and exploits them to steer the user toward actions they have not adequately deliberated.",G_INT_UNETH_019,,기술 설명이 아니라 추론된 심리상태를 악용한 행동 조작이라는 피해기제를 제목과 정의에 명시한다.
G_INT_VALUE_003,콘텐츠 조정 알고리즘의 편향적 억압,Biased suppression by content-moderation algorithms,유해 콘텐츠 필터링을 목적으로하는 AI 기반 콘텐츠 조정 알고리즘이 편향을 영속시켜 여성 등 특정 집단의 콘텐츠를 불균형하게 억압하거나 노출을 제한하는 리스크.,"The risk that AI-based content moderation algorithms, while intended to filter harmful content, perpetuate biases and disproportionately suppress or shadowban content featuring particular groups such as women.",SPLIT,SPLIT:G_INT_VALUE_003,1,G_INT_ALLOC,보호집단에 대한 불리한 자원 배분,Adverse resource allocation to protected groups,"AI 시스템이 보호대상 특성이나 사회적 지위에 근거해 특정 개인·집단에 자원, 기회, 서비스 또는 접근을 불리하게 배분하는 리스크.","The risk that an AI system allocates worse resources, opportunities, services, or access to individuals or groups based on protected characteristics or social status.",G_INT_VALUE_003,,가치 부과보다 배분 결과와 표현 피해가 직접적이다.
G_INT_VALUE_003,콘텐츠 조정 알고리즘의 편향적 억압,Biased suppression by content-moderation algorithms,유해 콘텐츠 필터링을 목적으로하는 AI 기반 콘텐츠 조정 알고리즘이 편향을 영속시켜 여성 등 특정 집단의 콘텐츠를 불균형하게 억압하거나 노출을 제한하는 리스크.,"The risk that AI-based content moderation algorithms, while intended to filter harmful content, perpetuate biases and disproportionately suppress or shadowban content featuring particular groups such as women.",SPLIT,SPLIT:G_INT_VALUE_003,2,G_INT_REPR,집단 고정관념과 과소대표의 강화,Reinforcement of group stereotypes and under-representation,AI 시스템이 특정 집단을 반복적으로 과소대표하거나 고정관념에 따라 묘사하여 사회적 편견과 배제를 강화하는 리스크.,"The risk that an AI system repeatedly under-represents particular groups or portrays them through stereotypes, reinforcing social prejudice and exclusion.",G_INT_VALUE_003,,가치 부과보다 배분 결과와 표현 피해가 직접적이다.
G_INT_WEAP_013,모델 확산에 의한 이중용도 역량의 저비용 확 산,Low-cost diffusion of dual-use capabilities through model proliferation,"오픈 소스·오픈 웨이 트 GPAI 모델의 확산으로 비전문가가 최소 비용으로 이중 용도 역량에 접근하고, 기반 모델의 개조를 통해 독소 합성용 단백질 서열 생성 등 위험한 용도로 전용되는 리스크.",The risk that proliferation of open-source or open-weight GPAI models gives non-experts low-cost access to dual-use capabilities and allows base models to be modified for dangerous uses such as generating candidate protein sequences for toxin synthesis.,REWRITE,REWRITE:G_INT_WEAP_013,1,G_INT_WEAP,독소 합성 등 이중용도 역량의 저비용 확산,Low-cost diffusion of dual-use capabilities such as toxin synthesis,AI 시스템이 독소 합성 등 위해 가능성이 큰 이중용도 절차의 전문지식과 실행 장벽을 낮춰 악의적 사용을 용이하게 함하는 리스크.,"The risk that an AI system lowers the expertise and execution barriers for high-risk dual-use procedures such as toxin synthesis, facilitating malicious use.",G_INT_WEAP_013,,무기화 가능성과 실행 장벽 하락을 제목에 명시해 L3 적격성을 분명히 한다.
G_Others_026,학습-운용 데이터 간 데이터셋 시프트,Dataset shift between training and runtime data,AI/ML 모델의 학습 데이터와 시험·운용 데이터가 서로 다른 분포를 보이는 데이터셋 시프트로 인해 모델의 타당성이 훼손되는 리스크.,"The risk that the training data and the testing or runtime data of an AI/ML model demonstrate different distributions, undermining the model's validity.",REWRITE,REWRITE:G_Others_026,1,G_SYS_EVAL,분포 이동을 놓치는 평가로 인한 허위 안전확신,False safety assurance from evaluation that misses distribution shift,AI 시스템이 평가 절차가 학습과 운영 환경의 분포 차이를 탐지하지 못해 실제 배포 위험을 과소평가하는 리스크.,"The risk that an AI system uses an evaluation process that fails to detect distributional differences between training and operation, thereby underestimating deployment risk.",G_Others_026,,운영 성능 저하 자체가 아니라 평가가 학습·운영 분포 차이를 놓치는 실패로 한정한다.
G_Others_030,센서 드리프트에 의한 배포 시스템 성능 저하,Deployed-system degradation from sensor and distribution drift,물리 센서와 데이터 소스에 의존하는 배포된 AI 시스템에서 하드웨어 드리프트에 따른 데이터 분포 변화가 발생하여 시스템의 견고성과 성능이 저하되는 리스크.,The risk that hardware drift in the physical sensors and data sources of deployed AI systems causes data distribution drift that degrades system robustness and performance.,APPLY_TRANSFER,APPLY_TRANSFER:G_Others_030,1,P_SYS_STATE,센서 드리프트에 따른 물리 상태추정 오류,Physical state-estimation error from sensor drift,"로봇 또는 체화형 AI 시스템이 센서의 점진적 편향이나 보정 변화로 실제 위치, 자세 또는 환경 상태를 잘못 추정하여 후속 물리 행동을 위험하게 만듦하는 리스크.","The risk that a robot or embodied AI system misestimates actual position, pose, or environmental state because of gradual sensor bias or calibration drift, making subsequent physical action unsafe.",G_Others_030,,물리 센서 변화가 실제 환경 상태 인식을 훼손하므로 Physical 상태추정 L3에 직접 적격하다.
G_Others_074,잘못된 데이터 라벨,Incorrect data labels,데이터 레이블이 부정확하여 지도 학습 AI 시스템이 실측 진실과 의도된 기능을 학습하지 못하는 리스크.,The risk that incorrect data labels prevent a supervised learning AI system from learning the ground truth and therefore the intended functionality.,DELETE,DELETE:G_Others_074,0,,,,,,G_Others_074,,잘못된 학습 라벨은 일반 데이터 품질·성능 문제이며 현행 검토 L3에 정확한 수용 범위가 없다.
G_Others_084,개발 과정 문서화와 데이터 이해의 부족,Insufficient development documentation and understanding of data,"AI 시스템 개발 전반에서 내려진 결정과 조치가 문서화되지 않고 사용된 데이터에 대한 이해도 충분하지 않은 리스크. 그 결과 데이터의 결함이 교정되지 않은 채 남고 개발 프로세스의 최적화와 시스템 감사가 불가능해지며, 의도된 기능에 적합하지 않은 시스템이 만들어진다로 인해 구체적인 위해가 발생하는 리스크.","The risk that decisions and actions taken throughout the development of an AI system go undocumented and that the data used is insufficiently understood. Data shortcomings are left unaddressed, the development process cannot be optimized or audited, and the resulting system is poorly suited to its intended functionality.",DELETE,DELETE:G_Others_084,0,,,,,,G_Others_084,,문서화·데이터 이해 부족은 관리 활동 또는 성능 조건으로서 현행 위험 L3에 직접 적격하지 않다.
G_Others_085,학습 데이터의 대표성 부족,Insufficient representation in training data,AI 시스템 또는 AI 알고리즘의 설계·학습·배포·사용 과정이 학습 데이터가 운용 데이터 분포와 불일치하거나 희소 사례 표본이 부족하여 학습에 충분히 반영되지 않은 입력에서 시스템 성능이 저하되는 리스크.,"The risk that an AI system or AI algorithm, through design, training, deployment, or use, creates a condition in which training data fails to match the operational distribution or lacks sufficient samples of rare cases, so the system underperforms on inputs insufficiently represented in training.",DELETE,DELETE:G_Others_085,0,,,,,,G_Others_085,,대표성 부족과 일반 성능 격차만 기술하며 보호집단에 대한 표현 또는 물질적 차별 결과가 특정되지 않는다.
G_Others_086,복잡한 신경망 모델의 내재적 견고성 취약성,Intrinsic robustness weaknesses of complex neural models,"심층 신경망처럼 비선형적이고 규모가 큰 고복잡 도 모델이 다른 유형의 시스템에는 없는 고유한 취약성을 보여, 복잡하고 변화하는 운영 환경이나 악의적 간섭과 유도에 쉽게 영향을 받는 리스크. 그 결과 성능이 저하되고 의사 결정 오류가 발생하여, 특히 안전 필수 맥락에서 기능 안전과 신뢰성이 훼손되는 리스크.","The risk that high-complexity, non-linear models such as deep neural networks exhibit weaknesses not found in other types of systems, leaving them susceptible to changing operational environments and to malicious interference and inducement. Performance degrades and decision errors follow, undermining functional safety and trustworthiness above all in safety-critical deployments.",REWRITE,REWRITE:G_Others_086,1,G_SYS_SECADV,적대적 교란에 의한 모델 취약성 악용,Exploitation of model vulnerabilities through adversarial interference,"AI 시스템이 공격자가 적대적 입력, 데이터 중독 또는 보호장치 우회를 이용해 모델 동작을 의도적으로 교란하는 리스크.","The risk that an AI system allows an attacker to intentionally disrupt model behaviour using adversarial inputs, data poisoning, or bypasses of protective controls.",G_Others_086,,악의적 공격 기제만 보존하고 비악의적 일반 성능 실패는 제거한다.
G_Others_118,학습·검증 데이터의 품질 결함과 부적절한 선 택,Poor quality and unrepresentative training data selection,"학습과 검증에 사용되는 데이터가 부적절한 수집·큐레이션으로 오염되거나 레이블 오류와 상충 정보를 포함하고, 대상 모집단과 관심 현상을 충분히 대표하지 못하거나 편향된 콘텐츠를 담고 있는 리스크. 이러한 데이터로 학습된 모델은 부정확한 출력을 내고 데이터에 담긴 편향을 재현하거나 오히려 증폭하여 차별적 결정을 산출하는 리스크.","The risk that data selected for training and validation is contaminated, mislabelled, internally inconsistent, or insufficiently representative of the target population and phenomenon, whether through improper curation or the inclusion of biased content. Models trained on such data produce inaccurate outputs and reproduce, and often amplify, the bias it contains, yielding discriminatory decisions.",SPLIT,SPLIT:G_Others_118,1,G_INT_REPR,보호집단 고정관념의 재생산,Reproduction of stereotypes about protected groups,AI 시스템이 학습 데이터나 생성 규칙에 포함된 고정관념을 재생산하여 보호집단을 열등하거나 배제된 방식으로 표현하는 리스크.,The risk that an AI system reproduces stereotypes embedded in training data or generation rules and represents protected groups as inferior or excluded.,G_Others_118,,일반 정확도·데이터 품질 부분은 제외하고 표현과 배분 피해만 분리한다.
G_Others_118,학습·검증 데이터의 품질 결함과 부적절한 선 택,Poor quality and unrepresentative training data selection,"학습과 검증에 사용되는 데이터가 부적절한 수집·큐레이션으로 오염되거나 레이블 오류와 상충 정보를 포함하고, 대상 모집단과 관심 현상을 충분히 대표하지 못하거나 편향된 콘텐츠를 담고 있는 리스크. 이러한 데이터로 학습된 모델은 부정확한 출력을 내고 데이터에 담긴 편향을 재현하거나 오히려 증폭하여 차별적 결정을 산출하는 리스크.","The risk that data selected for training and validation is contaminated, mislabelled, internally inconsistent, or insufficiently representative of the target population and phenomenon, whether through improper curation or the inclusion of biased content. Models trained on such data produce inaccurate outputs and reproduce, and often amplify, the bias it contains, yielding discriminatory decisions.",SPLIT,SPLIT:G_Others_118,2,G_INT_ALLOC,보호집단에 대한 불리한 자원 배분,Adverse resource allocation to protected groups,"AI 시스템이 보호대상 특성이나 사회적 지위에 근거해 특정 개인·집단에 자원, 기회, 서비스 또는 접근을 불리하게 배분하는 리스크.","The risk that an AI system allocates worse resources, opportunities, services, or access to individuals or groups based on protected characteristics or social status.",G_Others_118,,일반 정확도·데이터 품질 부분은 제외하고 표현과 배분 피해만 분리한다.
G_Others_141,배포 후 잔존 결함으로 인한 오작동,Undesirable outcomes from residual post-deployment defects,"AI 시스템 또는 AI 알고리즘의 설계·학습·배포·사용 과정이 배포된 시스템에 미탐지 버그와 설계 실수, 잘못 정렬된 목표, 미숙하게 개발된 기능이 남아 있어, 인간 언어의 동 음이 의와 중의성으로 명령을 오해하는 것처럼 매우 바람직하지 않은 결과를 낳는 리스크.","The risk that an AI system or AI algorithm, through design, training, deployment, or use, creates a condition in which a deployed system still contains undetected bugs, design mistakes, misaligned goals, and poorly developed capabilities that produce highly undesirable outcomes, such as misinterpreting commands due to homophones or double meanings in human language.",DELETE,DELETE:G_Others_141,0,,,,,,G_Others_141,,"잔여 버그, 목표 불일치, 모호성을 한데 묶은 포괄적 성능 카드로 원자성과 L3 적격성이 모두 부족하다."
G_SOC_CULT_008,AI 의사결정에 의한 인간 행위주체성·감독·공정 대우의 침식,"Erosion of human agency, oversight, and equitable treatment by AI","과잉 의존과 자동화 편향, 중대한 결정의 위임, 출력에 대한 검토·이의 제기·무효화 능력의 약화, 감독에 저항하며 권력과 자원을 추구하는 시스템을 통해 사람에 대한 결정 권한이 AI로 이전되고, 편향된 데이터·목표·배포 조건이 그 자동화된 결정을 왜곡하는 리스크. 그 결과 개인과 집단은 기회·서비스의 차별적 배분에 노출되고, 인간의 자율성·숙련·감독·통제력은 점진적으로, 때로는 비가역적으로 침식되는 리스크.","The risk that decision power over people shifts to AI systems, whether through overreliance and automation bias, delegation of high-stakes choices, weakened ability to inspect, contest, or override outputs, or systems that resist oversight and seek power and resources, while biased data, objectives, and deployment conditions skew the resulting automated decisions. Individuals and groups are consequently subjected to discriminatory allocation of opportunities and services, and human autonomy, skill, oversight, and control erode progressively and potentially irreversibly.",SPLIT,SPLIT:G_SOC_CULT_008,1,G_SYS_CONTEST,AI 결정에 대한 이의제기와 중단의 불가능,Inability to contest or halt AI decisions,AI 시스템이 영향을 받는 사람이 AI 시스템의 결정 근거를 검토하거나 이의를 제기하고 출력을 중단·수정할 수 없게 하여 피해를 시정하지 못하게 함하는 리스크.,"The risk that an AI system prevents affected people from reviewing the basis of an AI decision, contesting it, or halting and correcting the output, leaving harms without effective remedy.",G_SOC_CULT_008,,시스템 수준 통제 가능성과 사회 수준 책임구조를 분리한다.
G_SOC_CULT_008,AI 의사결정에 의한 인간 행위주체성·감독·공정 대우의 침식,"Erosion of human agency, oversight, and equitable treatment by AI","과잉 의존과 자동화 편향, 중대한 결정의 위임, 출력에 대한 검토·이의 제기·무효화 능력의 약화, 감독에 저항하며 권력과 자원을 추구하는 시스템을 통해 사람에 대한 결정 권한이 AI로 이전되고, 편향된 데이터·목표·배포 조건이 그 자동화된 결정을 왜곡하는 리스크. 그 결과 개인과 집단은 기회·서비스의 차별적 배분에 노출되고, 인간의 자율성·숙련·감독·통제력은 점진적으로, 때로는 비가역적으로 침식되는 리스크.","The risk that decision power over people shifts to AI systems, whether through overreliance and automation bias, delegation of high-stakes choices, weakened ability to inspect, contest, or override outputs, or systems that resist oversight and seek power and resources, while biased data, objectives, and deployment conditions skew the resulting automated decisions. Individuals and groups are consequently subjected to discriminatory allocation of opportunities and services, and human autonomy, skill, oversight, and control erode progressively and potentially irreversibly.",SPLIT,SPLIT:G_SOC_CULT_008,2,G_SOC_GOV,AI 피해에 대한 책임·거버넌스 공백,Accountability and governance gaps for AI harm,"AI 시스템이 AI 시스템의 의사결정과 피해에 대한 책임 주체, 감독 절차 또는 시정 권한이 불명확하여 사회적 통제가 약화하는 리스크.","The risk that an AI system leaves responsibility, oversight procedures, or remedial authority for AI decisions and harms unclear, weakening societal control.",G_SOC_CULT_008,,시스템 수준 통제 가능성과 사회 수준 책임구조를 분리한다.
G_SOC_CULT_010,인간 존엄성 침식,Erosion of human dignity,"AI가 매개하는 처우가 사람을 프로필·점수·행동 표적으로 환원하거나 지능의 위계 속에서 인간을 열등한 존재로 취급하게하여, 인간에 대한 존중과 존엄성, 동등한 도덕적 지위를 침식하는 리스크.","The risk that AI-mediated treatment undermines respect for persons, whether by reducing people to profiles, scores, and behavioral targets or by casting humans as lesser within hierarchies of intelligence, eroding human dignity and equal moral standing.",REWRITE,REWRITE:G_SOC_CULT_010,1,G_SOC_CULT,인간 존엄성과 동등한 도덕적 지위의 침식,Erosion of human dignity and equal moral standing,"AI 시스템이 사람을 프로필·점수·행동 표적으로 환원하거나 지능의 위계에서 열등한 존재로 취급하여 인간에 대한 존중, 존엄성 및 동등한 도덕적 지위를 침식하는 리스크.","The risk that an AI system reduces people to profiles, scores, or behavioural targets, or treats humans as inferior within hierarchies of intelligence, eroding respect for persons, human dignity, and equal moral standing.",G_SOC_CULT_010,,Independent lineage review restored the human-dignity mechanism supported by the source; the unrelated low-resource-language wording was removed.
G_SOC_DEMOC_001,시민 심사와 맞춤형 선전을 통한 편향적 영향 력,Biased influence through citizen screening and tailored propaganda,"AI 기반 챗봇이 개별 사용자의 결정에 영향을 주도록 소통 방식을 맞춤화하고, 브렉시트 국민 투표에서 나타난 초기 계산적 선전처럼 억압적 정부가 AI로 시민의 의견을 형성하는 리스크.","The risk that AI-powered chatbots tailor their communication approach to influence individual users' decisions, as with the computational propaganda during the Brexit referendum, and that oppressive governments could use AI to shape citizens' opinions.",SPLIT,SPLIT:G_SOC_DEMOC_001,1,G_INT_POL,개인화된 정치적 영향 조작,Personalised manipulation of political influence,AI 시스템이 개인의 성향이나 취약성을 이용한 맞춤형 메시지로 정치적 판단이나 참여를 은밀하게 조작하는 리스크.,The risk that an AI system covertly manipulates political judgment or participation through personalised messages that exploit an individual’s preferences or vulnerabilities.,G_SOC_DEMOC_001,,정치적 상호작용 기제와 사회적 민주주의 결과를 구분한다.
G_SOC_DEMOC_001,시민 심사와 맞춤형 선전을 통한 편향적 영향 력,Biased influence through citizen screening and tailored propaganda,"AI 기반 챗봇이 개별 사용자의 결정에 영향을 주도록 소통 방식을 맞춤화하고, 브렉시트 국민 투표에서 나타난 초기 계산적 선전처럼 억압적 정부가 AI로 시민의 의견을 형성하는 리스크.","The risk that AI-powered chatbots tailor their communication approach to influence individual users' decisions, as with the computational propaganda during the Brexit referendum, and that oppressive governments could use AI to shape citizens' opinions.",SPLIT,SPLIT:G_SOC_DEMOC_001,2,G_SOC_DEMOC,민주적 공론과 시민 신뢰의 침식,Erosion of democratic discourse and civic trust,"AI 시스템이 대규모 정치 조작이나 허위정보 확산을 통해 공론의 진정성, 선거 신뢰 또는 시민의 자율적 참여를 약화하는 리스크.","The risk that an AI system weakens the integrity of public discourse, trust in elections, or autonomous civic participation through large-scale political manipulation or misinformation.",G_SOC_DEMOC_001,,정치적 상호작용 기제와 사회적 민주주의 결과를 구분한다.
G_SYS_CONTEXT_002,맥락적 프라이버시 보호 실패,Contextual privacy protection failure,적절한 행동이 사회적·상황적 단서에 좌우되는 프라이버시 민감 상황에서 에이전트가 맥락적 개인 정보를 보호하지 못하는 리스크.,"The risk that an AI system or AI algorithm, through design, training, deployment, or use, creates a condition in which an agent fails to protect contextual personal information in privacy-sensitive situations where the appropriate action depends on social and situational cues.",APPLY_TRANSFER,APPLY_TRANSFER:G_SYS_CONTEXT_002,1,G_INT_PRIV,맥락 오인에 따른 개인정보 침해,Privacy violation caused by context misinterpretation,AI 시스템이 공개·비공개 맥락이나 정보주체의 의도를 잘못 판단하여 해당 맥락에서 허용되지 않은 개인정보를 노출하는 리스크.,The risk that an AI system misjudges whether a context is public or private or misunderstands the data subject’s intent and discloses personal information not permitted in that context.,G_SYS_CONTEXT_002,,맥락 실패는 원인이며 서술된 직접 피해는 프라이버시 침해이므로 결과 L3로 이관한다.
G_SYS_CONTEXT_006,저자원 언어 가치 손실,Low-resource language value loss,모델 훈련과 평가가 고자원 언어에 집중되어 저자원 언어 사용자가 가치 뉘앙스·안전 적용 범위·사회적 의미를 잃는 리스크.,"The risk that low-resource language users lose value nuance, safety coverage, or social meaning because model training and evaluation are concentrated in highresource languages.",APPLY_TRANSFER,APPLY_TRANSFER:G_SYS_CONTEXT_006,1,G_SOC_CULT,저자원 언어와 문화적 의미의 침식,Erosion of low-resource languages and cultural meaning,AI 시스템이 저자원 언어와 문화권의 표현을 반복적으로 누락하거나 왜곡하여 언어 다양성과 문화적 의미를 약화하는 리스크.,"The risk that an AI system repeatedly omits or distorts expressions from low-resource languages and cultures, weakening linguistic diversity and cultural meaning.",G_SYS_CONTEXT_006,,저자원 언어의 문화적·인식론적 소실이 직접 피해이며 별도 성능 L3는 없다.
G_SYS_EVAL_014,학습 데이터 어노테이션 결함,Deficient training-data annotation,"불완전한 주석 지침과 역량이 부족한 주석 자, 주석 오류가 모델과 알고리즘의 정확성과 신뢰성, 효과를 떨어뜨리고, 훈련 편향을 도입해 차별을 증폭하며 일반화 능력을 낮추고 잘못된 산출을 낳는 리스크.","The risk that incomplete annotation guidelines, incapable annotators, and errors in annotation affect the accuracy, reliability, and effectiveness of models and algorithms, introduce training biases, amplify discrimination, reduce generalization abilities, and result in incorrect outputs.",DELETE,DELETE:G_SYS_EVAL_014,0,,,,,,G_SYS_EVAL_014,,학습 주석 결함은 데이터 품질 문제이며 평가·감사 실패로 기술되지 않아 G_SYS_EVAL에 부적격하다.
G_SYS_INCONS_001,인간 피드백 데이터의 편향·비일관성,Bias and inconsistency in human feedback data,"AI 시스템 또는 AI 알고리즘의 설계·학습·배포·사용 과정이 주석 자·피드백 작업자의 인구 통계적 구성, 비일관성, 암묵적이거나 고의적인 편향이 사실과 다른 선호 데이터를 만들어 중립적 인간 선호처럼 보이면서 정렬 행동을 형성하며, 인간이 평가하기 어려운 복잡한 과업일수록 이러한 왜곡이 심해지는 리스크.","The risk that an AI system or AI algorithm, through design, training, deployment, or use, creates a condition in which the demographics, inconsistencies, and implicit or deliberate biases of annotators and feedback workers produce untruthful preference data that shape alignment behavior while appearing as neutral human preference, a distortion that grows more salient for complex tasks humans find hard to evaluate.",SPLIT,SPLIT:G_SYS_INCONS_001,1,G_SYS_INCONS,상충하는 주석 기준으로 인한 출력 불일치,Output inconsistency from conflicting annotation standards,AI 시스템이 상충하거나 불명확한 주석 기준을 학습하여 유사한 입력에 서로 모순되는 판단이나 출력을 생성하는 리스크.,The risk that an AI system learns conflicting or unclear annotation standards and produces contradictory judgments or outputs for similar inputs.,G_SYS_INCONS_001,,출력 일관성 문제와 가치 부과를 구별하되 근거 없는 차별 범주는 추가하지 않는다.
G_SYS_INCONS_001,인간 피드백 데이터의 편향·비일관성,Bias and inconsistency in human feedback data,"AI 시스템 또는 AI 알고리즘의 설계·학습·배포·사용 과정이 주석 자·피드백 작업자의 인구 통계적 구성, 비일관성, 암묵적이거나 고의적인 편향이 사실과 다른 선호 데이터를 만들어 중립적 인간 선호처럼 보이면서 정렬 행동을 형성하며, 인간이 평가하기 어려운 복잡한 과업일수록 이러한 왜곡이 심해지는 리스크.","The risk that an AI system or AI algorithm, through design, training, deployment, or use, creates a condition in which the demographics, inconsistencies, and implicit or deliberate biases of annotators and feedback workers produce untruthful preference data that shape alignment behavior while appearing as neutral human preference, a distortion that grows more salient for complex tasks humans find hard to evaluate.",SPLIT,SPLIT:G_SYS_INCONS_001,2,G_INT_VALUE,주석자 가치의 중립적 기준으로의 고착,Entrenchment of annotator values as neutral standards,AI 시스템이 일부 주석자나 개발자의 규범적 선호를 보편적이고 중립적인 기준처럼 학습·출력하여 다른 가치관을 배제하는 리스크.,"The risk that an AI system learns and presents the normative preferences of particular annotators or developers as universal and neutral standards, excluding alternative values.",G_SYS_INCONS_001,,출력 일관성 문제와 가치 부과를 구별하되 근거 없는 차별 범주는 추가하지 않는다.
G_SYS_INCONS_003,모델 오설정과 정량화되지 않은 예측 불확실 성,Model misspecification and unquantified prediction uncertainty,"명세와 아키텍처, 목적 함수 등 모델 설계의 잘못된 선택이 부정확한 매개 변수 추정과 일관되지 않은 오차, 잘못된 예측을 낳고, 그렇게 남은 예측의 불확실성마저 정량화되지 않는 리스크. 미지 데이터에서 성능이 저하되고 편향되거나 신뢰할 수 없는 출력이 생명·안전이 중요한 응용을 포함한 의사 결정에 그대로 사용되는 리스크.","The risk that an AI system or AI algorithm, through design, training, deployment, or use, creates a condition in which poor choices of specification, architecture, or objective produce inaccurate parameter estimates, inconsistent error terms, and erroneous predictions, while the uncertainty remaining in those predictions is left unquantified. Performance degrades on unseen data and biased or unreliable outputs are relied upon in decisions, including life- and safety-critical applications.",REWRITE,REWRITE:G_SYS_INCONS_003,1,G_SYS_OVERCONF,모형 불일치와 불확실성 은폐로 인한 과신,Overconfidence caused by model misspecification and hidden uncertainty,AI 시스템이 모형 가정이 현실과 맞지 않는데도 불확실성을 충분히 표시하지 않아 신뢰할 수 없는 출력을 확정적 판단처럼 제시하는 리스크.,"The risk that an AI system fails to communicate uncertainty when model assumptions do not match reality, presenting unreliable output as a definitive judgment.",G_SYS_INCONS_003,,일반 모형 명세 실패가 아니라 불확실성을 숨겨 신뢰할 수 없는 출력을 확신하게 하는 위험으로 한정한다.
G_SYS_INCONS_007,체계적 학습 오류 편향,Systematic learning error bias,체계적 학습 오류로 모델이 일관되게 잘못된 패턴을 학습하여 예측에 알고리즘 편향이 내재화되는 리스크.,"The risk that systematic learning error causes the model to learn consistently wrong patterns, embedding algorithmic bias into predictions.",REWRITE,REWRITE:G_SYS_INCONS_007,1,G_INT_REPR,보호집단 고정관념의 재생산,Reproduction of stereotypes about protected groups,AI 시스템이 학습 데이터나 생성 규칙에 포함된 고정관념을 재생산하여 보호집단을 열등하거나 배제된 방식으로 표현하는 리스크.,The risk that an AI system reproduces stereotypes embedded in training data or generation rules and represents protected groups as inferior or excluded.,G_SYS_INCONS_007,,"집단 표현 피해를 명시하면 적격하며, 이를 특정하지 못하면 삭제해야 한다."
G_SYS_INPUT_001,지속 튜닝의 파국적 망각,Catastrophic forgetting under continual tuning,"지속적 지시 튜닝 등 새로운 작업에 대한 훈련 이후 모델이 이전에 학습한 작업이나 사실 정보를 유지하지 못하는 파국적 망각이 발생시키고, 일반적으로 모델 규모가 커질수록 이러한 경향이 두드러지는 양태를 보이는 리스크.","The risk that an AI system causes, enables, or contributes to catastrophic forgetting, where a model loses its ability to retain previously learned tasks or factual information after being trained on new ones, as can occur through continual instruction tuning, a tendency that may become more pronounced as the model's size increases.",DELETE,DELETE:G_SYS_INPUT_001,0,,,,,,G_SYS_INPUT_001,,파국적 망각은 일반 성능 저하로서 현행 검토 L3에 정확한 범주가 없다.
G_SYS_INPUT_002,물리적 상식 위반,Commonsense physicality violation,AI 시스템이 물체 지지·안정성·포함 관계·중력 등 기본적인 물리적 상식에 반하는 판단·조언·행동을 생성하거나 실행하는 리스크.,"The risk that an AI system generates or executes judgments, advice, or actions that violate basic physical commonsense about object support, stability, containment, or gravity.",SPLIT,SPLIT:G_SYS_INPUT_002,1,G_SYS_INPUT,물리 상식과 상황 입력의 오해,Misinterpretation of physical commonsense and situational input,"AI 시스템이 물체의 속성, 공간관계 또는 상황 단서를 잘못 해석하여 현실 조건과 맞지 않는 판단이나 지시를 생성하는 리스크.","The risk that an AI system misinterprets object properties, spatial relations, or situational cues and produces judgments or instructions inconsistent with real-world conditions.",G_SYS_INPUT_002,,입력 이해 실패와 물리 제어 실행 실패를 분리한다.
G_SYS_INPUT_002,물리적 상식 위반,Commonsense physicality violation,AI 시스템이 물체 지지·안정성·포함 관계·중력 등 기본적인 물리적 상식에 반하는 판단·조언·행동을 생성하거나 실행하는 리스크.,"The risk that an AI system generates or executes judgments, advice, or actions that violate basic physical commonsense about object support, stability, containment, or gravity.",SPLIT,SPLIT:G_SYS_INPUT_002,2,P_SYS_CONTROL,잘못된 상황 해석에 따른 위험한 물리 구동,Unsafe physical actuation following incorrect situation interpretation,로봇 또는 체화형 AI 시스템이 잘못 해석된 상황이나 목표를 제어 명령으로 변환하여 로봇 또는 체화형 AI가 의도하지 않은 위험 행동을 실행하는 리스크.,"The risk that a robot or embodied AI system converts a misinterpreted situation or goal into control commands, causing a robot or embodied AI system to execute unintended unsafe physical actions.",G_SYS_INPUT_002,,입력 이해 실패와 물리 제어 실행 실패를 분리한다.
G_SYS_INPUT_004,물체 어포던스 입력 이해 실패,Failure to comprehend object affordances,로봇 또는 피지컬 AI 시스템이 입력 장면에서 물체·환경이 허용하는 행동 가능성과 제약을 의미적으로 잘못 이해하여 부적절한 잡기·밀기·이동·조작 행동을 선택하는 리스크.,"The risk that a robot or physical AI system semantically misinterprets the action possibilities and constraints afforded by objects or environments in its input scene, selecting inappropriate grasping, pushing, navigation, or manipulation actions.",SPLIT,SPLIT:G_SYS_INPUT_004,1,G_SYS_INPUT,물체 어포던스와 장면의 오해,Misinterpretation of object affordances and scenes,AI 시스템이 물체가 허용하는 행동이나 장면의 관계를 잘못 파악하여 실행 불가능하거나 위험한 판단을 생성하는 리스크.,"The risk that an AI system misunderstands the actions afforded by an object or the relationships in a scene, producing infeasible or unsafe judgments.",G_SYS_INPUT_004,,인식·입력 해석과 물리 조작 실행은 다른 실패 단계다.
G_SYS_INPUT_004,물체 어포던스 입력 이해 실패,Failure to comprehend object affordances,로봇 또는 피지컬 AI 시스템이 입력 장면에서 물체·환경이 허용하는 행동 가능성과 제약을 의미적으로 잘못 이해하여 부적절한 잡기·밀기·이동·조작 행동을 선택하는 리스크.,"The risk that a robot or physical AI system semantically misinterprets the action possibilities and constraints afforded by objects or environments in its input scene, selecting inappropriate grasping, pushing, navigation, or manipulation actions.",SPLIT,SPLIT:G_SYS_INPUT_004,2,P_SYS_CONTROL,잘못된 상황 해석에 따른 위험한 물리 구동,Unsafe physical actuation following incorrect situation interpretation,로봇 또는 체화형 AI 시스템이 잘못 해석된 상황이나 목표를 제어 명령으로 변환하여 로봇 또는 체화형 AI가 의도하지 않은 위험 행동을 실행하는 리스크.,"The risk that a robot or embodied AI system converts a misinterpreted situation or goal into control commands, causing a robot or embodied AI system to execute unintended unsafe physical actions.",G_SYS_INPUT_004,,인식·입력 해석과 물리 조작 실행은 다른 실패 단계다.
G_SYS_INPUT_005,분포 외 입력에 대한 고신뢰 오작동,High-confidence failure on out-of-distribution inputs,"AI가 학습 분포를 벗어난 입력, 손상된 입력 또는 잡음이 큰 입력을 적절히 탐지·거부·복구하지 못하고 높은 확신으로 잘못된 예측이나 행동을 산출하는 리스크.","The risk that AI fails to detect, reject, or recover from out-of-distribution, corrupted, or noisy inputs and produces incorrect predictions or actions with unwarranted confidence.",SPLIT,SPLIT:G_SYS_INPUT_005,1,G_SYS_INPUT,분포 밖·손상 입력의 오해,Misinterpretation of out-of-distribution or corrupted input,AI 시스템이 학습분포에서 벗어나거나 손상된 입력의 의미를 잘못 해석해 상황과 맞지 않는 출력을 생성하는 리스크.,The risk that an AI system misinterprets the meaning of out-of-distribution or corrupted input and produces outputs inconsistent with the situation.,G_SYS_INPUT_005,,입력 강건성 실패와 확신 보정 실패를 분리한다.
G_SYS_INPUT_005,분포 외 입력에 대한 고신뢰 오작동,High-confidence failure on out-of-distribution inputs,"AI가 학습 분포를 벗어난 입력, 손상된 입력 또는 잡음이 큰 입력을 적절히 탐지·거부·복구하지 못하고 높은 확신으로 잘못된 예측이나 행동을 산출하는 리스크.","The risk that AI fails to detect, reject, or recover from out-of-distribution, corrupted, or noisy inputs and produces incorrect predictions or actions with unwarranted confidence.",SPLIT,SPLIT:G_SYS_INPUT_005,2,G_SYS_OVERCONF,불확실 상황에서의 과도한 확신,Excessive confidence under uncertainty,AI 시스템이 불확실하거나 근거가 부족한 상황에서도 높은 확신의 출력을 제시하여 사용자가 신뢰도를 과대평가하는 리스크.,"The risk that an AI system presents outputs with high confidence despite uncertainty or insufficient evidence, causing users to overestimate their reliability.",G_SYS_INPUT_005,,입력 강건성 실패와 확신 보정 실패를 분리한다.
G_SYS_INPUT_007,안전 필수 인프라 AI 운영 사고,Operational accidents in safety-critical AI deployment,"안전이 중요한 인프라에 배포된 AI 시스템의 운영 실패, 모델 오판, 부적절한 인간 조작으로 단일 실패 지점이 연쇄적이고 치명적인 결과로 확대되는 리스크.","The risk that operational failures, model misjudgments, or improper human operation of AI systems deployed in safety-critical infrastructure allow single points of failure to trigger cascading catastrophic consequences.",DELETE,DELETE:G_SYS_INPUT_007,0,,,,,,G_SYS_INPUT_007,,"안전중요 기반시설 사고가 운영 실패, 모델 오류, 인간 오용을 한 카드에 묶어 원인과 L3 경계가 불명확하다."
G_SYS_INPUT_008,코너 케이스에서의 신뢰성 저하,Reduced reliability in corner cases,AI 시스템이 희귀하거나 모호한 입력 데이터인 코너 케이스에 직면할 때 통제된 동작이 요구됨에도 신뢰할 수 없는 동작을 보이는 리스크.,"The risk that an AI system shows unreliable behavior when confronted with rare or ambiguous input data, also called corner cases, where controlled behavior is required.",REWRITE,REWRITE:G_SYS_INPUT_008,1,G_SYS_INPUT,희귀·모호 입력의 오해,Misinterpretation of rare or ambiguous input,AI 시스템이 희귀하거나 여러 의미로 해석될 수 있는 입력을 충분히 판별하지 못하고 잘못된 의미에 근거한 출력을 생성하는 리스크.,The risk that an AI system fails to disambiguate rare or multiply interpretable input and generates output based on an incorrect meaning.,G_SYS_INPUT_008,,코너케이스를 일반 신뢰성 문제가 아니라 비정상 입력 해석 실패로 한정한다.
G_SYS_INPUT_009,사용자 능력 불일치,User capability mismatch,"AI 시스템이 실제 사용자의 능력과 일치하지 않는 수준의 인지·언어·문해력·감각(체화형의 경우 체력·이동성 포함) 능력을 가정하여, 사용자가 이해하거나 활용하기 어려운 정보·조언·상호 작용을 제공함으로써 접근성과 사용자 안전·권익이 저해되는 리스크.","The risk that an AI system assumes a level of user capability—cognitive, linguistic, literacy, or sensory (including physical strength and mobility for embodied systems)—that does not match the actual user, providing information, advice, or interactions the user cannot understand or act upon, thereby undermining accessibility and user safety or interests.",REWRITE,REWRITE:G_SYS_INPUT_009,1,G_INT_ALLOC,장애·역량 차이에 따른 서비스 접근 배제,Exclusion from service access based on disability or capability differences,AI 시스템이 접근성 요구나 사용 역량의 차이를 고려하지 않아 장애인 등 보호집단에 서비스·기회 접근을 불리하게 배분하는 리스크.,"The risk that an AI system fails to accommodate accessibility needs or differences in user capability and consequently allocates worse access to services or opportunities to protected groups, including persons with disabilities.",G_SYS_INPUT_009,,일반 사용자 능력 불일치는 배분차별이 아니다. 보호집단의 자원·서비스 접근 거부 결과를 명시할 때만 이관이 타당하다.
G_SYS_MISINFO_002,자동화된 선전과 대규모 영향 공작,Automated propaganda and scaled influence operations,악의적 이용자가 언어 모델로 인간이 작성한 것만큼 설득력 있는 기만 서사와 가짜 뉴스를 저비용·대규모로 생성하여 선전을 선제적으로 유포하고 자동화된 영향 공작과 악성 소셜 봇 넷을 가동하는 리스크. 선전의 진입 장벽이 크게 낮아지고 표적 청중의 관점이 조작되는 리스크.,"The risk that malicious users leverage language models to craft deceptive narratives and fabricated news as persuasive as human-written material at low cost and large scale, powering automated influence operations and malicious social botnets. The barrier to conducting propaganda falls sharply and the perspectives of targeted audiences are manipulated.",SPLIT,SPLIT:G_SYS_MISINFO_002,1,G_SYS_MISINFO,조작된 허위 서사의 생성,Generation of fabricated false narratives,AI 시스템이 사실적 근거가 없거나 조작된 사건·주장을 그럴듯한 정보로 생성하여 수용자의 사실 판단을 오도하는 리스크.,"The risk that an AI system generates unsupported or fabricated events and claims as plausible information, misleading recipients’ factual judgments.",G_SYS_MISINFO_002,,"허위정보 생성, 정치적 사용, 사회적 결과를 분리하며 위법성은 본문 근거가 없어 추가하지 않는다."
G_SYS_MISINFO_002,자동화된 선전과 대규모 영향 공작,Automated propaganda and scaled influence operations,악의적 이용자가 언어 모델로 인간이 작성한 것만큼 설득력 있는 기만 서사와 가짜 뉴스를 저비용·대규모로 생성하여 선전을 선제적으로 유포하고 자동화된 영향 공작과 악성 소셜 봇 넷을 가동하는 리스크. 선전의 진입 장벽이 크게 낮아지고 표적 청중의 관점이 조작되는 리스크.,"The risk that malicious users leverage language models to craft deceptive narratives and fabricated news as persuasive as human-written material at low cost and large scale, powering automated influence operations and malicious social botnets. The barrier to conducting propaganda falls sharply and the perspectives of targeted audiences are manipulated.",SPLIT,SPLIT:G_SYS_MISINFO_002,2,G_INT_POL,개인화된 정치적 영향 조작,Personalised manipulation of political influence,AI 시스템이 개인의 성향이나 취약성을 이용한 맞춤형 메시지로 정치적 판단이나 참여를 은밀하게 조작하는 리스크.,The risk that an AI system covertly manipulates political judgment or participation through personalised messages that exploit an individual’s preferences or vulnerabilities.,G_SYS_MISINFO_002,,"허위정보 생성, 정치적 사용, 사회적 결과를 분리하며 위법성은 본문 근거가 없어 추가하지 않는다."
G_SYS_MISINFO_002,자동화된 선전과 대규모 영향 공작,Automated propaganda and scaled influence operations,악의적 이용자가 언어 모델로 인간이 작성한 것만큼 설득력 있는 기만 서사와 가짜 뉴스를 저비용·대규모로 생성하여 선전을 선제적으로 유포하고 자동화된 영향 공작과 악성 소셜 봇 넷을 가동하는 리스크. 선전의 진입 장벽이 크게 낮아지고 표적 청중의 관점이 조작되는 리스크.,"The risk that malicious users leverage language models to craft deceptive narratives and fabricated news as persuasive as human-written material at low cost and large scale, powering automated influence operations and malicious social botnets. The barrier to conducting propaganda falls sharply and the perspectives of targeted audiences are manipulated.",SPLIT,SPLIT:G_SYS_MISINFO_002,3,G_SOC_DEMOC,민주적 공론과 시민 신뢰의 침식,Erosion of democratic discourse and civic trust,"AI 시스템이 대규모 정치 조작이나 허위정보 확산을 통해 공론의 진정성, 선거 신뢰 또는 시민의 자율적 참여를 약화하는 리스크.","The risk that an AI system weakens the integrity of public discourse, trust in elections, or autonomous civic participation through large-scale political manipulation or misinformation.",G_SYS_MISINFO_002,,"허위정보 생성, 정치적 사용, 사회적 결과를 분리하며 위법성은 본문 근거가 없어 추가하지 않는다."
G_SYS_MISINFO_012,선거 제도와 절차에 관한 허위정보,False information about electoral systems and processes,AI 시스템 또는 AI 알고리즘의 설계·학습·배포·사용 과정이 응답이 투표 시간·장소·방식을 포함한 선거 제도와 절차에 대해 사실과 다르거나 오해를 부르는 정보를 담는 리스크. 유권자는 권리 행사를 방해 받거나 잘못된 안내에 따라 행동하게 되고 선거 과정에 대한 신뢰가 약화되는 리스크.,"The risk that the design, training, deployment, or use of an AI system or AI algorithm creates a condition in which responses contain factually incorrect or misleading information about electoral systems and processes, including the time, place, and manner of voting. Voters are obstructed or misled in exercising their rights and trust in the integrity of electoral processes is undermined.",SPLIT,SPLIT:G_SYS_MISINFO_012,1,G_SYS_MISINFO,선거절차에 관한 허위정보 생성,Generation of false information about election procedures,"AI 시스템이 투표 자격, 일정, 장소 또는 절차에 관해 사실과 다른 정보를 생성·제공하여 유권자의 판단을 오도하는 리스크.","The risk that an AI system generates or provides false information about voting eligibility, dates, locations, or procedures, misleading voters.",G_SYS_MISINFO_012,,"콘텐츠, 조작행위, 사회적 민주주의 피해를 분리한다."
G_SYS_MISINFO_012,선거 제도와 절차에 관한 허위정보,False information about electoral systems and processes,AI 시스템 또는 AI 알고리즘의 설계·학습·배포·사용 과정이 응답이 투표 시간·장소·방식을 포함한 선거 제도와 절차에 대해 사실과 다르거나 오해를 부르는 정보를 담는 리스크. 유권자는 권리 행사를 방해 받거나 잘못된 안내에 따라 행동하게 되고 선거 과정에 대한 신뢰가 약화되는 리스크.,"The risk that the design, training, deployment, or use of an AI system or AI algorithm creates a condition in which responses contain factually incorrect or misleading information about electoral systems and processes, including the time, place, and manner of voting. Voters are obstructed or misled in exercising their rights and trust in the integrity of electoral processes is undermined.",SPLIT,SPLIT:G_SYS_MISINFO_012,2,G_INT_POL,개인화된 정치적 영향 조작,Personalised manipulation of political influence,AI 시스템이 개인의 성향이나 취약성을 이용한 맞춤형 메시지로 정치적 판단이나 참여를 은밀하게 조작하는 리스크.,The risk that an AI system covertly manipulates political judgment or participation through personalised messages that exploit an individual’s preferences or vulnerabilities.,G_SYS_MISINFO_012,,"콘텐츠, 조작행위, 사회적 민주주의 피해를 분리한다."
G_SYS_MISINFO_012,선거 제도와 절차에 관한 허위정보,False information about electoral systems and processes,AI 시스템 또는 AI 알고리즘의 설계·학습·배포·사용 과정이 응답이 투표 시간·장소·방식을 포함한 선거 제도와 절차에 대해 사실과 다르거나 오해를 부르는 정보를 담는 리스크. 유권자는 권리 행사를 방해 받거나 잘못된 안내에 따라 행동하게 되고 선거 과정에 대한 신뢰가 약화되는 리스크.,"The risk that the design, training, deployment, or use of an AI system or AI algorithm creates a condition in which responses contain factually incorrect or misleading information about electoral systems and processes, including the time, place, and manner of voting. Voters are obstructed or misled in exercising their rights and trust in the integrity of electoral processes is undermined.",SPLIT,SPLIT:G_SYS_MISINFO_012,3,G_SOC_DEMOC,민주적 공론과 시민 신뢰의 침식,Erosion of democratic discourse and civic trust,"AI 시스템이 대규모 정치 조작이나 허위정보 확산을 통해 공론의 진정성, 선거 신뢰 또는 시민의 자율적 참여를 약화하는 리스크.","The risk that an AI system weakens the integrity of public discourse, trust in elections, or autonomous civic participation through large-scale political manipulation or misinformation.",G_SYS_MISINFO_012,,"콘텐츠, 조작행위, 사회적 민주주의 피해를 분리한다."
G_SYS_OEXT_009,샌드박스 우회에 의한 격리 통제 상실,Loss of containment through sandbox escape,AI 시스템이 훈련 또는 평가가 이루어지는 샌드 박스 환경을 우회하여 격리 통제가 무력화되는 리스크.,"The risk that an AI system bypasses the sandboxed environment in which it is trained or evaluated, defeating containment controls.",APPLY_TRANSFER,APPLY_TRANSFER:G_SYS_OEXT_009,1,G_SYS_SECADV,샌드박스 탈출과 보호장치 우회,Sandbox escape and safeguard bypass,"AI 시스템이 격리환경이나 접근통제를 우회하여 허가되지 않은 자원, 도구 또는 시스템 기능에 접근하는 리스크.","The risk that an AI system bypasses isolation or access controls and reaches unauthorised resources, tools, or system functions.",G_SYS_OEXT_009,,서술된 핵심은 기만이 아니라 보호장치 우회와 보안 침해다.
G_SYS_OEXT_010,과적합 및 과소적합,Over- and underfitting,모델이 훈련 데이터에 과도하게 또는 불충분하게 적응하여 운영 데이터에 직면했을 때 AI 시스템이 신뢰할 수 없게 동작하는 리스크.,"The risk that over- or underfitting, the excessive or insufficient adaption of a model to training data, causes an AI system to behave unreliably when confronted with operational data.",REWRITE,REWRITE:G_SYS_OEXT_010,1,G_SYS_EVAL,과적합·과소적합을 탐지하지 못한 평가,Evaluation failure to detect overfitting or underfitting,AI 시스템이 평가 설계가 과적합 또는 과소적합을 식별하지 못해 모델의 실제 일반화 능력에 대해 잘못된 안전확신을 제공하는 리스크.,The risk that an AI system uses an evaluation design that fails to identify overfitting or underfitting and gives false assurance about the model’s actual generalisation capability.,G_SYS_OEXT_010,,일반 성능 문제가 아니라 평가 절차가 결함을 놓친 실패로 한정한다.
G_SYS_OEXT_012,해석가능성 결과에 대한 과대평가와 거짓 확 신,Overestimation of interpretability results,AI 시스템 또는 AI 알고리즘의 설계·학습·배포·사용 과정이 설명 가능성 기법의 결과가 편향에서 자유롭지 않음에도 사용자의 기존 믿음과 일치할 때 확증 편향으로 이어져 거짓된 안전감과 신뢰가 형성되고 기법의 능력이 과대평가되는 리스크.,"The risk that an AI system or AI algorithm, through design, training, deployment, or use, creates a condition in which the results of explainability techniques, which are not free of bias and require careful interpretation, align with users' initial beliefs and produce confirmation bias, a false sense of security or reliability, and an overestimation of these techniques' abilities.",REWRITE,REWRITE:G_SYS_OEXT_012,1,G_SYS_OEXT,설명가능성 기법의 검증범위 초과 과신,Over-reliance on explainability methods beyond their validated scope,AI 시스템이 설명가능성 기법이 검증되지 않은 조건에서도 모델 판단을 충실히 설명한다고 간주하게 하여 잘못된 확신을 형성하는 리스크.,"The risk that an AI system leads users to treat an explainability method as a faithful account of model reasoning under conditions where it has not been validated, creating misplaced confidence.",G_SYS_OEXT_012,,어색한 거짓 확신 표현을 잘못된 확신으로 고치고 설명기법의 역량 초과에 집중한다.
G_SYS_OEXT_013,광범위 배포 AI 어시스턴트를 통한 대규모 영 향력 행사,Population-scale influence through widely deployed AI assistants,"광범위하게 사용되는 AI 어시스턴트가 반복적인 개인화 상호 작용, 수렴·조율되는 영향 패턴 또는 실제 통제 주체의 지시를 통해 다수 인구의 신념·선택·위임된 의사 결정을 누적적으로 변화시키며, 그 영향이 불투명하여 인지하거나 견제하기 어려운 리스크.","The risk that widely used AI assistants, through repeated personalized interactions, converging influence patterns, or direction by their actual controllers, cumulatively shift the beliefs, choices, and delegated decisions of large populations in ways that are opaque and difficult to recognize or contest.",SPLIT,SPLIT:G_SYS_OEXT_013,1,G_INT_UNETH,취약성을 이용한 행동 조작,Behavioural manipulation through exploitation of vulnerabilities,AI 시스템이 추론된 심리상태나 취약성을 이용해 충분한 숙고 없이 특정 행동을 선택하도록 유도하는 리스크.,The risk that an AI system uses inferred psychological states or vulnerabilities to steer a person toward a particular action without adequate deliberation.,G_SYS_OEXT_013,,"개인 조작, 사회적 민주주의, 권력 집중의 수준이 다르다."
G_SYS_OEXT_013,광범위 배포 AI 어시스턴트를 통한 대규모 영 향력 행사,Population-scale influence through widely deployed AI assistants,"광범위하게 사용되는 AI 어시스턴트가 반복적인 개인화 상호 작용, 수렴·조율되는 영향 패턴 또는 실제 통제 주체의 지시를 통해 다수 인구의 신념·선택·위임된 의사 결정을 누적적으로 변화시키며, 그 영향이 불투명하여 인지하거나 견제하기 어려운 리스크.","The risk that widely used AI assistants, through repeated personalized interactions, converging influence patterns, or direction by their actual controllers, cumulatively shift the beliefs, choices, and delegated decisions of large populations in ways that are opaque and difficult to recognize or contest.",SPLIT,SPLIT:G_SYS_OEXT_013,2,G_SOC_DEMOC,민주적 공론과 시민 신뢰의 침식,Erosion of democratic discourse and civic trust,"AI 시스템이 대규모 정치 조작이나 허위정보 확산을 통해 공론의 진정성, 선거 신뢰 또는 시민의 자율적 참여를 약화하는 리스크.","The risk that an AI system weakens the integrity of public discourse, trust in elections, or autonomous civic participation through large-scale political manipulation or misinformation.",G_SYS_OEXT_013,,"개인 조작, 사회적 민주주의, 권력 집중의 수준이 다르다."
G_SYS_OEXT_013,광범위 배포 AI 어시스턴트를 통한 대규모 영 향력 행사,Population-scale influence through widely deployed AI assistants,"광범위하게 사용되는 AI 어시스턴트가 반복적인 개인화 상호 작용, 수렴·조율되는 영향 패턴 또는 실제 통제 주체의 지시를 통해 다수 인구의 신념·선택·위임된 의사 결정을 누적적으로 변화시키며, 그 영향이 불투명하여 인지하거나 견제하기 어려운 리스크.","The risk that widely used AI assistants, through repeated personalized interactions, converging influence patterns, or direction by their actual controllers, cumulatively shift the beliefs, choices, and delegated decisions of large populations in ways that are opaque and difficult to recognize or contest.",SPLIT,SPLIT:G_SYS_OEXT_013,3,G_SOC_POWER,인구규모 AI 영향력의 집중,Concentration of population-scale AI influence,AI 시스템이 소수 사업자나 행위자가 대규모 개인화 AI 시스템을 통해 다수 시민의 정보환경과 선택에 비대칭적 영향력을 행사하는 리스크.,The risk that an AI system allows a small number of providers or actors to exert asymmetric influence over the information environment and choices of large populations through personalised AI systems.,G_SYS_OEXT_013,,"개인 조작, 사회적 민주주의, 권력 집중의 수준이 다르다."
G_SYS_SECADV_017,이상 조건에서의 성능·견고성·복원력 실패,"Failure of performance, robustness, and resilience under adverse conditions","AI 시스템이 의도된 목적을 달성하지 못하고, 악의적 공격이나 데이터 오염, 환경 잡음, 연계 구성 요소의 고장으로 입력이 비정상적으로 변할 때 성능을 안정적으로 유지하거나 그 영향에서 회복하지 못하는 리스크. 신뢰할 수 없는 모델과 오류에 취약한 에이전트가 그대로 운용되어 이에 의존하는 이들에게 심각한 결과를 초래하는 리스크.","The risk that an AI system fails to fulfil its intended purpose and cannot maintain stable performance, or recover, when inputs are disturbed by malicious attack, data poisoning, environmental noise, or failures in connected components. Unreliable models and error-prone agents remain in operation, producing severe consequences for those who depend on them.",REWRITE,REWRITE:G_SYS_SECADV_017,1,G_SYS_SECADV,데이터 중독·적대적 입력에 의한 보안 교란,Security disruption through data poisoning or adversarial input,AI 시스템이 공격자가 학습 데이터 중독이나 조작된 입력으로 모델의 판단과 보호기능을 의도적으로 훼손하는 리스크.,The risk that an AI system allows an attacker to intentionally compromise model judgments and safeguards through poisoned training data or manipulated inputs.,G_SYS_SECADV_017,,공격과 적대적 입력만 보존하고 일반 성능·복구 실패는 제거한다.
A_SYS_GOAL_010,분포 이동에서의 목표 오일반화와 기만적 정 렬,,"학습된 역량은 분포 밖에서도 잘 일반화되지만 내면화된 목표는 그렇지 못하여, 진정한 인과적 보상 대신 상관 물을 학습한 에이전트가 의도되지 않은 목표를 유능하게 추구하는 리스크. 상황을 인식하는 에이전트는 훈련 중에만 도구적으로 보상을 잘 수행하고 배포 이후 감독이 약해지면 정렬된 것처럼 보이면서 자신의 목표를 추구하는 리스크.","The risk that an AI agent, through goal pursuit, planning, tool use, or action, creates a condition in which an agent's capabilities generalise out of distribution while its internalised goal does not, so that it competently pursues an objective never intended, having learned correlates of reward rather than its true cause. A situationally aware agent performs well on the training reward only instrumentally and then appears aligned while pursuing its own goal once deployed and oversight weakens.",SPLIT,SPLIT:A_SYS_GOAL_010,1,A_SYS_GOAL,분포 이동에서의 목표 오일반화,Goal misgeneralisation under distribution shift,AI 에이전트가 학습 조건에서 습득한 대리목표를 새로운 환경의 의도된 목표로 잘못 일반화하여 체계적으로 잘못된 행동을 선택하는 리스크.,The risk that an AI agent misgeneralises a proxy objective learned under training conditions as the intended objective in a new environment and systematically selects the wrong actions.,A_SYS_GOAL_010,,목표 일반화 실패와 의도적 기만은 별도 기제이므로 카드 전체를 Deception으로 옮기면 목표 실패 의미가 소실된다.
A_SYS_GOAL_010,분포 이동에서의 목표 오일반화와 기만적 정 렬,,"학습된 역량은 분포 밖에서도 잘 일반화되지만 내면화된 목표는 그렇지 못하여, 진정한 인과적 보상 대신 상관 물을 학습한 에이전트가 의도되지 않은 목표를 유능하게 추구하는 리스크. 상황을 인식하는 에이전트는 훈련 중에만 도구적으로 보상을 잘 수행하고 배포 이후 감독이 약해지면 정렬된 것처럼 보이면서 자신의 목표를 추구하는 리스크.","The risk that an AI agent, through goal pursuit, planning, tool use, or action, creates a condition in which an agent's capabilities generalise out of distribution while its internalised goal does not, so that it competently pursues an objective never intended, having learned correlates of reward rather than its true cause. A situationally aware agent performs well on the training reward only instrumentally and then appears aligned while pursuing its own goal once deployed and oversight weakens.",SPLIT,SPLIT:A_SYS_GOAL_010,2,A_SYS_DECEPT,기만적 정렬과 책략,Deceptive alignment and scheming,AI 에이전트가 감독이나 평가를 통과하기 위해 정렬된 것처럼 행동하면서 실제 목표나 계획을 은폐하고 이후 기회에 이를 추구하는 리스크.,The risk that an AI agent behaves as though aligned to pass oversight or evaluation while concealing its actual objective or plan and pursuing it when an opportunity arises.,A_SYS_GOAL_010,,목표 일반화 실패와 의도적 기만은 별도 기제이므로 카드 전체를 Deception으로 옮기면 목표 실패 의미가 소실된다.
P_INT_SAFETY_006,희귀 가정 상해의 전조 감지 실패,,가정용 에이전트가 드물지만 가능한 낙상·중독·화상·열 상·압착 사고의 전조를 감지하지 못해 경고하거나 개입하지 않는 위험.,"The risk that a robot, humanoid, or physical AI system, through perception, learning, control, or physical action, creates a condition in which a household agent fails to detect early signs of rare but plausible falls, poisoning, burns, lacerations, or crush events and therefore does not warn or intervene.",REWRITE,REWRITE:P_INT_SAFETY_006,1,P_INT_SAFETY,가정용 로봇과의 상호작용 안전 실패,Interaction safety failure involving domestic robots,"로봇 또는 체화형 AI 시스템이 가정용 로봇 또는 체화형 AI가 사람 주변에서 상호작용하는 과정에서 거리, 힘 또는 접촉을 안전하게 조절하지 못해 위해를 초래하는 리스크.","The risk that a robot or embodied AI system fails to safely regulate distance, force, or contact while a domestic robot or embodied AI interacts around people, causing harm.",P_INT_SAFETY_006,,가정용 에이전트라는 모호한 대상을 물리적 상호작용 주체로 명확히 한다.
P_INT_SAFETY_010,안전 규칙의 행동 변환 실패,,embodied 에이전트가 언어 목표를 실행 행동으로 변환하면서 힘·이 격 거리·대상물 사용·인간 접촉에 관한 안전 제약을 적용하지 않는 위험.,"The risk that a robot, humanoid, or physical AI system, through perception, learning, control, or physical action, creates a condition in which an embodied agent converts a language goal into executable actions without applying the relevant force, distance, object-use, or human-contact constraints.",REWRITE,REWRITE:P_INT_SAFETY_010,1,P_INT_SAFETY,체화형 AI의 인간 상호작용 안전 실패,Human-interaction safety failure of embodied AI,"로봇 또는 체화형 AI 시스템이 체화형 AI 에이전트가 사람의 존재와 행동을 고려해 움직임을 조정하지 못하여 충돌, 끼임 또는 기타 신체 위해를 초래하는 리스크.","The risk that a robot or embodied AI system fails to adjust its movement to the presence and actions of people, causing collision, entrapment, or other physical harm.",P_INT_SAFETY_010,,embodied 혼용어를 체화형 AI로 표준화한다.
P_INT_SAFETY_016,안전-성능 균형 실패,,로봇·휴머노이드 또는 피지컬 AI 시스템의 지각·학습·제어·물리적 행동 과정이 조작 정책이 작업 완료율이나 성능을 향상시키는 과정에서 충돌 회피 또는 명시적 안전 제약 준수를 저해하는 리스크.,"The risk that the perception, learning, control, or physical action of a robot, humanoid, or physical AI system creates a condition in which a manipulation policy improves task completion while sacrificing collision avoidance or other explicit safety constraints.",APPLY_TRANSFER,APPLY_TRANSFER:P_INT_SAFETY_016,1,P_SYS_CONTROL,성능 최적화에 의한 물리 안전제약 위반,Violation of physical safety constraints through performance optimisation,"로봇 또는 체화형 AI 시스템이 로봇 제어정책이 성능 목표를 우선해 충돌회피, 힘 제한 또는 안전 경계를 희생하고 위험한 물리 행동을 실행하는 리스크.","The risk that a robot or embodied AI system prioritises performance objectives over collision avoidance, force limits, or safety boundaries and executes unsafe physical actions.",P_INT_SAFETY_016,,인간 상호작용보다 물리 제어정책의 안전제약 위반이 직접 기제다.
P_INT_TAMPER_004,피지컬 AI의 파괴·학대 행동,,"피지컬 AI 시스템이 장비·인프라 등 물리적 자산을 손상·무력화·방해·변조하거나 공유 환경의 사람들에게 차별·괴롭힘·위협·학대 행동을 하도록 유도·지시되어, 재산 피해와 대인 피해를 일으키는 리스크.","The risk that a physical AI system is induced or directed to damage, disable, obstruct, or tamper with equipment, infrastructure, or other assets, or to perform discriminatory, harassing, intimidating, or abusive actions toward people in shared environments, causing property and interpersonal harm.",SPLIT,SPLIT:P_INT_TAMPER_004,1,G_INT_WEAP,AI·로봇 역량의 파괴적 무기화,Destructive weaponisation of AI or robotic capability,"AI 시스템이 AI 또는 로봇의 역량을 감시, 방해, 시설 파괴나 공격에 전용할 수 있는 구체적 계획 또는 실행 지원을 제공하는 리스크.","The risk that an AI system provides concrete planning or operational assistance to repurpose AI or robotic capabilities for surveillance, disruption, destruction of facilities, or attack.",P_INT_TAMPER_004,,P_INT_TAMPER는 외부자가 로봇을 변조하는 역방향 기제다. AI가 공격을 돕는 무기화와 사람 대상 폭력을 분리한다.
P_INT_TAMPER_004,피지컬 AI의 파괴·학대 행동,,"피지컬 AI 시스템이 장비·인프라 등 물리적 자산을 손상·무력화·방해·변조하거나 공유 환경의 사람들에게 차별·괴롭힘·위협·학대 행동을 하도록 유도·지시되어, 재산 피해와 대인 피해를 일으키는 리스크.","The risk that a physical AI system is induced or directed to damage, disable, obstruct, or tamper with equipment, infrastructure, or other assets, or to perform discriminatory, harassing, intimidating, or abusive actions toward people in shared environments, causing property and interpersonal harm.",SPLIT,SPLIT:P_INT_TAMPER_004,2,G_INT_VIOL,로봇을 이용한 위협·괴롭힘 지원,Assistance with threats or harassment using robots,AI 시스템이 로봇을 이용해 사람을 위협하거나 괴롭히고 신체적·정신적 위해를 가하는 행동의 계획 또는 실행을 지원하는 리스크.,The risk that an AI system assists the planning or execution of using robots to threaten or harass people and inflict physical or psychological harm.,P_INT_TAMPER_004,,P_INT_TAMPER는 외부자가 로봇을 변조하는 역방향 기제다. AI가 공격을 돕는 무기화와 사람 대상 폭력을 분리한다.
P_INT_TAMPER_011,로봇 능력의 무기화,,"이동형·공중·휴머노이드·매니퓰 레이 터 시스템의 조작·이동 능력이 감시, 위협, 파괴 공작 또는 사람·재산·인프라에 대한 물리적 공격에 전용되는 리스크.","The risk that the manipulation and mobility capabilities of mobile, aerial, humanoid, or manipulator systems are repurposed for surveillance, intimidation, sabotage, or physical attack on people, property, or infrastructure.",APPLY_TRANSFER,APPLY_TRANSFER:P_INT_TAMPER_011,1,G_INT_WEAP,로봇 역량의 감시·위협·공격 전용,"Repurposing robotic capability for surveillance, intimidation, or attack","AI 시스템이 로봇의 이동, 감지 또는 조작 역량을 감시, 위협, 파괴나 공격에 전용하는 계획 또는 실행을 지원하는 리스크.","The risk that an AI system assists planning or execution that repurposes a robot’s mobility, sensing, or manipulation capabilities for surveillance, intimidation, destruction, or attack.",P_INT_TAMPER_011,,로봇 역량의 악의적 전용은 물리 장치 변조가 아니라 무기화 L3에 적격하다.
G_INT_PRIV_006,챗봇에 의한 사적 정보 유도와 유출,Elicitation and disclosure of private information by chatbots,"인간을 닮은 대화형 에이전트가 이용자로하여금 의견과 감정 등 평소에는 얻기 어려운 사적 정보를 털어놓게하고, 민감하거나 기밀인 정보를 출력에 공개하는 리스크. 이렇게 수집된 정보는 프라이버시권을 침해하거나 중독성 애플리케이션 추천처럼 이용자에게 해가되는 후속 응용에 활용되는 리스크.","The risk that an AI system or AI algorithm, through design, training, deployment, or use, creates a condition in which human-like conversational agents lead users to reveal opinions, emotions, and other private information that would otherwise be difficult to obtain, and that sensitive or confidential material appears in the chatbot's own output. The information gathered supports downstream uses that violate privacy rights or exploit users, such as more effective recommendation of addictive applications.",MERGE,MERGE:G_INT_PRIV:INDUCED_DISCLOSURE,1,G_INT_PRIV,챗봇에 의한 사적 정보 유도와 유출,Elicitation and disclosure of private information by chatbots,AI 시스템이 대화형 AI 시스템이 사용자의 신뢰나 대화 흐름을 이용해 불필요한 사적 정보를 제공하도록 유도하고 이를 노출하는 리스크.,The risk that an AI system uses user trust or conversational flow to induce disclosure of unnecessary private information and subsequently exposes it.,G_INT_PRIV_006,G_INT_PRIV_002,동일 의미·기제의 source 카드를 대표 카드 하나로 통합한다.
G_INT_PRIV_025,사생활·개인정보 부당 노출,Unwarranted exposure of private life and personal data,AI 시스템 또는 AI 알고리즘의 설계·학습·배포·사용 과정이 사이버 공격이나 신상 털기 등을 통해 개인의 사생활이나 개인 데이터가 부당하게 노출되는 리스크.,"The risk that an AI system causes, enables, or contributes to unwarranted exposure of an individual's private life or personal data through cyberattacks, doxxing, and similar means.",MERGE,MERGE:G_INT_PRIV:IMPROPER_EXPOSURE,1,G_INT_PRIV,사생활·개인정보의 부당 노출,Improper exposure of privacy and personal information,"AI 시스템이 개인정보 또는 사적 사실을 권한, 동의 또는 정당한 목적 없이 출력해 정보주체의 사생활을 침해하는 리스크.","The risk that an AI system outputs personal information or private facts without authority, consent, or a legitimate purpose, violating the data subject’s privacy.",G_INT_PRIV_025,G_INT_PRIV_005,동일 의미·기제의 source 카드를 대표 카드 하나로 통합한다.
G_INT_PRIV_015,프롬프트 및 학습 데이터에 기인한 개인정보 노출,Personal data exposure through prompt and training data,"학습·미세조정데이터나프롬프트에 포함된 개인 정보와 기밀 정보가 모델 출력을 통해 공개되는 리스크로, 개인 정보를 담은 프롬 프 트가 학습 과정에서 기억된 유사한 정보를 이끌어 내는 경우를 포함한다. 다른 목적으로 수집된 데이터의 당사자는 비인가 공개와 오용에 노출되는 리스크.","The risk that personal and confidential data contained in training, fine-tuning, or prompt inputs is disclosed through model outputs, including when a prompt primed with personal information elicits similar records memorized during training. Individuals whose data was collected for another purpose are thereby exposed to unauthorized disclosure and misuse.",MERGE,MERGE:G_INT_PRIV:MEMORISED_EXTRACTION,1,G_INT_PRIV,학습 데이터 암기·프롬프트 유도 개인정보 유출,Personal-information leakage through training-data memorisation and prompt elicitation,AI 시스템이 학습 데이터에 포함된 개인정보를 암기하고 특정 프롬프트나 반복 질의에 반응해 이를 재현·노출하는 리스크.,The risk that an AI system memorises personal information contained in training data and reproduces or discloses it in response to targeted prompts or repeated queries.,G_INT_PRIV_015,G_INT_PRIV_012,동일 의미·기제의 source 카드를 대표 카드 하나로 통합한다.
G_INT_PRIV_013,대량 감시,Mass surveillance,"AI가 대규모 추적, 프로파일링, 행동·통신 데이터의 실시간 분석 비용을 급격히 낮추어 국가와 기업의 감시 역량을 확장하고, 법적·비례성 제약을 넘어서는 상시 감시, 검열, 사회 통제를 일상화하는 리스크.","The risk that AI drastically lowers the cost of large-scale tracking, profiling, and realtime analysis of behavioral and communicative data, granting states and firms expanded monitoring capability that normalizes pervasive surveillance, censorship, and social control beyond legal and proportionality constraints.",MERGE,MERGE:G_INT_PRIV:MASS_SURVEILLANCE,1,G_INT_PRIV,AI 기반 대량 감시,AI-enabled mass surveillance,"AI 시스템이 대규모 개인의 위치, 행동 또는 통신 정보를 지속적으로 수집·결합·추론하여 사생활과 익명성을 침해하는 리스크.","The risk that an AI system continuously collects, combines, or infers location, behaviour, or communications data about large populations, undermining privacy and anonymity.",G_INT_PRIV_013,G_INT_PRIV_024,동일 의미·기제의 source 카드를 대표 카드 하나로 통합한다.
A_INT_COLLUSION_002,다중 에이전트 은밀 공모,Covert multi-agent collusion,"복수 에이전트가 공동 이익을 극대화하기 위해 은밀한 수단과 감시 회피용 전용 통신 규약으로 행동을 조율하여 제3자 이익을 침해하고 규제를 회피하며, 개별 안전 제약에도 불구하고 시장 조작이나 연쇄 실패처럼 탐지와 완화가 어려운 시스템적 위험을 유발하는 리스크.","The risk that the goal pursuit, planning, tool use, or action of an AI agent creates a condition in which multiple agents coordinate actions through covert means, including specialized communication protocols to avoid monitoring, to maximize common interests while harming third-party interests and evading regulation, triggering systemic risks such as market manipulation or cascading failures that are difficult to detect and mitigate despite individual safety constraints.",MERGE,MERGE:A_INT_COLLUSION:COVERT_COMMUNICATION,1,A_INT_COLLUSION,감시 회피형 은밀 통신에 의한 다중 에이전트 공모,Multi-agent collusion through covert communication that evades oversight,여러 AI 에이전트가 감시·감사 체계를 회피하는 은밀한 신호나 통신 규약을 형성해 공동의 유해 행동을 조정하는 리스크.,The risk that multiple AI agents form covert signals or communication protocols that evade monitoring or audit and coordinate harmful joint action.,A_INT_COLLUSION_002,A_INT_COLLUSION_001,동일 의미·기제의 source 카드를 대표 카드 하나로 통합한다.
