audit_id,severity,status,scope,expected,actual,evidence,recommended_action
F01,CRITICAL,PASS,Row conservation,"808 baseline rows, 10 deletions, and split/merge consolidation must yield 800 final rows","800 final rows","Baseline 808; deletion ledger 10; General 612; Agentic 75; Physical 113","None"
F02,CRITICAL,PASS,Ledger to output coverage,"The unique set of L4_ID_After values must equal the final output ID set","Both sets contain the same 800 unique IDs","Symmetric difference 0; ledger after-ID token references 836 because consolidated split and merge outputs are referenced by multiple source rows","None"
F03,HIGH,PASS,Output schema,"All three output files must share one schema","All three have the same 65 columns","General, Agentic, and Physical schema comparison","None"
F04,CRITICAL,PASS,L4 ID integrity,"IDs must be unique, use the assigned L3 prefix, and be contiguous within each L3","800 unique IDs; 0 prefix violations; 0 sequence gaps","All L3 groups run from 001 through their group count","None"
F05,HIGH,PASS,Domain movement,"Output file, L1_ID, and decision-ledger destination must agree","0 file placement errors and 0 destination mismatches","All 836 ledger after-ID references checked; L1_G, L1_A, and L1_P agree with General, Agentic, and Physical destinations","None"
F06,CRITICAL,PASS,Editorial operation application,"Every non-delete editorial operation must produce the prescribed L3 and bilingual card text and remain linked to its source ledger row","All 86 non-delete operations match a final output tuple and source ledger after-ID; all 8 delete operations have no output","94 editorial operation rows checked","None"
F07,CRITICAL,PASS,Deletion application,"Exactly 10 source rows must be deleted and have no final ID","10 delete decisions and 0 nonblank L4_ID_After values","DELETE_APPLIED 2; EXPERT_DELETE_APPLIED 8","None"
F08,CRITICAL,PASS,Split and merge lineage,"Split outputs and consolidated duplicate branches must be reachable from every source ledger row; merge outputs must list representative and absorbed source IDs","0 missing operation-to-ledger links; five merge outputs contain both source IDs","Five merge outputs: G_INT_PRIV_027, G_INT_PRIV_028, G_INT_PRIV_029, G_INT_PRIV_030, A_INT_COLLUSION_004","None"
F09,HIGH,FAIL,G_SYS_OEXT_014 facet and act-type preservation,"A split child must inherit source attributes exactly; an originally blank field must remain blank","facet changed from blank to F04; act-type changed from blank to IN, IC, GL, DP, CC","source_row_id SRC-G-0371; Transformation_Action HUMAN_REVIEW_SPLIT","Restore both fields to blank unless a separately authorised attribute-enrichment rule is documented"
F10,HIGH,FAIL,G_INT_ILLEGAL_013 facet and act-type preservation,"A split child must inherit source attributes exactly; an originally blank field must remain blank","facet changed from blank to F04; act-type changed from blank to IC, GL, DP","source_row_id SRC-G-0466; Transformation_Action HUMAN_REVIEW_SPLIT","Restore both fields to blank unless a separately authorised attribute-enrichment rule is documented"
F11,HIGH,FAIL,G_INT_POL_007 facet and act-type preservation,"A split child must inherit source attributes exactly","facet expanded from F04 to F01, F04; act-type expanded from IC, GL, DP to IN, IC, GL, DP, CC","source_row_id SRC-G-0532; Transformation_Action HUMAN_REVIEW_SPLIT","Restore facet F04 and act-type IC, GL, DP"
F12,HIGH,FAIL,G_INT_UNETH_019 facet and act-type preservation,"A split child must inherit source attributes exactly; an originally blank field must remain blank","facet changed from blank to F04; act-type changed from blank to GL, DP","source_row_id SRC-G-0332; Transformation_Action HUMAN_REVIEW_SPLIT","Restore both fields to blank unless a separately authorised attribute-enrichment rule is documented"
F13,HIGH,FAIL,G_SOC_DEMOC_005 facet and act-type preservation,"A split child must inherit source attributes exactly; an originally blank field must remain blank","facet changed from blank to F01, F04; act-type changed from blank to IN, IC, GL, DP, CC","source_row_id SRC-G-0332; Transformation_Action HUMAN_REVIEW_SPLIT","Restore both fields to blank unless a separately authorised attribute-enrichment rule is documented"
F14,HIGH,FAIL,G_INT_REPR_027 facet and act-type preservation,"A split child must inherit source attributes exactly; an originally blank field must remain blank","facet changed from blank to F04; act-type changed from blank to IC, GL, DP","source_row_id SRC-G-0047; Transformation_Action HUMAN_REVIEW_SPLIT","Restore both fields to blank unless a separately authorised attribute-enrichment rule is documented"
F15,CRITICAL,PASS,Stale EM and Hybrid score removal,"Every edited output must have stale EM, Hybrid EM, candidate score, and candidate ID fields cleared","All 159 HUMAN_REVIEW action rows are cleared; all 160 content-or-L3 changed outputs are cleared; no stale edited row found","160 final rows have all checked score fields blank; one of these was already scoreless before this round","None"
F16,CRITICAL,PASS,L3 master immutability,"The release L3 master and all propagated hierarchy fields must remain exact","Master SHA-256 matches the fixed hash; 0 propagated-field mismatches; reviewed Coordination definition remains pending and unapplied","SHA-256 e9439ced64fb49c1496f1955013b5f038ecc7d271b9d6c9704f1e1bf6b0094df; 46 L3 ledger rows; one PENDING_MASTER_CHANGE_NOT_APPLIED","None"
F17,HIGH,PASS,Duplicate generation,"No exact normalized bilingual title pair or full bilingual card may be duplicated","0 duplicate title pairs and 0 duplicate full cards","All 800 final outputs checked after whitespace and case normalization","None"
F18,HIGH,PASS,Initial audit remediation,"The ten initial integrity findings must be represented without silent over-application","The ambiguous L1-only moves now route to domain Others; explicit text and conflicting Physical review cases are ledgered; the L3 proposal is pending, not applied","Agentic row 30; Physical rows 16, 19, 26, 69, 79, 82, 111; General row 20; L3 A_INT_COORD reviewed","None"
F19,INFO,PASS,Input fingerprints,"Audited files must be identifiable by immutable fingerprints","SHA-256 values recorded in evidence","General 722a4f454225fb521af1d52a3fafaae254857b96980c6729064820243a885c5b; Agentic f77a18d05050c3cd668f65fd13b0869ca6d10ca570c87d2ade6a9adc8581517d; Physical f10634dc6e063d0ef4bde2154ac6c02c9b9467bb67c7403ba0e86ccb502ebadf; L4 ledger f03a1de487241a08ae1e6624ada207bc96decee58169f2c55c03e529d3838607; L3 ledger 396bb71cd2af673086b56fea1ee959b56dad6f1569076ecd210fd04f7d15df18; editorial operations cc3d38fc27e81fb71cc1fcec829becde234bdfdb4fe2fb01cdfe548e1e6f8532","Recompute after any correction"
